387716 1 23986.0 1.2024e-05 4.255e-05
387716 2 25003.0 1.2836e-05 4.2632e-05
387716 3 24995.0 1.2825e-05 4.262e-05
387716 4 24961.0 1.2806e-05 4.256e-05
387716 5 24934.0 1.2888e-05 4.2554e-05
387716 6 24980.0 1.2902e-05 4.2601e-05
387716 7 24964.0 1.2838e-05 4.2576e-05
387716 8 24946.0 1.2989e-05 4.2567e-05
387716 9 24954.0 1.2958e-05 4.2561e-05
387716 10 24954.0 1.3039e-05 4.2567e-05
387716 11 24945.0 1.2907e-05 4.2542e-05
387716 12 24932.0 1.29e-05 4.2516e-05
387716 13 24556.0 1.2658e-05 4.2479e-05
387716 14 24907.0 1.3062e-05 4.2491e-05
387716 15 24873.0 1.2887e-05 4.2412e-05
387716 16 24852.0 1.3137e-05 4.2404e-05
387716 17 24874.0 1.3035e-05 4.243e-05
387716 18 24862.0 1.2952e-05 4.2403e-05
387716 19 24828.0 1.2821e-05 4.2338e-05
387716 20 24829.0 1.3009e-05 4.2353e-05
387716 21 24830.0 1.297e-05 4.2379e-05
387716 22 24831.0 1.2853e-05 4.2344e-05
387716 23 24819.0 1.3019e-05 4.2341e-05
387716 24 4563.6 3.8136e-06 4.1655e-05
387716 25 7610.4 4.0158e-06 4.168e-05
387716 26 24791.0 1.2828e-05 4.2277e-05
387716 27 24425.0 1.2774e-05 4.2248e-05
387716 28 24772.0 1.3081e-05 4.2261e-05
387716 29 24754.0 1.3104e-05 4.2247e-05
387716 30 24720.0 1.2971e-05 4.2164e-05
387716 31 24713.0 1.301e-05 4.2158e-05
387716 32 24727.0 1.3074e-05 4.2181e-05
387716 33 24691.0 1.3061e-05 4.2146e-05
387716 34 24674.0 1.2999e-05 4.2094e-05
387716 35 24684.0 1.3129e-05 4.2114e-05
387716 36 24694.0 1.2959e-05 4.2117e-05
387716 37 24680.0 1.3219e-05 4.2117e-05
387716 38 24653.0 1.3078e-05 4.2083e-05
387716 39 24652.0 1.317e-05 4.2098e-05
387716 40 24304.0 1.2644e-05 4.2045e-05
387716 41 24648.0 1.3187e-05 4.2057e-05
387716 42 24633.0 1.2975e-05 4.2017e-05
387716 43 24620.0 1.2866e-05 4.1989e-05
387716 44 24585.0 1.3154e-05 4.1982e-05
387716 45 24566.0 1.3079e-05 4.1916e-05
387716 46 24549.0 1.294e-05 4.1912e-05
387716 47 24563.0 1.2979e-05 4.1923e-05
387716 48 24548.0 1.3237e-05 4.1906e-05
387716 49 24530.0 1.2982e-05 4.1848e-05
387716 50 24513.0 1.3221e-05 4.1894e-05
387716 51 24551.0 1.3055e-05 4.1886e-05
387716 52 24534.0 1.3054e-05 4.186e-05
387716 53 24148.0 1.2809e-05 4.1825e-05
387716 54 24522.0 1.3124e-05 4.1843e-05
387716 55 24508.0 1.3127e-05 4.1819e-05
387716 56 24486.0 1.2943e-05 4.1768e-05
387716 57 24478.0 1.3209e-05 4.1777e-05
387716 58 24461.0 1.3253e-05 4.176e-05
387716 59 24439.0 1.311e-05 4.1702e-05
387716 60 24407.0 1.3079e-05 4.1657e-05
387716 61 24422.0 1.3149e-05 4.1674e-05
387716 62 24421.0 1.3102e-05 4.1671e-05
387716 63 24387.0 1.3117e-05 4.1615e-05
387716 64 24363.0 1.3224e-05 4.1597e-05
387716 65 24401.0 1.3141e-05 4.1641e-05
387716 66 24030.0 1.2914e-05 4.1608e-05
387716 67 24377.0 1.3161e-05 4.1607e-05
387716 68 24376.0 1.3071e-05 4.159e-05
387716 69 24372.0 1.3086e-05 4.159e-05
387716 70 24313.0 1.3189e-05 4.1572e-05
387716 71 24341.0 1.3038e-05 4.1531e-05
387716 72 24325.0 1.3118e-05 4.1524e-05
387716 73 24321.0 1.3115e-05 4.1504e-05
387716 74 24285.0 1.3263e-05 4.1458e-05
387716 75 24304.0 1.3177e-05 4.1477e-05
387716 76 24223.0 1.325e-05 4.1345e-05
387716 77 24199.0 1.3092e-05 4.1297e-05
387716 78 24257.0 1.3065e-05 4.1398e-05
387716 79 23906.0 1.2845e-05 4.1379e-05
387716 80 24210.0 1.3195e-05 4.1344e-05
387716 81 24221.0 1.3121e-05 4.1337e-05
387716 82 24241.0 1.3118e-05 4.1375e-05
387716 83 24228.0 1.3133e-05 4.1352e-05
387716 84 24222.0 1.3265e-05 4.1343e-05
387716 85 24213.0 1.3153e-05 4.1326e-05
387716 86 24210.0 1.3303e-05 4.1331e-05
387716 87 24194.0 1.3286e-05 4.1299e-05
387716 88 24198.0 1.3208e-05 4.1317e-05
387716 89 24148.0 1.3218e-05 4.1213e-05
387716 90 24125.0 1.303e-05 4.1165e-05
387716 91 24143.0 1.3248e-05 4.1223e-05
387716 92 23756.0 1.2871e-05 4.1176e-05
387716 93 24099.0 1.3233e-05 4.1143e-05
387716 94 24096.0 1.309e-05 4.112e-05
387716 95 24060.0 1.3243e-05 4.1136e-05
387716 96 24071.0 1.324e-05 4.1098e-05
387716 97 24045.0 1.3152e-05 4.1038e-05
387716 98 24060.0 1.3235e-05 4.1082e-05
387716 99 24070.0 1.3246e-05 4.1092e-05
387716 100 24061.0 1.3246e-05 4.1074e-05
387716 101 24049.0 1.3189e-05 4.1054e-05
387716 102 24051.0 1.3317e-05 4.1062e-05
387716 103 24054.0 1.331e-05 4.1069e-05
387716 104 24035.0 1.3134e-05 4.1021e-05
387716 105 23705.0 1.2946e-05 4.1035e-05
387716 106 23972.0 1.3399e-05 4.0958e-05
387716 107 23980.0 1.3207e-05 4.0935e-05
387716 108 23984.0 1.3289e-05 4.0941e-05
387716 109 23951.0 1.3275e-05 4.0893e-05
387716 110 23928.0 1.328e-05 4.0851e-05
387716 111 23950.0 1.3397e-05 4.0898e-05
387716 112 23957.0 1.3282e-05 4.0902e-05
387716 113 23943.0 1.3306e-05 4.0878e-05
387716 114 23934.0 1.3411e-05 4.0875e-05
387716 115 23937.0 1.3434e-05 4.0875e-05
387716 116 23928.0 1.3229e-05 4.0851e-05
387716 117 23911.0 1.3259e-05 4.0824e-05
387716 118 23546.0 1.2953e-05 4.079e-05
387716 119 20299.0 1.0003e-05 4.0538e-05
387716 120 23867.0 1.3404e-05 4.0754e-05
387716 121 23834.0 1.34e-05 4.0703e-05
387716 122 20642.0 1.0203e-05 4.0477e-05
387716 123 23842.0 1.3133e-05 4.0695e-05
387716 124 23806.0 1.3297e-05 4.0651e-05
387716 125 23779.0 1.3188e-05 4.0608e-05
387716 126 23812.0 1.3362e-05 4.0679e-05
387716 127 23805.0 1.3228e-05 4.0654e-05
387716 128 23796.0 1.3274e-05 4.0628e-05
387716 129 23784.0 1.3377e-05 4.0629e-05
387716 130 23802.0 1.3483e-05 4.065e-05
387716 131 23439.0 1.2997e-05 4.0588e-05
387716 132 23754.0 1.3269e-05 4.0591e-05
387716 133 23760.0 1.3351e-05 4.058e-05
387716 134 23747.0 1.3407e-05 4.0559e-05
387716 135 23706.0 1.3448e-05 4.0509e-05
387716 136 23701.0 1.3375e-05 4.0474e-05
387716 137 23707.0 1.3337e-05 4.0486e-05
387716 138 23695.0 1.3422e-05 4.0472e-05
387716 139 23655.0 1.3402e-05 4.0403e-05
387716 140 23651.0 1.3214e-05 4.0379e-05
387716 141 23682.0 1.347e-05 4.0452e-05
387716 142 23662.0 1.3271e-05 4.0424e-05
387716 143 23658.0 1.3363e-05 4.0405e-05
387716 144 23315.0 1.3056e-05 4.0374e-05
387716 145 23655.0 1.3467e-05 4.0411e-05
387716 146 23643.0 1.336e-05 4.038e-05
387716 147 23632.0 1.3519e-05 4.0372e-05
387716 148 23616.0 1.3385e-05 4.0338e-05
387716 149 23601.0 1.3486e-05 4.0319e-05
387716 150 23565.0 1.3329e-05 4.0249e-05
387716 151 23562.0 1.3433e-05 4.0246e-05
387716 152 23556.0 1.3443e-05 4.0254e-05
387716 153 23547.0 1.3483e-05 4.0237e-05
387716 154 23517.0 1.3396e-05 4.0171e-05
387716 155 23522.0 1.3499e-05 4.0192e-05
387716 156 23540.0 1.3239e-05 4.02e-05
387716 157 23194.0 1.3052e-05 4.0166e-05
387716 158 23519.0 1.3384e-05 4.017e-05
387716 159 23520.0 1.3406e-05 4.0175e-05
387716 160 23506.0 1.3477e-05 4.0181e-05
387716 161 23505.0 1.3336e-05 4.0141e-05
387716 162 23494.0 1.3487e-05 4.0136e-05
387716 163 23478.0 1.3301e-05 4.0101e-05
387716 164 23466.0 1.3583e-05 4.0094e-05
387716 165 23427.0 1.3361e-05 4.0017e-05
387716 166 23413.0 1.3468e-05 4.0016e-05
387716 167 23425.0 1.343e-05 4.0013e-05
387716 168 23394.0 1.3557e-05 3.9979e-05
387716 169 23039.0 1.3064e-05 3.9902e-05
387716 170 23386.0 1.3507e-05 3.9963e-05
387716 171 23400.0 1.3489e-05 3.9979e-05
387716 172 23385.0 1.3231e-05 3.9935e-05
387716 173 23368.0 1.3372e-05 3.9928e-05
387716 174 23338.0 1.3333e-05 3.9938e-05
387716 175 23371.0 1.3615e-05 3.9942e-05
387716 176 23349.0 1.346e-05 3.9911e-05
387716 177 23352.0 1.3554e-05 3.9904e-05
387716 178 7106.1 3.8757e-06 3.9172e-05
387716 179 925.21 3.6377e-06 3.9104e-05
387716 180 23203.0 1.3194e-05 3.9779e-05
387716 181 23293.0 1.3381e-05 3.9793e-05
387716 182 23290.0 1.3437e-05 3.9788e-05
387716 183 23247.0 1.3497e-05 3.9741e-05
387716 184 22906.0 1.3113e-05 3.9681e-05
387716 185 23262.0 1.3336e-05 3.9738e-05
387716 186 23260.0 1.3442e-05 3.9743e-05
387716 187 23250.0 1.3543e-05 3.9728e-05
387716 188 23240.0 1.3459e-05 3.971e-05
387716 189 23252.0 1.3622e-05 3.9738e-05
387716 190 23241.0 1.3488e-05 3.9711e-05
387716 191 23261.0 1.3632e-05 3.9756e-05
387716 192 23208.0 1.358e-05 3.9663e-05
387716 193 23176.0 1.3387e-05 3.9614e-05
387716 194 23184.0 1.3502e-05 3.962e-05
387716 195 23178.0 1.3603e-05 3.9612e-05
387716 196 22810.0 1.3221e-05 3.9529e-05
387716 197 23130.0 1.3508e-05 3.9528e-05
387716 198 23155.0 1.3511e-05 3.9573e-05
387716 199 23143.0 1.349e-05 3.9551e-05
387716 200 23123.0 1.3522e-05 3.9515e-05
387716 201 23115.0 1.3512e-05 3.9511e-05
387716 202 23130.0 1.3685e-05 3.9538e-05
387716 203 23118.0 1.3689e-05 3.9519e-05
387716 204 23103.0 1.3514e-05 3.9486e-05
387716 205 23096.0 1.3667e-05 3.9485e-05
387716 206 23089.0 1.3438e-05 3.9458e-05
387716 207 23066.0 1.3476e-05 3.9417e-05
387716 208 23054.0 1.3527e-05 3.9395e-05
387716 209 22702.0 1.3258e-05 3.9381e-05
387716 210 23045.0 1.361e-05 3.9392e-05
387716 211 23003.0 1.3596e-05 3.9324e-05
387716 212 23007.0 1.3458e-05 3.9317e-05
387716 213 22996.0 1.3567e-05 3.9345e-05
387716 214 23003.0 1.3534e-05 3.9321e-05
387716 215 22985.0 1.3592e-05 3.929e-05
387716 216 22994.0 1.358e-05 3.9302e-05
387716 217 22997.0 1.3616e-05 3.9314e-05
387716 218 22982.0 1.3662e-05 3.9294e-05
387716 219 22971.0 1.3546e-05 3.9268e-05
387716 220 22962.0 1.3555e-05 3.925e-05
387716 221 22954.0 1.366e-05 3.9244e-05
387716 222 22596.0 1.3381e-05 3.9173e-05
387716 223 22919.0 1.3716e-05 3.9183e-05
387716 224 22908.0 1.3644e-05 3.9171e-05
387716 225 22889.0 1.3711e-05 3.9142e-05
387716 226 22770.0 1.3583e-05 3.9082e-05
387716 227 22756.0 1.3584e-05 3.9094e-05
387716 228 22791.0 1.3666e-05 3.9118e-05
387716 229 22771.0 1.3629e-05 3.9086e-05
387716 230 22748.0 1.3678e-05 3.9069e-05
387716 231 22770.0 1.3619e-05 3.9086e-05
387716 232 22765.0 1.3629e-05 3.9078e-05
387716 233 22742.0 1.3637e-05 3.9057e-05
387716 234 22744.0 1.3587e-05 3.9035e-05
387716 235 22409.0 1.3354e-05 3.9007e-05
387716 236 22721.0 1.3452e-05 3.8992e-05
387716 237 22686.0 1.3595e-05 3.8956e-05
387716 238 22694.0 1.3739e-05 3.8962e-05
387716 239 22687.0 1.3701e-05 3.8959e-05
387716 240 22662.0 1.3574e-05 3.8908e-05
387716 241 22649.0 1.3589e-05 3.8875e-05
387716 242 22650.0 1.3764e-05 3.8912e-05
387716 243 22654.0 1.363e-05 3.8895e-05
387716 244 22635.0 1.3635e-05 3.8856e-05
387716 245 22626.0 1.3751e-05 3.8862e-05
387716 246 22643.0 1.3675e-05 3.8873e-05
387716 247 22636.0 1.3511e-05 3.8848e-05
387716 248 22294.0 1.3326e-05 3.8809e-05
387716 249 22612.0 1.362e-05 3.8819e-05
387716 250 22593.0 1.3735e-05 3.8815e-05
387716 251 22579.0 1.3841e-05 3.8789e-05
387716 252 22564.0 1.3666e-05 3.8735e-05
387716 253 22560.0 1.3686e-05 3.8747e-05
387716 254 22560.0 1.3677e-05 3.8731e-05
387716 255 22511.0 1.3757e-05 3.8688e-05
387716 256 22504.0 1.3747e-05 3.8662e-05
387716 257 22528.0 1.37e-05 3.8699e-05
387716 258 22516.0 1.364e-05 3.8674e-05
387716 259 22498.0 1.365e-05 3.8641e-05
387716 260 22495.0 1.367e-05 3.8642e-05
387716 261 22189.0 1.3352e-05 3.8629e-05
387716 262 22496.0 1.3683e-05 3.8637e-05
387716 263 22485.0 1.3763e-05 3.863e-05
387716 264 22480.0 1.381e-05 3.8616e-05
387716 265 22468.0 1.3779e-05 3.8595e-05
387716 266 22438.0 1.3772e-05 3.8552e-05
387716 267 22425.0 1.3705e-05 3.8521e-05
387716 268 13285.0 6.4945e-06 3.7992e-05
387716 269 0.0 0.0 0.0
387716 270 21676.0 1.322e-05 3.8407e-05
387716 271 22374.0 1.374e-05 3.8445e-05
387716 272 22398.0 1.3696e-05 3.8475e-05
387716 273 22387.0 1.3827e-05 3.8461e-05
387716 274 22371.0 1.3807e-05 3.8432e-05
387716 275 22054.0 1.3496e-05 3.8407e-05
387716 276 22369.0 1.3837e-05 3.8447e-05
387716 277 22363.0 1.3822e-05 3.842e-05
387716 278 22350.0 1.369e-05 3.8394e-05
387716 279 22345.0 1.3809e-05 3.8386e-05
387716 280 22332.0 1.3732e-05 3.8368e-05
387716 281 22336.0 1.3768e-05 3.8376e-05
387716 282 22292.0 1.381e-05 3.8303e-05
387716 283 22243.0 1.3817e-05 3.8231e-05
387716 284 22259.0 1.3617e-05 3.8237e-05
387716 285 22283.0 1.3771e-05 3.8281e-05
387716 286 22256.0 1.3653e-05 3.8236e-05
387716 287 22241.0 1.3688e-05 3.8202e-05
387716 288 21914.0 1.3408e-05 3.8198e-05
387716 289 22243.0 1.3659e-05 3.8219e-05
387716 290 22223.0 1.3776e-05 3.8195e-05
387716 291 22218.0 1.3602e-05 3.8166e-05
387716 292 22237.0 1.371e-05 3.8197e-05
387716 293 22229.0 1.3644e-05 3.818e-05
387716 294 22215.0 1.3743e-05 3.8169e-05
387716 295 22206.0 1.3864e-05 3.8159e-05
387716 296 22194.0 1.3825e-05 3.8138e-05
387716 297 22179.0 1.3868e-05 3.8118e-05
387716 298 22156.0 1.3807e-05 3.8076e-05
387716 299 22159.0 1.3777e-05 3.8071e-05
387716 300 22154.0 1.3844e-05 3.807e-05
387716 301 21817.0 1.3292e-05 3.798e-05
387716 302 22113.0 1.3865e-05 3.7999e-05
387716 303 22102.0 1.3691e-05 3.8014e-05
387716 304 22123.0 1.3674e-05 3.8006e-05
387716 305 22105.0 1.3839e-05 3.7983e-05
387716 306 22100.0 1.383e-05 3.7972e-05
387716 307 1279.2 3.5149e-06 3.7207e-05
387716 308 0.0 0.0 0.0
387716 309 21047.0 1.2961e-05 3.7869e-05
387716 310 22058.0 1.395e-05 3.7916e-05
387716 311 22033.0 1.3928e-05 3.7872e-05
387716 312 22045.0 1.3927e-05 3.7902e-05
387716 313 22054.0 1.3783e-05 3.7899e-05
387716 314 22029.0 1.3838e-05 3.7862e-05
387716 315 21707.0 1.3408e-05 3.7814e-05
387716 316 22015.0 1.3923e-05 3.7859e-05
387716 317 22012.0 1.3895e-05 3.7833e-05
387716 318 21988.0 1.3852e-05 3.7785e-05
387716 319 21962.0 1.3851e-05 3.7783e-05
387716 320 21994.0 1.3828e-05 3.7798e-05
387716 321 21970.0 1.3626e-05 3.7751e-05
387716 322 21944.0 1.3711e-05 3.7724e-05
387716 323 21960.0 1.3855e-05 3.7745e-05
387716 324 21954.0 1.4126e-05 3.7769e-05
387716 325 21949.0 1.383e-05 3.7722e-05
387716 326 21925.0 1.3861e-05 3.7709e-05
387716 327 21935.0 1.3954e-05 3.7706e-05
387716 328 21609.0 1.3621e-05 3.7663e-05
387716 329 21898.0 1.3826e-05 3.7636e-05
387716 330 21892.0 1.3977e-05 3.7636e-05
387716 331 21890.0 1.3812e-05 3.7616e-05
387716 332 21869.0 1.3807e-05 3.7588e-05
387716 333 21833.0 1.3852e-05 3.7546e-05
387716 334 21851.0 1.3894e-05 3.7556e-05
387716 335 21850.0 1.3955e-05 3.7566e-05
387716 336 21838.0 1.3971e-05 3.7538e-05
387716 337 21815.0 1.3883e-05 3.7513e-05
387716 338 21828.0 1.4027e-05 3.7548e-05
387716 339 21837.0 1.3861e-05 3.7529e-05
387716 340 21812.0 1.3981e-05 3.751e-05
387716 341 21500.0 1.3682e-05 3.7478e-05
387716 342 21808.0 1.3844e-05 3.7484e-05
387716 343 21785.0 1.4098e-05 3.7485e-05
387716 344 21769.0 1.4076e-05 3.7451e-05
387716 345 21771.0 1.3705e-05 3.7411e-05
387716 346 21775.0 1.3957e-05 3.7429e-05
387716 347 21750.0 1.4187e-05 3.7421e-05
387716 348 21732.0 1.3819e-05 3.7359e-05
387716 349 21733.0 1.4122e-05 3.7393e-05
387716 350 21733.0 1.3873e-05 3.7364e-05
387716 351 21714.0 1.3886e-05 3.7331e-05
387716 352 21697.0 1.4075e-05 3.7327e-05
387716 353 21707.0 1.4052e-05 3.7354e-05
387716 354 21373.0 1.3538e-05 3.7295e-05
387716 355 21698.0 1.3909e-05 3.7298e-05
387716 356 21687.0 1.4117e-05 3.7315e-05
387716 357 21679.0 1.3965e-05 3.7289e-05
387716 358 13189.0 6.7351e-06 3.672e-05
387716 359 0.0 0.0 0.0
387716 360 15502.0 8.5103e-06 3.6811e-05
387716 361 21633.0 1.4098e-05 3.7227e-05
387716 362 21607.0 1.4057e-05 3.7175e-05
387716 363 21593.0 1.4103e-05 3.7153e-05
387716 364 21609.0 1.4068e-05 3.7177e-05
387716 365 21603.0 1.399e-05 3.7159e-05
387716 366 21573.0 1.4116e-05 3.7137e-05
387716 367 21567.0 1.4088e-05 3.7127e-05
387716 368 21256.0 1.3822e-05 3.7127e-05
387716 369 21537.0 1.4177e-05 3.7136e-05
387716 370 21564.0 1.3919e-05 3.7086e-05
387716 371 21553.0 1.3924e-05 3.7076e-05
387716 372 21556.0 1.3958e-05 3.7076e-05
387716 373 21525.0 1.4154e-05 3.7055e-05
387716 374 21500.0 1.4021e-05 3.7024e-05
387716 375 21513.0 1.4094e-05 3.7034e-05
387716 376 21513.0 1.4032e-05 3.7016e-05
387716 377 21476.0 1.4025e-05 3.6961e-05
387716 378 21482.0 1.4028e-05 3.6955e-05
387716 379 21478.0 1.409e-05 3.6975e-05
387716 380 21468.0 1.4123e-05 3.6958e-05
387716 381 21140.0 1.3807e-05 3.6896e-05
387716 382 21452.0 1.4059e-05 3.6925e-05
387716 383 21454.0 1.4092e-05 3.6931e-05
387716 384 21436.0 1.4011e-05 3.69e-05
387716 385 21418.0 1.4154e-05 3.6892e-05
387716 386 21421.0 1.4154e-05 3.6897e-05
387716 387 21420.0 1.4153e-05 3.688e-05
387716 388 21409.0 1.3996e-05 3.6834e-05
387716 389 21391.0 1.4038e-05 3.6824e-05
387716 390 21382.0 1.4151e-05 3.6843e-05
387716 391 21368.0 1.4166e-05 3.6822e-05
387716 392 21312.0 1.4129e-05 3.6777e-05
387716 393 21350.0 1.4099e-05 3.6766e-05
387716 394 21056.0 1.3868e-05 3.6745e-05
387716 395 21331.0 1.4104e-05 3.6739e-05
387716 396 21301.0 1.4035e-05 3.67e-05
387716 397 21312.0 1.4131e-05 3.673e-05
387716 398 21315.0 1.4182e-05 3.6735e-05
387716 399 21297.0 1.4217e-05 3.6723e-05
387716 400 21286.0 1.4169e-05 3.6703e-05
387716 401 21293.0 1.4053e-05 3.6685e-05
387716 402 21274.0 1.424e-05 3.6688e-05
387716 403 21256.0 1.419e-05 3.6646e-05
387716 404 21249.0 1.4232e-05 3.6639e-05
387716 405 21239.0 1.4152e-05 3.6615e-05
387716 406 13176.0 7.0488e-06 3.6032e-05
387716 407 5275.0 3.5449e-06 3.5735e-05
387716 408 20915.0 1.3901e-05 3.6535e-05
387716 409 21204.0 1.4227e-05 3.6565e-05
387716 410 4279.0 3.4497e-06 3.5698e-05
387716 411 21175.0 1.423e-05 3.6511e-05
387716 412 21190.0 1.4137e-05 3.6536e-05
387716 413 21181.0 1.4261e-05 3.6542e-05
387716 414 21173.0 1.4229e-05 3.6522e-05
387716 415 21163.0 1.4283e-05 3.6513e-05
387716 416 21152.0 1.4077e-05 3.6483e-05
387716 417 21150.0 1.4129e-05 3.6467e-05
387716 418 21131.0 1.4078e-05 3.6426e-05
387716 419 21119.0 1.4132e-05 3.6424e-05
387716 420 21131.0 1.3895e-05 3.6388e-05
387716 421 20816.0 1.3801e-05 3.6339e-05
387716 422 21072.0 1.4139e-05 3.6347e-05
387716 423 21090.0 1.4138e-05 3.6369e-05
387716 424 21076.0 1.4301e-05 3.6379e-05
387716 425 21051.0 1.4229e-05 3.6334e-05
387716 426 21034.0 1.4365e-05 3.6342e-05
387716 427 21069.0 1.4127e-05 3.6342e-05
387716 428 21061.0 1.4025e-05 3.6318e-05
387716 429 21041.0 1.427e-05 3.6323e-05
387716 430 21049.0 1.3949e-05 3.6283e-05
387716 431 21042.0 1.4152e-05 3.63e-05
387716 432 21031.0 1.4074e-05 3.6264e-05
387716 433 21004.0 1.4365e-05 3.6269e-05
387716 434 20717.0 1.3996e-05 3.6228e-05
387716 435 20998.0 1.4243e-05 3.6243e-05
387716 436 20955.0 1.4293e-05 3.6205e-05
387716 437 20953.0 1.4274e-05 3.6187e-05
387716 438 20940.0 1.4394e-05 3.622e-05
387716 439 20930.0 1.4371e-05 3.6198e-05
387716 440 20917.0 1.4267e-05 3.6153e-05
387716 441 20908.0 1.4214e-05 3.6136e-05
387716 442 20944.0 1.4099e-05 3.6146e-05
387716 443 20918.0 1.4288e-05 3.6144e-05
387716 444 20919.0 1.4261e-05 3.6123e-05
387716 445 20892.0 1.43e-05 3.6121e-05
387716 446 20899.0 1.425e-05 3.611e-05
387716 447 20611.0 1.4035e-05 3.6054e-05
387716 448 20854.0 1.4311e-05 3.6071e-05
387716 449 20858.0 1.429e-05 3.6071e-05
387716 450 20846.0 1.4379e-05 3.6059e-05
387716 451 20826.0 1.4217e-05 3.5995e-05
387716 452 20840.0 1.4165e-05 3.5984e-05
387716 453 20825.0 1.4289e-05 3.6013e-05
387716 454 20809.0 1.4371e-05 3.5997e-05
387716 455 20780.0 1.4426e-05 3.5967e-05
387716 456 20808.0 1.419e-05 3.5953e-05
387716 457 20824.0 1.4217e-05 3.596e-05
387716 458 20779.0 1.4335e-05 3.5958e-05
387716 459 20784.0 1.4182e-05 3.5923e-05
387716 460 20491.0 1.3976e-05 3.5899e-05
387716 461 20749.0 1.4564e-05 3.5954e-05
387716 462 20760.0 1.4214e-05 3.5884e-05
387716 463 20743.0 1.4436e-05 3.5899e-05
387716 464 20752.0 1.428e-05 3.5874e-05
387716 465 20718.0 1.4472e-05 3.5879e-05
387716 466 20693.0 1.4445e-05 3.5845e-05
387716 467 20691.0 1.4427e-05 3.5837e-05
387716 468 20712.0 1.4246e-05 3.5822e-05
387716 469 20689.0 1.4249e-05 3.5786e-05
387716 470 20644.0 1.4452e-05 3.5778e-05
387716 471 20665.0 1.4438e-05 3.5799e-05
387716 472 20685.0 1.432e-05 3.5781e-05
387716 473 20380.0 1.4127e-05 3.5737e-05
387716 474 20621.0 1.4408e-05 3.5754e-05
387716 475 20668.0 1.4252e-05 3.5741e-05
387716 476 20641.0 1.4423e-05 3.574e-05
387716 477 20613.0 1.4527e-05 3.5717e-05
387716 478 20630.0 1.4269e-05 3.5682e-05
387716 479 20565.0 1.4358e-05 3.5687e-05
387716 480 20557.0 1.4571e-05 3.5681e-05
387716 481 20546.0 1.4427e-05 3.5626e-05
387716 482 20576.0 1.4269e-05 3.5622e-05
387716 483 20566.0 1.4388e-05 3.5631e-05
387716 484 20527.0 1.4546e-05 3.5616e-05
387716 485 20536.0 1.4404e-05 3.5581e-05
387716 486 20302.0 1.3955e-05 3.5558e-05
387716 487 20545.0 1.4494e-05 3.5605e-05
387716 488 20535.0 1.4475e-05 3.5579e-05
387716 489 20524.0 1.4373e-05 3.5553e-05
387716 490 20520.0 1.4455e-05 3.5568e-05
387716 491 13471.0 7.6591e-06 3.4986e-05
387716 492 20456.0 1.4565e-05 3.5535e-05
387716 493 20457.0 1.4706e-05 3.5549e-05
387716 494 20464.0 1.4511e-05 3.5521e-05
387716 495 20460.0 1.4258e-05 3.5447e-05
387716 496 20436.0 1.4442e-05 3.5451e-05
387716 497 20462.0 1.4347e-05 3.545e-05
387716 498 20433.0 1.4586e-05 3.5473e-05
387716 499 20132.0 1.4332e-05 3.541e-05
387716 500 20408.0 1.443e-05 3.5411e-05
387716 501 20418.0 1.4437e-05 3.5423e-05
387716 502 20399.0 1.4489e-05 3.5411e-05
387716 503 20388.0 1.4604e-05 3.5397e-05
387716 504 20392.0 1.4431e-05 3.5381e-05
387716 505 20381.0 1.451e-05 3.5387e-05
387716 506 20366.0 1.4372e-05 3.5342e-05
387716 507 20354.0 1.4544e-05 3.5342e-05
387716 508 20368.0 1.4375e-05 3.5322e-05
387716 509 20350.0 1.4531e-05 3.5328e-05
387716 510 20333.0 1.4405e-05 3.5278e-05
387716 511 20318.0 1.4448e-05 3.5269e-05
387716 512 20053.0 1.4286e-05 3.5261e-05
387716 513 20304.0 1.4591e-05 3.5274e-05
387716 514 20273.0 1.4697e-05 3.5256e-05
387716 515 20286.0 1.4517e-05 3.5243e-05
387716 516 20300.0 1.4605e-05 3.525e-05
387716 517 20286.0 1.4584e-05 3.5225e-05
387716 518 20249.0 1.4511e-05 3.5193e-05
387716 519 20276.0 1.4348e-05 3.5179e-05
387716 520 20250.0 1.4578e-05 3.5197e-05
387716 521 20212.0 1.4796e-05 3.5187e-05
387716 522 20215.0 1.4643e-05 3.5154e-05
387716 523 20218.0 1.4479e-05 3.5122e-05
387716 524 20196.0 1.4696e-05 3.5126e-05
387716 525 19893.0 1.4094e-05 3.5011e-05
387716 526 20181.0 1.4551e-05 3.5075e-05
387716 527 20196.0 1.4544e-05 3.5082e-05
387716 528 20155.0 1.4649e-05 3.5067e-05
387716 529 20138.0 1.4333e-05 3.502e-05
387716 530 20137.0 1.4817e-05 3.5092e-05
387716 531 20181.0 1.4325e-05 3.5028e-05
387716 532 20128.0 1.4713e-05 3.5056e-05
387716 533 20146.0 1.4523e-05 3.5016e-05
387716 534 20136.0 1.4499e-05 3.5014e-05
387716 535 20146.0 1.4575e-05 3.5045e-05
387716 536 20100.0 1.4685e-05 3.4979e-05
387716 537 20098.0 1.4588e-05 3.4965e-05
387716 538 19814.0 1.4248e-05 3.4923e-05
387716 539 20091.0 1.4605e-05 3.4941e-05
387716 540 20063.0 1.4641e-05 3.4908e-05
387716 541 20050.0 1.4677e-05 3.4927e-05
387716 542 20058.0 1.4654e-05 3.493e-05
387716 543 20027.0 1.4734e-05 3.4912e-05
387716 544 20051.0 1.4523e-05 3.4865e-05
387716 545 20019.0 1.4815e-05 3.4917e-05
387716 546 20026.0 1.4697e-05 3.4883e-05
387716 547 20020.0 1.4675e-05 3.4854e-05
387716 548 20012.0 1.4654e-05 3.4842e-05
387716 549 20013.0 1.4663e-05 3.4845e-05
387716 550 20008.0 1.4624e-05 3.4817e-05
387716 551 19710.0 1.4397e-05 3.4759e-05
387716 552 19952.0 1.4787e-05 3.4815e-05
387716 553 19965.0 1.4668e-05 3.479e-05
387716 554 19912.0 1.4749e-05 3.4777e-05
387716 555 19875.0 1.4824e-05 3.4768e-05
387716 556 19888.0 1.4819e-05 3.4775e-05
387716 557 19965.0 1.4416e-05 3.4709e-05
387716 558 19903.0 1.4682e-05 3.4709e-05
387716 559 19884.0 1.4702e-05 3.4711e-05
387716 560 19881.0 1.4819e-05 3.4741e-05
387716 561 19906.0 1.4617e-05 3.4695e-05
387716 562 19835.0 1.4808e-05 3.4699e-05
387716 563 19626.0 1.4478e-05 3.4641e-05
387716 564 19854.0 1.4739e-05 3.4678e-05
387716 565 19723.0 1.5036e-05 3.4719e-05
387716 566 19850.0 1.4688e-05 3.4623e-05
387716 567 19859.0 1.4681e-05 3.4625e-05
387716 568 19865.0 1.4564e-05 3.4597e-05
387716 569 19767.0 1.4748e-05 3.4619e-05
387716 570 19674.0 1.4921e-05 3.463e-05
387716 571 19812.0 1.4515e-05 3.4558e-05
387716 572 19684.0 1.4876e-05 3.4609e-05
387716 573 19766.0 1.4548e-05 3.4511e-05
387716 574 19642.0 1.4878e-05 3.458e-05
387716 575 19707.0 1.4709e-05 3.4557e-05
387716 576 19486.0 1.4272e-05 3.4463e-05
387716 577 19705.0 1.4686e-05 3.451e-05
387716 578 19578.0 1.5008e-05 3.4574e-05
387716 579 19664.0 1.4779e-05 3.4514e-05
387716 580 19721.0 1.4525e-05 3.4448e-05
387716 581 19598.0 1.4895e-05 3.4497e-05
387716 582 19682.0 1.4615e-05 3.4446e-05
387716 583 19666.0 1.463e-05 3.443e-05
387716 584 19531.0 1.4922e-05 3.444e-05
387716 585 19517.0 1.4962e-05 3.4447e-05
387716 586 19572.0 1.4788e-05 3.4426e-05
387716 587 19511.0 1.4962e-05 3.4442e-05
387716 588 19476.0 1.4989e-05 3.4423e-05
387716 589 19407.0 1.4289e-05 3.4303e-05
387716 590 19489.0 1.4968e-05 3.4433e-05
387716 591 19562.0 1.4726e-05 3.4364e-05
387716 592 19535.0 1.4744e-05 3.435e-05
387716 593 19545.0 1.4811e-05 3.4354e-05
387716 594 19470.0 1.493e-05 3.4374e-05
387716 595 19491.0 1.4814e-05 3.4317e-05
387716 596 19459.0 1.4915e-05 3.4327e-05
387716 597 19297.0 1.5171e-05 3.4398e-05
387716 598 19549.0 1.4544e-05 3.4244e-05
387716 599 19361.0 1.4998e-05 3.4298e-05
387716 600 19340.0 1.5027e-05 3.431e-05
387716 601 19377.0 1.4935e-05 3.4294e-05
387714 1 28825.0 1.0779e-05 5.0978e-05
387714 2 30260.0 1.1719e-05 5.092e-05
387714 3 29975.0 1.1832e-05 5.086e-05
387714 4 29961.0 1.1685e-05 5.0884e-05
387714 5 30019.0 1.1781e-05 5.0925e-05
387714 6 29949.0 1.1691e-05 5.0902e-05
387714 7 29944.0 1.1786e-05 5.0891e-05
387714 8 29913.0 1.1842e-05 5.0866e-05
387714 9 29915.0 1.1672e-05 5.0834e-05
387714 10 29849.0 1.1742e-05 5.0783e-05
387714 11 29827.0 1.1774e-05 5.0757e-05
387714 12 29798.0 1.1762e-05 5.0697e-05
387714 13 29305.0 1.1314e-05 5.0615e-05
387714 14 29698.0 1.169e-05 5.0529e-05
387714 15 29665.0 1.1859e-05 5.057e-05
387714 16 29725.0 1.1775e-05 5.0587e-05
387714 17 29695.0 1.1798e-05 5.0527e-05
387714 18 29659.0 1.1761e-05 5.047e-05
387714 19 29698.0 1.1693e-05 5.0534e-05
387714 20 29712.0 1.1813e-05 5.0557e-05
387714 21 29699.0 1.1652e-05 5.0532e-05
387714 22 29687.0 1.1693e-05 5.0512e-05
387714 23 29674.0 1.1822e-05 5.0504e-05
387714 24 29672.0 1.1723e-05 5.0477e-05
387714 25 29636.0 1.1816e-05 5.0427e-05
387714 26 29173.0 1.1562e-05 5.0377e-05
387714 27 29589.0 1.1814e-05 5.034e-05
387714 28 29533.0 1.1882e-05 5.026e-05
387714 29 29476.0 1.1913e-05 5.0187e-05
387714 30 29491.0 1.1818e-05 5.0227e-05
387714 31 29520.0 1.1758e-05 5.0237e-05
387714 32 29489.0 1.1815e-05 5.0176e-05
387714 33 29476.0 1.1813e-05 5.0145e-05
387714 34 29500.0 1.1777e-05 5.0231e-05
387714 35 29520.0 1.1911e-05 5.023e-05
387714 36 29513.0 1.1845e-05 5.0212e-05
387714 37 29478.0 1.1714e-05 5.0166e-05
387714 38 29435.0 1.1744e-05 5.0153e-05
387714 39 29029.0 1.1493e-05 5.0094e-05
387714 40 29433.0 1.1742e-05 5.0073e-05
387714 41 29416.0 1.1798e-05 5.0041e-05
387714 42 29422.0 1.1905e-05 5.0068e-05
387714 43 29329.0 1.1696e-05 4.9894e-05
387714 44 29285.0 1.1913e-05 4.9854e-05
387714 45 29332.0 1.1859e-05 4.9913e-05
387714 46 29312.0 1.1783e-05 4.9905e-05
387714 47 29291.0 1.1821e-05 4.9839e-05
387714 48 29272.0 1.1844e-05 4.9835e-05
387714 49 29327.0 1.181e-05 4.9908e-05
387714 50 29279.0 1.1815e-05 4.989e-05
387714 51 29308.0 1.1766e-05 4.9869e-05
387714 52 28838.0 1.1508e-05 4.9824e-05
387714 53 29270.0 1.1896e-05 4.982e-05
387714 54 29251.0 1.1939e-05 4.9777e-05
387714 55 29228.0 1.1857e-05 4.9736e-05
387714 56 29204.0 1.1928e-05 4.9703e-05
387714 57 29184.0 1.1907e-05 4.9677e-05
387714 58 29100.0 1.1852e-05 4.956e-05
387714 59 29101.0 1.1935e-05 4.9539e-05
387714 60 29125.0 1.1967e-05 4.9605e-05
387714 61 29129.0 1.2003e-05 4.9572e-05
387714 62 29081.0 1.1941e-05 4.9504e-05
387714 63 29101.0 1.194e-05 4.9515e-05
387714 64 29132.0 1.1918e-05 4.9569e-05
387714 65 28690.0 1.1638e-05 4.9536e-05
387714 66 29105.0 1.2038e-05 4.9544e-05
387714 67 29095.0 1.1961e-05 4.9519e-05
387714 68 29079.0 1.184e-05 4.9476e-05
387714 69 29052.0 1.1835e-05 4.9429e-05
387714 70 29037.0 1.1937e-05 4.9417e-05
387714 71 29009.0 1.1896e-05 4.9352e-05
387714 72 28956.0 1.1915e-05 4.9317e-05
387714 73 17500.0 6.2325e-06 4.8806e-05
387714 74 0.0 0.0 0.0
387714 75 4.9702 4.3071e-06 4.8684e-05
387714 76 6.0509 4.3e-06 4.8625e-05
387714 77 22001.0 8.0832e-06 4.8886e-05
387714 78 28921.0 1.1934e-05 4.9221e-05
387714 79 28934.0 1.1883e-05 4.9247e-05
387714 80 28938.0 1.1954e-05 4.9244e-05
387714 81 28512.0 1.1742e-05 4.9211e-05
387714 82 28909.0 1.1902e-05 4.9189e-05
387714 83 28895.0 1.1993e-05 4.9172e-05
387714 84 28866.0 1.1878e-05 4.9122e-05
387714 85 28853.0 1.194e-05 4.91e-05
387714 86 28825.0 1.1987e-05 4.9053e-05
387714 87 28785.0 1.1939e-05 4.8983e-05
387714 88 28738.0 1.2111e-05 4.8911e-05
387714 89 28748.0 1.2022e-05 4.8932e-05
387714 90 28800.0 1.2001e-05 4.9013e-05
387714 91 28723.0 1.2044e-05 4.8889e-05
387714 92 28702.0 1.1989e-05 4.8843e-05
387714 93 28740.0 1.2042e-05 4.8927e-05
387714 94 28305.0 1.1631e-05 4.8892e-05
387714 95 28725.0 1.2039e-05 4.8915e-05
387714 96 28726.0 1.1898e-05 4.8882e-05
387714 97 28704.0 1.1916e-05 4.8862e-05
387714 98 28693.0 1.1986e-05 4.8832e-05
387714 99 28231.0 1.1641e-05 4.8769e-05
387714 100 3.0753 4.2719e-06 4.8192e-05
387714 101 14144.0 5.2623e-06 4.8243e-05
387714 102 28563.0 1.2e-05 4.8604e-05
387714 103 28530.0 1.1901e-05 4.8549e-05
387714 104 28556.0 1.2044e-05 4.8613e-05
387714 105 28555.0 1.1997e-05 4.8595e-05
387714 106 28521.0 1.2024e-05 4.8554e-05
387714 107 28519.0 1.204e-05 4.8536e-05
387714 108 28156.0 1.1695e-05 4.8592e-05
387714 109 28550.0 1.1951e-05 4.8588e-05
387714 110 28549.0 1.2023e-05 4.8589e-05
387714 111 28511.0 1.1977e-05 4.8552e-05
387714 112 28508.0 1.2127e-05 4.8522e-05
387714 113 28502.0 1.2106e-05 4.8508e-05
387714 114 28483.0 1.1974e-05 4.8485e-05
387714 115 28474.0 1.1948e-05 4.8446e-05
387714 116 28384.0 1.1951e-05 4.8413e-05
387714 117 28419.0 1.2031e-05 4.8366e-05
387714 118 28395.0 1.2085e-05 4.8325e-05
387714 119 28333.0 1.2044e-05 4.8241e-05
387714 120 28329.0 1.2134e-05 4.8226e-05
387714 121 27937.0 1.1832e-05 4.8261e-05
387714 122 28345.0 1.2058e-05 4.8239e-05
387714 123 28297.0 1.2043e-05 4.8181e-05
387714 124 28319.0 1.2046e-05 4.8205e-05
387714 125 28352.0 1.2121e-05 4.8255e-05
387714 126 28346.0 1.2034e-05 4.8237e-05
387714 127 28370.0 1.1994e-05 4.8288e-05
387714 128 28304.0 1.2117e-05 4.8191e-05
387714 129 28303.0 1.2048e-05 4.8167e-05
387714 130 28300.0 1.2102e-05 4.8165e-05
387714 131 28286.0 1.2033e-05 4.8136e-05
387714 132 28231.0 1.2178e-05 4.807e-05
387714 133 27815.0 1.1851e-05 4.8036e-05
387714 134 28232.0 1.2157e-05 4.8058e-05
387714 135 28202.0 1.2107e-05 4.8002e-05
387714 136 28177.0 1.2124e-05 4.7956e-05
387714 137 28185.0 1.2082e-05 4.7972e-05
387714 138 28188.0 1.2217e-05 4.7981e-05
387714 139 28147.0 1.2116e-05 4.7913e-05
387714 140 28130.0 1.2075e-05 4.7884e-05
387714 141 28167.0 1.2199e-05 4.7942e-05
387714 142 28157.0 1.2247e-05 4.7936e-05
387714 143 28130.0 1.1999e-05 4.7872e-05
387714 144 28116.0 1.2079e-05 4.7865e-05
387714 145 28118.0 1.2132e-05 4.7861e-05
387714 146 27700.0 1.1811e-05 4.7809e-05
387714 147 28071.0 1.2175e-05 4.7787e-05
387714 148 28068.0 1.2153e-05 4.7778e-05
387714 149 28057.0 1.1981e-05 4.7752e-05
387714 150 28020.0 1.218e-05 4.77e-05
387714 151 28000.0 1.2102e-05 4.7656e-05
387714 152 28004.0 1.2042e-05 4.7684e-05
387714 153 28006.0 1.2252e-05 4.768e-05
387714 154 27964.0 1.2157e-05 4.7602e-05
387714 155 27961.0 1.2065e-05 4.7586e-05
387714 156 27987.0 1.2035e-05 4.7623e-05
387714 157 27960.0 1.222e-05 4.7603e-05
387714 158 27944.0 1.219e-05 4.7564e-05
387714 159 27531.0 1.1799e-05 4.7526e-05
387714 160 27934.0 1.2257e-05 4.7559e-05
387714 161 27914.0 1.2203e-05 4.7516e-05
387714 162 27896.0 1.2248e-05 4.7488e-05
387714 163 27879.0 1.2254e-05 4.7471e-05
387714 164 27876.0 1.2199e-05 4.745e-05
387714 165 27821.0 1.2349e-05 4.7381e-05
387714 166 27819.0 1.2158e-05 4.7351e-05
387714 167 27836.0 1.21e-05 4.7375e-05
387714 168 27808.0 1.2115e-05 4.7336e-05
387714 169 27777.0 1.22e-05 4.7287e-05
387714 170 27780.0 1.2272e-05 4.7296e-05
387714 171 27794.0 1.2214e-05 4.7316e-05
387714 172 27370.0 1.2018e-05 4.7268e-05
387714 173 27746.0 1.2078e-05 4.724e-05
387714 174 27753.0 1.22e-05 4.7249e-05
387714 175 27754.0 1.2185e-05 4.724e-05
387714 176 27698.0 1.2101e-05 4.7188e-05
387714 177 27709.0 1.2352e-05 4.7181e-05
387714 178 27703.0 1.2146e-05 4.7159e-05
387714 179 27690.0 1.2159e-05 4.7131e-05
387714 180 27643.0 1.2245e-05 4.7072e-05
387714 181 27645.0 1.2207e-05 4.7062e-05
387714 182 27633.0 1.2265e-05 4.7078e-05
387714 183 27602.0 1.2177e-05 4.7031e-05
387714 184 27604.0 1.2274e-05 4.6994e-05
387714 185 27217.0 1.2037e-05 4.6997e-05
387714 186 27613.0 1.2319e-05 4.7017e-05
387714 187 27593.0 1.2143e-05 4.6965e-05
387714 188 27561.0 1.211e-05 4.693e-05
387714 189 27559.0 1.2301e-05 4.6961e-05
387714 190 27559.0 1.2212e-05 4.693e-05
387714 191 27537.0 1.2313e-05 4.6891e-05
387714 192 27525.0 1.2241e-05 4.6867e-05
387714 193 27526.0 1.2183e-05 4.6858e-05
387714 194 27495.0 1.216e-05 4.6811e-05
387714 195 27471.0 1.2294e-05 4.6765e-05
387714 196 27469.0 1.2185e-05 4.6767e-05
387714 197 27476.0 1.2295e-05 4.6781e-05
387714 198 27045.0 1.1988e-05 4.6713e-05
387714 199 27425.0 1.217e-05 4.669e-05
387714 200 27447.0 1.2328e-05 4.6732e-05
387714 201 27422.0 1.2156e-05 4.6708e-05
387714 202 27391.0 1.2189e-05 4.6665e-05
387714 203 27403.0 1.2274e-05 4.6656e-05
387714 204 27406.0 1.228e-05 4.6661e-05
387714 205 27426.0 1.2241e-05 4.6697e-05
387714 206 27366.0 1.2372e-05 4.6599e-05
387714 207 27334.0 1.2358e-05 4.6552e-05
387714 208 27307.0 1.2339e-05 4.6498e-05
387714 209 27320.0 1.235e-05 4.6528e-05
387714 210 27333.0 1.2207e-05 4.6527e-05
387714 211 26893.0 1.2026e-05 4.6452e-05
387714 212 27270.0 1.2295e-05 4.6435e-05
387714 213 27287.0 1.2407e-05 4.6464e-05
387714 214 27267.0 1.2251e-05 4.6427e-05
387714 215 27206.0 1.2373e-05 4.6358e-05
387714 216 27226.0 1.2278e-05 4.6351e-05
387714 217 27241.0 1.2367e-05 4.6397e-05
387714 218 27236.0 1.2384e-05 4.6376e-05
387714 219 27212.0 1.2472e-05 4.6344e-05
387714 220 27210.0 1.2278e-05 4.6328e-05
387714 221 27213.0 1.2315e-05 4.6336e-05
387714 222 27196.0 1.2353e-05 4.631e-05
387714 223 27185.0 1.2369e-05 4.6285e-05
387714 224 26774.0 1.2077e-05 4.624e-05
387714 225 27149.0 1.2131e-05 4.6223e-05
387714 226 27108.0 1.233e-05 4.6155e-05
387714 227 27101.0 1.2448e-05 4.6158e-05
387714 228 27101.0 1.2362e-05 4.6149e-05
387714 229 27071.0 1.2395e-05 4.6108e-05
387714 230 27027.0 1.2389e-05 4.6033e-05
387714 231 27048.0 1.2313e-05 4.6055e-05
387714 232 27042.0 1.2409e-05 4.6097e-05
387714 233 27050.0 1.2318e-05 4.6058e-05
387714 234 27038.0 1.2445e-05 4.6044e-05
387714 235 27046.0 1.2436e-05 4.6064e-05
387714 236 27041.0 1.2414e-05 4.6049e-05
387714 237 26603.0 1.211e-05 4.5987e-05
387714 238 27005.0 1.2501e-05 4.5993e-05
387714 239 26993.0 1.2451e-05 4.5969e-05
387714 240 26965.0 1.2521e-05 4.5933e-05
387714 241 26931.0 1.2429e-05 4.5859e-05
387714 242 26937.0 1.2362e-05 4.5869e-05
387714 243 26938.0 1.2529e-05 4.5886e-05
387714 244 26911.0 1.2414e-05 4.583e-05
387714 245 26884.0 1.2447e-05 4.579e-05
387714 246 26906.0 1.2421e-05 4.5821e-05
387714 247 26901.0 1.2435e-05 4.5819e-05
387714 248 26822.0 1.2498e-05 4.5794e-05
387714 249 26877.0 1.2371e-05 4.5768e-05
387714 250 26493.0 1.2162e-05 4.576e-05
387714 251 26871.0 1.2439e-05 4.5758e-05
387714 252 26852.0 1.2426e-05 4.5725e-05
387714 253 26843.0 1.2573e-05 4.5725e-05
387714 254 26823.0 1.2329e-05 4.568e-05
387714 255 26793.0 1.2389e-05 4.5635e-05
387714 256 26765.0 1.2462e-05 4.5585e-05
387714 257 26776.0 1.253e-05 4.5608e-05
387714 258 26770.0 1.2526e-05 4.5607e-05
387714 259 26743.0 1.2426e-05 4.5549e-05
387714 260 26728.0 1.2609e-05 4.5538e-05
387714 261 26752.0 1.2442e-05 4.5564e-05
387714 262 26740.0 1.2572e-05 4.5557e-05
387714 263 26321.0 1.2156e-05 4.5492e-05
387714 264 26714.0 1.238e-05 4.5491e-05
387714 265 26714.0 1.261e-05 4.5506e-05
387714 266 26684.0 1.2461e-05 4.5458e-05
387714 267 26660.0 1.2505e-05 4.5417e-05
387714 268 26660.0 1.2481e-05 4.541e-05
387714 269 26654.0 1.2427e-05 4.5395e-05
387714 270 26605.0 1.2456e-05 4.5338e-05
387714 271 26596.0 1.2567e-05 4.5304e-05
387714 272 26620.0 1.2476e-05 4.5335e-05
387714 273 26609.0 1.2569e-05 4.5331e-05
387714 274 26574.0 1.242e-05 4.5257e-05
387714 275 26162.0 1.2236e-05 4.5227e-05
387714 276 26574.0 1.254e-05 4.5285e-05
387714 277 26563.0 1.2593e-05 4.5263e-05
387714 278 26521.0 1.2483e-05 4.5226e-05
387714 279 26547.0 1.2562e-05 4.5223e-05
387714 280 26538.0 1.2539e-05 4.5219e-05
387714 281 26523.0 1.2529e-05 4.5185e-05
387714 282 26515.0 1.243e-05 4.516e-05
387714 283 26511.0 1.2458e-05 4.5148e-05
387714 284 26495.0 1.2378e-05 4.5127e-05
387714 285 26452.0 1.2439e-05 4.5059e-05
387714 286 26448.0 1.2708e-05 4.5064e-05
387714 287 26458.0 1.2609e-05 4.5075e-05
387714 288 26058.0 1.2307e-05 4.5012e-05
387714 289 26394.0 1.2559e-05 4.497e-05
387714 290 26402.0 1.2492e-05 4.4972e-05
387714 291 26405.0 1.2564e-05 4.5007e-05
387714 292 26408.0 1.2514e-05 4.4981e-05
387714 293 26372.0 1.2537e-05 4.4946e-05
387714 294 26377.0 1.2494e-05 4.4954e-05
387714 295 26385.0 1.2486e-05 4.4949e-05
387714 296 26373.0 1.2559e-05 4.4927e-05
387714 297 26359.0 1.2555e-05 4.4903e-05
387714 298 26341.0 1.2585e-05 4.4878e-05
387714 299 26320.0 1.2613e-05 4.4856e-05
387714 300 26291.0 1.2666e-05 4.4793e-05
387714 301 25907.0 1.2279e-05 4.4763e-05
387714 302 26292.0 1.257e-05 4.4803e-05
387714 303 26263.0 1.2588e-05 4.4748e-05
387714 304 26239.0 1.2534e-05 4.4708e-05
387714 305 26254.0 1.263e-05 4.4736e-05
387714 306 26255.0 1.2541e-05 4.4732e-05
387714 307 26239.0 1.2636e-05 4.471e-05
387714 308 26228.0 1.2559e-05 4.4684e-05
387714 309 26225.0 1.2563e-05 4.4686e-05
387714 310 26208.0 1.2522e-05 4.4663e-05
387714 311 26194.0 1.2699e-05 4.4632e-05
387714 312 26180.0 1.2519e-05 4.4607e-05
387714 313 26179.0 1.2599e-05 4.4601e-05
387714 314 25779.0 1.2289e-05 4.4535e-05
387714 315 26102.0 1.2689e-05 4.451e-05
387714 316 26129.0 1.2701e-05 4.4524e-05
387714 317 26105.0 1.2445e-05 4.4505e-05
387714 318 17527.0 7.1917e-06 4.4079e-05
387714 319 12791.0 5.1577e-06 4.3903e-05
387714 320 26098.0 1.2662e-05 4.4469e-05
387714 321 26094.0 1.2756e-05 4.4466e-05
387714 322 26064.0 1.2454e-05 4.4403e-05
387714 323 26055.0 1.2651e-05 4.4412e-05
387714 324 26065.0 1.2574e-05 4.4414e-05
387714 325 26051.0 1.2652e-05 4.4398e-05
387714 326 26035.0 1.2651e-05 4.4361e-05
387714 327 25645.0 1.245e-05 4.4328e-05
387714 328 26010.0 1.2601e-05 4.4315e-05
387714 329 25983.0 1.2621e-05 4.4272e-05
387714 330 25956.0 1.2796e-05 4.4242e-05
387714 331 25964.0 1.2743e-05 4.4254e-05
387714 332 25960.0 1.2814e-05 4.4248e-05
387714 333 25921.0 1.2784e-05 4.4183e-05
387714 334 25911.0 1.2682e-05 4.4155e-05
387714 335 25912.0 1.2607e-05 4.4198e-05
387714 336 25924.0 1.2802e-05 4.4188e-05
387714 337 25909.0 1.2696e-05 4.4145e-05
387714 338 25899.0 1.2643e-05 4.4135e-05
387714 339 25903.0 1.2782e-05 4.4151e-05
387714 340 25508.0 1.2479e-05 4.4092e-05
387714 341 25868.0 1.274e-05 4.4084e-05
387714 342 25824.0 1.2617e-05 4.4065e-05
387714 343 25846.0 1.2628e-05 4.4052e-05
387714 344 25814.0 1.2674e-05 4.3989e-05
387714 345 25792.0 1.2612e-05 4.3956e-05
387714 346 25806.0 1.2721e-05 4.3986e-05
387714 347 25790.0 1.2754e-05 4.3964e-05
387714 348 25754.0 1.2766e-05 4.3897e-05
387714 349 25759.0 1.2764e-05 4.3899e-05
387714 350 25776.0 1.2746e-05 4.3931e-05
387714 351 25759.0 1.2652e-05 4.3899e-05
387714 352 25748.0 1.2679e-05 4.3875e-05
387714 353 25345.0 1.2462e-05 4.3857e-05
387714 354 25744.0 1.2646e-05 4.3865e-05
387714 355 25714.0 1.2604e-05 4.3828e-05
387714 356 25703.0 1.2792e-05 4.3814e-05
387714 357 25696.0 1.2606e-05 4.3788e-05
387714 358 25679.0 1.2808e-05 4.3785e-05
387714 359 25648.0 1.265e-05 4.3712e-05
387714 360 25637.0 1.2754e-05 4.3707e-05
387714 361 25649.0 1.2766e-05 4.3728e-05
387714 362 25633.0 1.2909e-05 4.3701e-05
387714 363 25602.0 1.2965e-05 4.3653e-05
387714 364 25607.0 1.2692e-05 4.3647e-05
387714 365 25615.0 1.2732e-05 4.3663e-05
387714 366 25228.0 1.2391e-05 4.3604e-05
387714 367 25587.0 1.2935e-05 4.3623e-05
387714 368 25590.0 1.2699e-05 4.3611e-05
387714 369 25573.0 1.2679e-05 4.3599e-05
387714 370 25555.0 1.2845e-05 4.3573e-05
387714 371 25550.0 1.2888e-05 4.3561e-05
387714 372 25532.0 1.2794e-05 4.3524e-05
387714 373 25517.0 1.2666e-05 4.3486e-05
387714 374 25479.0 1.2818e-05 4.3432e-05
387714 375 25480.0 1.2849e-05 4.3436e-05
387714 376 25480.0 1.2816e-05 4.3442e-05
387714 377 25454.0 1.2786e-05 4.3386e-05
387714 378 25431.0 1.2895e-05 4.3356e-05
387714 379 25085.0 1.2559e-05 4.3375e-05
387714 380 25449.0 1.2862e-05 4.3398e-05
387714 381 25426.0 1.2714e-05 4.3359e-05
387714 382 25428.0 1.2812e-05 4.3347e-05
387714 383 25425.0 1.2745e-05 4.3348e-05
387714 384 25413.0 1.2798e-05 4.3327e-05
387714 385 25395.0 1.2816e-05 4.3293e-05
387714 386 25386.0 1.2793e-05 4.3274e-05
387714 387 25372.0 1.2952e-05 4.3266e-05
387714 388 25348.0 1.2809e-05 4.3209e-05
387714 389 25313.0 1.2962e-05 4.3167e-05
387714 390 322.11 3.8581e-06 4.2519e-05
387714 391 20076.0 9.059e-06 4.2905e-05
387714 392 25290.0 1.2861e-05 4.312e-05
387714 393 24911.0 1.2572e-05 4.3069e-05
387714 394 25293.0 1.2916e-05 4.3148e-05
387714 395 25295.0 1.2695e-05 4.3115e-05
387714 396 20113.0 9.2411e-06 4.2842e-05
387714 397 24123.0 1.195e-05 4.3022e-05
387714 398 0.0 0.0 0.0
387715 1 150.74 3.8314e-06 4.2177e-05
387715 2 0.0 0.0 0.0
387715 3 0.0 0.0 0.0
387715 4 0.0 0.0 0.0
387715 5 0.0 0.0 0.0
387715 6 0.0 0.0 0.0
387712 1 1.754 5.1347e-06 5.8668e-05
387712 2 1.1594 5.1432e-06 5.8738e-05
387712 3 1.7393 5.1378e-06 5.8674e-05
387712 4 1.0744 5.1309e-06 5.8635e-05
387712 5 0.97281 5.1374e-06 5.867e-05
387712 6 0.0 0.0 0.0
387528 1 90.874 0.00014791 0.00023683
387528 2 90.717 0.00014759 0.00023632
387528 3 91.033 0.00014799 0.00023699
387528 4 91.265 0.0001484 0.0002376
387528 5 91.245 0.00014837 0.00023755
387528 6 90.886 0.00014777 0.00023661
387528 7 90.935 0.00014788 0.00023675
387528 8 90.936 0.00014785 0.00023674
387528 9 91.218 0.0001483 0.00023746
387528 10 91.187 0.00014825 0.00023738
387528 11 91.081 0.00014814 0.00023717
387528 12 91.21 0.00014835 0.0002375
387528 13 88.517 0.00014596 0.00023376
387528 14 90.113 0.00014752 0.0002362
387528 15 90.383 0.00014794 0.00023689
387528 16 88.976 0.00014569 0.00023326
387528 17 89.147 0.00014593 0.00023364
387528 18 90.606 0.00014824 0.0002374
387528 19 88.519 0.00014485 0.00023195
387528 20 89.029 0.00014571 0.0002333
387528 21 90.592 0.00014832 0.00023747
387528 22 88.405 0.00014472 0.00023174
387528 23 90.544 0.00014826 0.00023739
387528 24 89.661 0.00014684 0.0002351
387528 25 90.504 0.00014813 0.00023721
387528 26 86.823 0.00014433 0.00023109
387528 27 88.817 0.00014533 0.00023273
387528 28 88.494 0.00014483 0.00023192
387528 29 89.422 0.00014641 0.0002344
387528 30 89.162 0.00014586 0.0002336
387528 31 89.827 0.00014697 0.00023537
387528 32 90.131 0.0001475 0.00023618
387528 33 90.319 0.00014786 0.00023682
387528 34 89.768 0.00014697 0.00023534
387528 35 90.015 0.0001473 0.00023587
387528 36 90.481 0.00014808 0.00023712
387528 37 89.045 0.00014586 0.0002335
387528 38 90.427 0.00014799 0.00023699
387528 39 86.711 0.0001441 0.00023066
387528 40 90.183 0.00014759 0.00023634
387528 41 89.353 0.00014625 0.00023418
387528 42 89.717 0.00014686 0.00023516
387528 43 88.619 0.00014507 0.00023226
387528 44 89.064 0.00014584 0.00023351
387528 45 89.262 0.00014615 0.00023401
387528 46 89.34 0.00014628 0.00023424
387528 47 90.117 0.00014758 0.00023631
387528 48 89.056 0.0001459 0.00023354
387528 49 88.524 0.00014493 0.00023204
387528 50 88.811 0.0001454 0.00023279
387528 51 88.561 0.00014495 0.00023207
387528 52 88.054 0.00014617 0.00023405
387528 53 90.012 0.00014728 0.00023584
387528 54 90.444 0.00014798 0.00023697
387528 55 90.487 0.00014809 0.00023712
387528 56 89.464 0.00014643 0.00023444
387528 57 88.679 0.00014515 0.0002324
387528 58 88.591 0.000145 0.00023217
387528 59 89.206 0.00014606 0.00023385
387528 60 89.036 0.00014581 0.00023342
387528 61 89.603 0.00014667 0.00023485
387528 62 88.408 0.00014468 0.0002317
387528 63 89.658 0.00014676 0.00023499
387528 64 90.044 0.00014742 0.00023603
387528 65 87.683 0.00014569 0.00023325
387528 66 88.323 0.00014446 0.00023139
387528 67 90.65 0.00014839 0.0002376
387528 68 90.607 0.00014829 0.00023745
387528 69 88.432 0.00014477 0.00023178
387528 70 90.577 0.00014825 0.00023742
387528 71 89.911 0.00014718 0.00023566
387528 72 88.47 0.00014473 0.00023177
387528 73 89.952 0.00014722 0.00023571
387528 74 90.484 0.00014814 0.00023721
387528 75 89.213 0.00014601 0.00023377
387528 76 90.281 0.00014771 0.00023652
387528 77 90.505 0.00014809 0.00023712
387528 78 86.199 0.0001431 0.00022915
387528 79 88.757 0.00014527 0.00023258
387528 80 90.222 0.00014767 0.00023642
387528 81 88.376 0.00014455 0.00023149
387528 82 90.476 0.00014798 0.00023698
387528 83 63.481 0.00011227 0.00014572
387528 84 0.12447 8.9167e-07 1.9004e-05
387528 85 300.96 2.572e-05 2.5298e-05
387528 86 90.558 0.00014815 0.00023727
387528 87 88.953 0.00014562 0.00023315
387528 88 89.547 0.00014657 0.00023468
387528 89 89.686 0.00014675 0.00023499
387528 90 90.56 0.00014818 0.00023727
387528 91 88.284 0.00014445 0.0002313
387528 92 87.975 0.00014602 0.00023382
387528 93 90.468 0.00014807 0.00023707
387528 94 90.143 0.00014757 0.00023627
387528 95 90.515 0.00014817 0.00023724
387528 96 90.157 0.00014765 0.0002364
387528 97 89.812 0.00014709 0.00023547
387528 98 89.011 0.00014571 0.00023332
387528 99 88.437 0.00014478 0.00023182
387528 100 90.534 0.00014825 0.00023734
387528 101 89.199 0.00014609 0.00023389
387528 102 90.53 0.00014816 0.00023726
387528 103 89.148 0.00014599 0.00023374
387528 104 89.45 0.00014647 0.00023449
387528 105 87.391 0.00014519 0.00023244
387528 106 89.68 0.00014679 0.00023505
387528 107 89.935 0.00014729 0.00023579
387528 108 90.653 0.00014847 0.00023768
387528 109 90.289 0.00014784 0.0002367
387528 110 88.391 0.00014467 0.00023166
387528 111 89.62 0.00014672 0.00023491
387528 112 90.589 0.00014829 0.00023744
387528 113 90.433 0.00014796 0.00023694
387528 114 89.41 0.00014635 0.00023434
387528 115 90.563 0.00014819 0.00023733
387528 116 88.629 0.00014505 0.00023229
387528 117 89.217 0.00014602 0.00023386
387528 118 86.826 0.00014422 0.0002309
387528 119 89.432 0.00014638 0.00023438
387528 120 90.195 0.00014757 0.00023628
387528 121 88.7 0.00014514 0.00023239
387528 122 90.014 0.00014727 0.00023582
387528 123 89.913 0.00014708 0.00023553
387528 124 89.974 0.00014723 0.00023573
387528 125 90.735 0.00014845 0.0002377
387528 126 90.767 0.00014851 0.00023779
387528 127 89.362 0.00014626 0.00023416
387528 128 90.0 0.00014727 0.0002358
387528 129 90.453 0.00014805 0.00023703
387528 130 88.274 0.00014449 0.00023131
387528 131 87.866 0.00014589 0.00023358
387528 132 89.797 0.00014697 0.0002353
387528 133 90.601 0.00014819 0.00023732
387528 134 89.0 0.00014563 0.00023318
387528 135 89.545 0.00014647 0.00023455
387528 136 90.563 0.00014819 0.00023726
387528 137 89.858 0.000147 0.0002354
387528 138 89.224 0.00014594 0.00023372
387528 139 90.517 0.00014812 0.00023716
387528 140 90.577 0.00014821 0.00023731
387528 141 90.498 0.00014812 0.00023713
387528 142 90.141 0.00014753 0.0002362
387528 143 90.66 0.00014831 0.00023749
387528 144 87.945 0.00014601 0.00023377
387528 145 88.634 0.00014504 0.00023223
387528 146 90.625 0.00014832 0.00023746
387528 147 90.26 0.00014766 0.00023647
387528 148 90.603 0.00014827 0.00023739
387528 149 90.22 0.00014763 0.00023638
387528 150 88.447 0.00014485 0.00023197
387528 151 90.577 0.00014837 0.00023755
387528 152 90.119 0.00014754 0.00023629
387528 153 90.578 0.00014834 0.0002375
387528 154 89.72 0.00014688 0.00023522
387528 155 89.372 0.00014638 0.00023438
387528 156 87.292 0.00014506 0.00023224
387528 157 89.973 0.00014734 0.0002359
387528 158 89.997 0.00014739 0.00023597
387528 159 90.073 0.00014753 0.00023619
387528 160 89.358 0.00014641 0.0002344
387528 161 89.095 0.00014597 0.00023368
387528 162 90.604 0.00014842 0.00023764
387528 163 88.943 0.00014576 0.00023336
387528 164 89.707 0.00014701 0.00023533
387528 165 90.237 0.00014778 0.00023662
387528 166 88.773 0.0001454 0.00023278
387528 167 90.553 0.00014828 0.00023741
387528 168 90.271 0.00014781 0.00023665
387528 169 87.422 0.00014515 0.00023243
387528 170 88.59 0.00014505 0.00023225
387528 171 88.285 0.00014452 0.00023139
387528 172 90.535 0.00014822 0.00023731
387528 173 89.131 0.00014587 0.0002336
387528 174 90.493 0.00014814 0.00023719
387528 175 89.192 0.00014601 0.00023379
387528 176 88.285 0.00014456 0.00023146
387528 177 87.81 0.00014373 0.00023019
387528 178 89.938 0.00014727 0.00023583
387528 179 89.687 0.00014675 0.00023502
387528 180 90.684 0.0001485 0.00023773
387528 181 89.963 0.00014723 0.00023575
387528 182 86.896 0.0001443 0.00023105
387528 183 90.415 0.00014794 0.00023693
387528 184 90.511 0.00014807 0.00023714
387528 185 88.897 0.0001455 0.00023298
387528 186 89.752 0.00014691 0.00023524
387528 187 90.582 0.0001482 0.00023732
387528 188 88.517 0.00014493 0.00023207
387528 189 89.74 0.00014682 0.00023516
387528 190 90.449 0.00014809 0.0002371
387528 191 88.735 0.00014525 0.00023259
387528 192 90.488 0.00014814 0.0002372
387528 193 90.491 0.00014814 0.0002372
387528 194 89.566 0.00014671 0.00023487
387528 195 87.824 0.00014579 0.0002335
387528 196 90.482 0.00014813 0.0002372
387528 197 88.116 0.00014423 0.00023096
387528 198 89.023 0.00014565 0.00023328
387528 199 88.725 0.00014523 0.00023256
387528 200 90.49 0.00014819 0.0002373
387528 201 90.377 0.00014799 0.00023695
387528 202 89.986 0.00014738 0.00023598
387528 203 89.387 0.00014646 0.00023447
387528 204 88.241 0.00014443 0.00023128
387528 205 90.359 0.00014786 0.00023676
387528 206 88.702 0.00014517 0.00023244
387528 207 90.544 0.0001482 0.00023727
387528 208 86.103 0.000143 0.00022897
387528 209 90.59 0.00014832 0.00023746
387528 210 88.45 0.0001447 0.00023173
387528 211 89.149 0.00014585 0.00023356
387528 212 90.025 0.00014733 0.00023592
387528 213 90.534 0.00014816 0.00023725
387528 214 89.398 0.00014632 0.00023428
387528 215 89.409 0.00014638 0.00023438
387528 216 88.039 0.00014411 0.00023079
387528 217 90.291 0.00014785 0.00023672
387528 218 88.979 0.00014561 0.00023319
387528 219 90.313 0.00014784 0.00023672
387528 220 90.581 0.00014821 0.00023735
387528 221 87.963 0.00014601 0.00023379
387528 222 90.22 0.00014753 0.00023628
387528 223 88.569 0.0001449 0.000232
387528 224 89.825 0.00014699 0.00023542
387528 225 90.534 0.00014809 0.00023713
387528 226 88.572 0.00014483 0.00023194
387528 227 88.582 0.00014495 0.00023207
387528 228 90.503 0.00014802 0.00023703
387528 229 90.596 0.00014819 0.00023729
387528 230 88.692 0.00014506 0.00023229
387528 231 88.154 0.0001442 0.00023089
387528 232 89.028 0.00014568 0.00023329
387528 233 90.335 0.00014779 0.0002367
387528 234 85.559 0.00014205 0.00022749
387528 235 89.625 0.0001466 0.00023483
387528 236 88.556 0.0001449 0.00023206
387528 237 89.583 0.00014654 0.00023473
387528 238 90.417 0.00014805 0.00023707
387528 239 88.997 0.00014566 0.00023326
387528 240 89.329 0.00014629 0.00023425
387528 241 89.185 0.00014604 0.00023386
387528 242 88.782 0.00014535 0.00023274
387528 243 90.358 0.000148 0.00023693
387528 244 90.431 0.0001481 0.0002371
387528 245 89.913 0.00014721 0.00023572
387528 246 89.759 0.00014702 0.00023538
387528 247 87.672 0.00014555 0.00023309
387528 248 89.256 0.00014601 0.00023382
387528 249 88.561 0.00014485 0.00023196
387528 250 90.66 0.00014829 0.00023748
387528 251 89.864 0.00014705 0.00023543
387528 252 90.463 0.00014794 0.00023693
387528 253 90.344 0.0001478 0.00023668
387528 254 88.369 0.00014458 0.0002315
387528 255 89.882 0.000147 0.00023544
387528 256 88.375 0.00014462 0.00023154
387528 257 90.586 0.00014819 0.00023729
387528 258 89.248 0.00014603 0.00023382
387528 259 88.449 0.00014465 0.00023166
387528 260 87.688 0.00014554 0.00023307
387528 261 88.544 0.00014485 0.00023195
387528 262 89.485 0.00014639 0.00023441
387528 263 89.073 0.00014566 0.00023329
387528 264 90.148 0.00014738 0.00023607
387528 265 88.654 0.00014499 0.00023219
387528 266 90.527 0.00014814 0.00023718
387528 267 88.286 0.00014444 0.00023129
387528 268 88.604 0.00014498 0.00023215
387528 269 90.52 0.00014806 0.0002371
387528 270 89.288 0.00014607 0.0002339
387528 271 90.611 0.00014831 0.00023744
387528 272 89.569 0.00014651 0.00023461
387528 273 86.391 0.00014341 0.00022963
387528 274 89.601 0.00014659 0.00023473
387528 275 90.355 0.00014782 0.0002367
387528 276 89.676 0.00014671 0.00023494
387528 277 90.605 0.00014822 0.00023736
387528 278 90.601 0.00014826 0.0002374
387528 279 89.561 0.00014647 0.00023459
387528 280 90.498 0.00014798 0.00023701
387528 281 89.304 0.00014611 0.00023398
387528 282 90.605 0.00014832 0.00023744
387528 283 88.45 0.00014478 0.00023181
387528 284 89.589 0.00014655 0.0002347
387528 285 88.039 0.00014619 0.00023414
387528 286 88.897 0.00014552 0.000233
387528 287 88.496 0.00014483 0.00023187
387528 288 90.46 0.00014804 0.00023701
387528 289 89.196 0.00014597 0.0002337
387528 290 88.465 0.00014475 0.00023175
387528 291 89.949 0.00014714 0.00023562
387528 292 90.121 0.0001475 0.00023613
387528 293 90.684 0.00014834 0.00023754
387528 294 89.839 0.00014706 0.00023545
387528 295 88.944 0.00014561 0.00023311
387528 296 89.963 0.00014726 0.00023576
387528 297 88.642 0.00014508 0.00023229
387528 298 86.277 0.00014314 0.00022924
387528 299 89.887 0.00014712 0.00023553
387528 300 90.649 0.00014825 0.00023741
387528 301 90.141 0.00014751 0.00023616
387528 302 89.313 0.00014611 0.00023397
387528 303 90.302 0.00014777 0.00023663
387528 304 88.109 0.00014408 0.00023076
387528 305 88.512 0.00014479 0.00023185
387528 306 88.607 0.000145 0.00023214
387528 307 90.602 0.00014824 0.00023736
387528 308 89.38 0.00014637 0.00023438
387528 309 89.802 0.00014695 0.00023528
387528 310 90.503 0.00014799 0.00023702
387528 311 86.751 0.00014396 0.00023054
387528 312 90.096 0.00014744 0.00023608
387528 313 89.596 0.00014655 0.00023469
387528 314 90.62 0.00014837 0.0002375
387528 315 88.672 0.00014507 0.00023232
387528 316 89.841 0.00014697 0.00023535
387528 317 89.843 0.00014696 0.00023536
387528 318 88.506 0.00014477 0.00023184
387528 319 88.848 0.00014534 0.00023274
387528 320 90.547 0.00014811 0.00023719
387528 321 88.391 0.00014457 0.00023152
387528 322 89.005 0.00014561 0.00023318
387528 323 90.554 0.00014809 0.00023718
387528 324 87.005 0.00014435 0.00023119
387528 325 88.606 0.00014495 0.00023212
387528 326 90.617 0.00014817 0.00023732
387528 327 89.399 0.00014629 0.00023422
387528 328 90.426 0.00014793 0.00023689
387528 329 89.088 0.00014567 0.00023332
387528 330 89.507 0.00014649 0.00023455
387528 331 90.57 0.00014825 0.00023734
387528 332 88.468 0.00014475 0.00023178
387528 333 189.33 1.4726e-05 2.0629e-05
387668 9 30069.0 1.7948e-05 0.00011541
387668 10 34278.0 1.7929e-05 0.0001153
387668 11 66934.0 1.8567e-05 0.00011527
387668 12 66842.0 1.8515e-05 0.000115
387668 13 66649.0 1.8433e-05 0.00011468
387668 14 66564.0 1.8395e-05 0.00011449
387668 15 66467.0 1.8376e-05 0.00011433
387668 16 65412.0 1.8287e-05 0.00011415
387668 17 66247.0 1.8282e-05 0.000114
387668 18 66197.0 1.8268e-05 0.00011382
387668 19 66082.0 1.8218e-05 0.00011365
387668 20 66001.0 1.819e-05 0.00011348
387668 21 65900.0 1.8157e-05 0.00011333
387668 22 65821.0 1.8111e-05 0.00011316
387668 23 65716.0 1.8094e-05 0.00011301
387668 24 65658.0 1.8068e-05 0.00011286
387668 25 65564.0 1.8036e-05 0.0001127
387668 26 65471.0 1.7967e-05 0.00011255
387668 27 64805.0 1.7921e-05 0.00011239
387668 28 64749.0 1.7896e-05 0.00011223
387668 29 64908.0 1.7866e-05 0.00011207
387668 30 65134.0 1.7845e-05 0.00011191
387668 31 50314.0 1.7257e-05 0.00011167
387668 32 64913.0 1.7784e-05 0.0001116
387668 33 64858.0 1.7736e-05 0.00011143
387668 34 64763.0 1.77e-05 0.00011127
387668 35 64494.0 1.7663e-05 0.0001111
387668 36 64399.0 1.7645e-05 0.00011096
387668 37 64320.0 1.7595e-05 0.0001108
387668 38 64260.0 1.7554e-05 0.00011063
387668 39 64139.0 1.7528e-05 0.00011048
387668 40 64030.0 1.7508e-05 0.00011032
387668 41 63977.0 1.7484e-05 0.00011016
387668 42 62968.0 1.7381e-05 0.00010999
387668 43 63788.0 1.74e-05 0.00010984
387668 44 26942.0 1.6528e-05 0.00010952
387668 45 8965.3 1.6495e-05 0.00010936
387668 46 63544.0 1.7315e-05 0.00010938
387668 47 48297.0 1.6661e-05 0.00010912
387668 48 63382.0 1.7262e-05 0.00010907
387668 49 63257.0 1.7237e-05 0.00010892
387668 50 63208.0 1.721e-05 0.00010877
387668 51 63082.0 1.7157e-05 0.00010862
387668 52 62979.0 1.7145e-05 0.00010837
387668 53 62663.0 1.7053e-05 0.00010779
387668 54 62807.0 1.7082e-05 0.00010806
387668 55 62688.0 1.7055e-05 0.00010792
387668 56 61697.0 1.6958e-05 0.00010768
387668 57 62551.0 1.6982e-05 0.00010759
387668 58 62446.0 1.6969e-05 0.0001075
387668 59 62397.0 1.6937e-05 0.0001073
387668 60 62292.0 1.6907e-05 0.00010718
387668 61 62228.0 1.6886e-05 0.00010702
387668 62 62179.0 1.6843e-05 0.00010691
387668 63 62106.0 1.6835e-05 0.00010677
387668 64 62038.0 1.6828e-05 0.00010665
387668 65 61968.0 1.6813e-05 0.00010654
387668 66 61905.0 1.6747e-05 0.00010641
387668 67 61780.0 1.6746e-05 0.0001063
387668 68 61754.0 1.6722e-05 0.00010621
387668 69 60739.0 1.6628e-05 0.00010608
387668 70 61643.0 1.6678e-05 0.00010598
387668 71 61612.0 1.6673e-05 0.00010589
387668 72 61535.0 1.6605e-05 0.00010577
387668 73 61511.0 1.6617e-05 0.00010571
387668 74 61457.0 1.6629e-05 0.0001056
387668 75 61394.0 1.6551e-05 0.00010551
387668 76 61360.0 1.6561e-05 0.00010541
387668 77 61295.0 1.6521e-05 0.00010531
387668 78 61216.0 1.655e-05 0.00010522
387668 79 61175.0 1.6511e-05 0.00010511
387668 80 61118.0 1.65e-05 0.000105
387668 81 61067.0 1.6463e-05 0.00010489
387668 82 60127.0 1.6391e-05 0.00010478
387668 83 60962.0 1.6389e-05 0.00010468
387668 84 60882.0 1.6391e-05 0.00010456
387668 85 60818.0 1.6378e-05 0.00010445
387668 86 60728.0 1.6359e-05 0.00010436
387668 87 60679.0 1.6339e-05 0.00010422
387668 88 60626.0 1.6328e-05 0.00010411
387668 89 60565.0 1.6297e-05 0.000104
387668 90 60498.0 1.6263e-05 0.00010388
387668 91 60431.0 1.6248e-05 0.00010376
387668 92 60373.0 1.6257e-05 0.00010365
387668 93 60321.0 1.6217e-05 0.00010356
387668 94 60265.0 1.6189e-05 0.00010347
387668 95 59317.0 1.6126e-05 0.00010335
387668 96 60135.0 1.6143e-05 0.00010324
387668 97 60010.0 1.6128e-05 0.0001031
387668 98 60002.0 1.6149e-05 0.00010302
387668 99 59961.0 1.6095e-05 0.00010292
387668 100 59926.0 1.6081e-05 0.00010284
387668 101 59860.0 1.6069e-05 0.00010275
387668 102 59830.0 1.6058e-05 0.00010268
387668 103 59766.0 1.6062e-05 0.00010259
387668 104 59694.0 1.6023e-05 0.0001025
387668 105 59677.0 1.6002e-05 0.00010241
387668 106 59618.0 1.6004e-05 0.00010232
387668 107 59554.0 1.5964e-05 0.0001022
387668 108 58604.0 1.5878e-05 0.00010209
387668 109 59458.0 1.5915e-05 0.00010201
387668 110 45271.0 1.5109e-05 0.00010181
387668 111 59322.0 1.5884e-05 0.00010182
387668 112 59289.0 1.5878e-05 0.00010172
387668 113 59208.0 1.5862e-05 0.00010162
387668 114 59142.0 1.5856e-05 0.00010152
387668 115 59127.0 1.5802e-05 0.0001014
387668 116 59058.0 1.5831e-05 0.00010132
387668 117 58989.0 1.5759e-05 0.00010122
387668 118 58937.0 1.5777e-05 0.00010113
387668 119 58912.0 1.5759e-05 0.00010105
387668 120 58864.0 1.5712e-05 0.00010093
387668 121 57954.0 1.5641e-05 0.00010081
387668 122 58736.0 1.5714e-05 0.00010073
387668 123 58667.0 1.567e-05 0.00010062
387668 124 58623.0 1.5669e-05 0.00010053
387668 125 58568.0 1.5639e-05 0.00010042
387668 126 58397.0 1.5597e-05 0.00010012
387668 127 58133.0 1.5593e-05 9.9935e-05
387668 128 58323.0 1.5605e-05 0.00010026
387668 129 58295.0 1.5567e-05 0.00010019
387668 130 58270.0 1.5591e-05 0.00010013
387668 131 58188.0 1.557e-05 0.00010005
387668 132 58207.0 1.559e-05 0.00010007
387668 133 58181.0 1.5507e-05 9.998e-05
387668 134 57322.0 1.5459e-05 9.9912e-05
387668 135 58018.0 1.548e-05 9.9686e-05
387668 136 57885.0 1.546e-05 9.947e-05
387668 137 57719.0 1.5385e-05 9.9121e-05
387668 138 57602.0 1.5365e-05 9.8937e-05
387668 139 57663.0 1.5426e-05 9.905e-05
387668 140 57617.0 1.5394e-05 9.8952e-05
387668 141 57401.0 1.5309e-05 9.8604e-05
387668 142 57416.0 1.5359e-05 9.8605e-05
387668 143 57622.0 1.5359e-05 9.8949e-05
387668 144 57584.0 1.5347e-05 9.8871e-05
387668 145 57550.0 1.5358e-05 9.8842e-05
387668 146 56669.0 1.5268e-05 9.8725e-05
387668 147 57432.0 1.528e-05 9.8594e-05
387668 148 57316.0 1.5283e-05 9.8564e-05
387668 149 57384.0 1.5282e-05 9.8524e-05
387668 150 57332.0 1.528e-05 9.8437e-05
387668 151 57272.0 1.5253e-05 9.8335e-05
387668 152 57126.0 1.5229e-05 9.8066e-05
387668 153 57039.0 1.5171e-05 9.7935e-05
387668 154 56823.0 1.5158e-05 9.7526e-05
387668 155 56817.0 1.5126e-05 9.7502e-05
387668 156 56859.0 1.5155e-05 9.7592e-05
387668 157 56751.0 1.5107e-05 9.7408e-05
387668 158 56618.0 1.5073e-05 9.7175e-05
387668 159 55922.0 1.5029e-05 9.7335e-05
387668 160 56789.0 1.5106e-05 9.7458e-05
387668 161 56766.0 1.5104e-05 9.7418e-05
387668 162 56703.0 1.5109e-05 9.7361e-05
387668 163 56694.0 1.5104e-05 9.7281e-05
387668 164 56647.0 1.5088e-05 9.7216e-05
387668 165 56598.0 1.5062e-05 9.7115e-05
387668 166 56530.0 1.5028e-05 9.7002e-05
387668 167 56371.0 1.4999e-05 9.6731e-05
387668 168 56236.0 1.4984e-05 9.6523e-05
387668 169 56085.0 1.4907e-05 9.6214e-05
387668 170 56123.0 1.4928e-05 9.6269e-05
387668 171 56124.0 1.495e-05 9.6268e-05
387668 172 55173.0 1.4817e-05 9.6027e-05
387668 173 55891.0 1.4891e-05 9.5869e-05
387668 174 56024.0 1.4897e-05 9.6141e-05
387668 175 56042.0 1.4904e-05 9.614e-05
387668 176 56029.0 1.4903e-05 9.6161e-05
387668 177 55973.0 1.4906e-05 9.6073e-05
387668 178 55955.0 1.4863e-05 9.5954e-05
387668 179 55904.0 1.4884e-05 9.5916e-05
387668 180 55957.0 1.4866e-05 9.5957e-05
387668 181 55910.0 1.4855e-05 9.5871e-05
387668 182 55861.0 1.4818e-05 9.5779e-05
387668 183 55777.0 1.4818e-05 9.5641e-05
387668 184 55713.0 1.4845e-05 9.5527e-05
387668 185 54715.0 1.4681e-05 9.5221e-05
387668 186 55440.0 1.4738e-05 9.5106e-05
387668 187 55479.0 1.473e-05 9.5118e-05
387668 188 55428.0 1.4768e-05 9.5013e-05
387668 189 55245.0 1.4686e-05 9.468e-05
387668 190 55199.0 1.4647e-05 9.4687e-05
387668 191 55276.0 1.4664e-05 9.4877e-05
387668 192 55197.0 1.4672e-05 9.4767e-05
387668 193 55157.0 1.464e-05 9.4665e-05
387668 194 55166.0 1.4662e-05 9.4691e-05
387668 195 55184.0 1.4629e-05 9.4693e-05
387668 196 55155.0 1.4639e-05 9.4645e-05
387668 197 55115.0 1.4629e-05 9.4578e-05
387668 198 54184.0 1.4517e-05 9.4331e-05
387668 199 54915.0 1.4599e-05 9.423e-05
387668 200 54695.0 1.4521e-05 9.3829e-05
387668 201 54632.0 1.4511e-05 9.3758e-05
387668 202 54661.0 1.4527e-05 9.3754e-05
387668 203 54611.0 1.4504e-05 9.3676e-05
387668 204 54392.0 1.4499e-05 9.3301e-05
387668 205 54489.0 1.4486e-05 9.348e-05
387668 206 54590.0 1.45e-05 9.3639e-05
387668 207 54554.0 1.4476e-05 9.3564e-05
387668 208 54512.0 1.4465e-05 9.3512e-05
387668 209 54582.0 1.4476e-05 9.368e-05
387668 210 54522.0 1.4439e-05 9.3522e-05
387668 211 53721.0 1.4373e-05 9.3468e-05
387668 212 54455.0 1.445e-05 9.3391e-05
387668 213 54312.0 1.4402e-05 9.3222e-05
387668 214 54316.0 1.4423e-05 9.3152e-05
387668 215 54263.0 1.44e-05 9.3052e-05
387668 216 54139.0 1.44e-05 9.2842e-05
387668 217 54016.0 1.4339e-05 9.2612e-05
387668 218 54022.0 1.4348e-05 9.2636e-05
387668 219 54012.0 1.4328e-05 9.2594e-05
387668 220 53852.0 1.4295e-05 9.2314e-05
387668 221 53783.0 1.4324e-05 9.2187e-05
387668 222 53934.0 1.4325e-05 9.2468e-05
387668 223 53910.0 1.4255e-05 9.2389e-05
387668 224 53073.0 1.4205e-05 9.2304e-05
387668 225 53823.0 1.4268e-05 9.2264e-05
387668 226 53843.0 1.4271e-05 9.2311e-05
387668 227 53802.0 1.428e-05 9.2247e-05
387668 228 53765.0 1.4306e-05 9.2195e-05
387668 229 53704.0 1.426e-05 9.2031e-05
387668 230 53607.0 1.4224e-05 9.1882e-05
387668 231 53432.0 1.4206e-05 9.161e-05
387668 232 53347.0 1.4138e-05 9.1472e-05
387668 233 53397.0 1.4172e-05 9.1492e-05
387668 234 53345.0 1.4206e-05 9.1401e-05
387668 235 53136.0 1.4151e-05 9.103e-05
387668 236 53151.0 1.4132e-05 9.1064e-05
387668 237 52517.0 1.4024e-05 9.1298e-05
387668 238 53235.0 1.4161e-05 9.1223e-05
387668 239 53196.0 1.4131e-05 9.1143e-05
387668 240 53199.0 1.4129e-05 9.1143e-05
387668 241 53195.0 1.4074e-05 9.1146e-05
387668 242 53184.0 1.4103e-05 9.1125e-05
387668 243 53153.0 1.411e-05 9.1072e-05
387668 244 53089.0 1.4053e-05 9.0964e-05
387668 245 53026.0 1.4071e-05 9.089e-05
387668 246 52912.0 1.408e-05 9.0652e-05
387668 247 52827.0 1.4029e-05 9.0541e-05
387668 248 52666.0 1.4002e-05 9.0218e-05
387668 249 52665.0 1.3985e-05 9.019e-05
387668 250 51872.0 1.3915e-05 9.0135e-05
387668 251 52487.0 1.3936e-05 8.9943e-05
387668 252 52384.0 1.3986e-05 8.9694e-05
387668 253 52488.0 1.3944e-05 8.9898e-05
387668 254 52536.0 1.3965e-05 8.9976e-05
387668 255 52507.0 1.3919e-05 8.9911e-05
387668 256 52486.0 1.3971e-05 8.9851e-05
387668 257 52516.0 1.3991e-05 8.9935e-05
387668 258 52565.0 1.3965e-05 9.0016e-05
387668 259 52506.0 1.3973e-05 8.9929e-05
387668 260 52474.0 1.3949e-05 8.985e-05
387668 261 52426.0 1.3928e-05 8.9765e-05
387668 262 52335.0 1.3937e-05 8.9595e-05
387668 263 8949.3 1.2147e-05 8.9128e-05
387668 264 20359.0 1.2101e-05 8.8924e-05
387668 265 51974.0 1.3827e-05 8.8976e-05
387668 266 51983.0 1.3836e-05 8.8999e-05
387668 267 51958.0 1.3867e-05 8.8949e-05
387668 268 51787.0 1.3802e-05 8.8648e-05
387668 269 51739.0 1.3813e-05 8.8589e-05
387668 270 51966.0 1.3822e-05 8.8954e-05
387668 271 51938.0 1.3843e-05 8.8899e-05
387668 272 51917.0 1.3816e-05 8.8855e-05
387668 273 51886.0 1.3814e-05 8.8825e-05
387668 274 51903.0 1.3822e-05 8.8842e-05
387668 275 51857.0 1.3752e-05 8.8789e-05
387668 276 51840.0 1.3816e-05 8.8739e-05
387668 277 50992.0 1.3639e-05 8.8536e-05
387668 278 51632.0 1.3732e-05 8.8416e-05
387668 279 51504.0 1.3729e-05 8.8129e-05
387668 280 51432.0 1.3708e-05 8.8003e-05
387668 281 51460.0 1.3719e-05 8.8082e-05
387668 282 51411.0 1.3693e-05 8.7977e-05
387668 283 51253.0 1.3685e-05 8.7693e-05
387668 284 51286.0 1.3733e-05 8.7761e-05
387668 285 51430.0 1.372e-05 8.7991e-05
387668 286 51396.0 1.3687e-05 8.7935e-05
387668 287 51353.0 1.3666e-05 8.7891e-05
387668 288 51344.0 1.3693e-05 8.7862e-05
387668 289 51331.0 1.368e-05 8.7845e-05
387668 290 50563.0 1.3524e-05 8.777e-05
387668 291 51277.0 1.3617e-05 8.7725e-05
387668 292 51160.0 1.3635e-05 8.7525e-05
387668 293 51100.0 1.3652e-05 8.7421e-05
387668 294 50908.0 1.3602e-05 8.7109e-05
387668 295 50896.0 1.3556e-05 8.7097e-05
387668 296 50907.0 1.3619e-05 8.7112e-05
387668 297 50839.0 1.3545e-05 8.6967e-05
387668 298 50698.0 1.3568e-05 8.6747e-05
387668 299 50796.0 1.3502e-05 8.6863e-05
387668 300 50860.0 1.3559e-05 8.6992e-05
387668 301 50747.0 1.3562e-05 8.6936e-05
387668 302 50038.0 1.3404e-05 8.6854e-05
387668 303 50743.0 1.356e-05 8.6877e-05
387668 304 50776.0 1.3541e-05 8.6846e-05
387668 305 50736.0 1.3515e-05 8.6797e-05
387668 306 50690.0 1.3528e-05 8.6717e-05
387668 307 50556.0 1.3499e-05 8.6466e-05
387668 308 50489.0 1.3487e-05 8.6346e-05
387668 309 50221.0 1.3436e-05 8.6065e-05
387668 310 50319.0 1.3475e-05 8.6054e-05
387668 311 50312.0 1.3413e-05 8.6039e-05
387668 312 50202.0 1.3432e-05 8.5842e-05
387668 313 50112.0 1.3423e-05 8.5676e-05
387668 314 33894.0 1.1851e-05 8.5748e-05
387668 315 5.2696 1.1447e-05 8.571e-05
387668 316 40149.0 1.2288e-05 8.5822e-05
387668 317 49501.0 1.328e-05 8.5853e-05
387668 318 50257.0 1.3434e-05 8.5929e-05
387668 319 50225.0 1.3423e-05 8.5873e-05
387668 320 50207.0 1.3396e-05 8.5838e-05
387668 321 50140.0 1.3413e-05 8.5715e-05
387668 322 50025.0 1.3369e-05 8.5537e-05
387668 323 49914.0 1.3366e-05 8.532e-05
387668 324 49780.0 1.3342e-05 8.5107e-05
387668 325 49811.0 1.331e-05 8.5137e-05
387668 326 49768.0 1.3365e-05 8.5102e-05
387668 327 49607.0 1.3365e-05 8.4792e-05
387668 328 49558.0 1.3324e-05 8.4698e-05
387668 329 49025.0 1.3231e-05 8.5017e-05
387668 330 49706.0 1.3337e-05 8.4972e-05
387668 331 49711.0 1.3311e-05 8.4962e-05
387668 332 49675.0 1.3258e-05 8.4883e-05
387668 333 49703.0 1.3347e-05 8.4963e-05
387668 334 49699.0 1.3294e-05 8.495e-05
387668 335 49650.0 1.3299e-05 8.4866e-05
387668 336 49626.0 1.3258e-05 8.4807e-05
387668 337 43376.0 1.2474e-05 8.474e-05
387668 338 5.2798 1.1145e-05 8.4225e-05
387668 339 22546.0 1.1192e-05 8.4157e-05
387668 340 49385.0 1.3225e-05 8.4392e-05
387668 341 49331.0 1.3197e-05 8.4292e-05
387668 342 49153.0 1.3131e-05 8.3981e-05
387668 343 49166.0 1.3175e-05 8.401e-05
387668 344 48461.0 1.3087e-05 8.4022e-05
387668 345 49051.0 1.3187e-05 8.3839e-05
387668 346 48952.0 1.3166e-05 8.3625e-05
387668 347 49098.0 1.3151e-05 8.3881e-05
387668 348 49134.0 1.318e-05 8.3949e-05
387668 349 49116.0 1.3177e-05 8.3917e-05
387668 350 49087.0 1.3214e-05 8.3878e-05
387668 351 49079.0 1.3159e-05 8.3859e-05
387668 352 49066.0 1.3177e-05 8.3822e-05
387668 353 49039.0 1.3183e-05 8.3785e-05
387668 354 48983.0 1.3187e-05 8.3688e-05
387668 355 48853.0 1.3143e-05 8.3452e-05
387668 356 48757.0 1.3145e-05 8.3308e-05
387668 357 47944.0 1.2967e-05 8.3077e-05
387668 358 48641.0 1.306e-05 8.3104e-05
387668 359 48645.0 1.3056e-05 8.309e-05
387668 360 48533.0 1.3075e-05 8.2905e-05
387668 361 48288.0 1.302e-05 8.2762e-05
387668 362 48437.0 1.3031e-05 8.3009e-05
387668 363 48434.0 1.3021e-05 8.3011e-05
387668 364 48436.0 1.3039e-05 8.3005e-05
387668 365 48397.0 1.3031e-05 8.2935e-05
387668 366 48406.0 1.3102e-05 8.2969e-05
387668 367 48319.0 1.3083e-05 8.2912e-05
387668 368 48364.0 1.3025e-05 8.2877e-05
387668 369 48284.0 1.3047e-05 8.2737e-05
387668 370 47468.0 1.2858e-05 8.2541e-05
387668 371 48066.0 1.3029e-05 8.2342e-05
387668 372 47889.0 1.2917e-05 8.2161e-05
387668 373 48004.0 1.2986e-05 8.222e-05
387668 374 47896.0 1.2959e-05 8.2171e-05
387668 375 47804.0 1.2929e-05 8.1877e-05
387668 376 47763.0 1.2922e-05 8.1805e-05
387668 377 47906.0 1.2934e-05 8.2147e-05
387668 378 47944.0 1.2982e-05 8.2119e-05
387668 379 47918.0 1.2969e-05 8.2096e-05
387668 380 47878.0 1.2954e-05 8.2019e-05
387668 381 47807.0 1.2915e-05 8.1938e-05
387668 382 47159.0 1.2844e-05 8.193e-05
387668 383 47854.0 1.2973e-05 8.1958e-05
387668 384 47838.0 1.29e-05 8.1935e-05
387668 385 47820.0 1.2967e-05 8.1892e-05
387668 386 47769.0 1.2971e-05 8.1801e-05
387668 387 47713.0 1.2908e-05 8.1755e-05
387668 388 47624.0 1.288e-05 8.1551e-05
387668 389 47564.0 1.2857e-05 8.1435e-05
387668 390 47430.0 1.2871e-05 8.1193e-05
387668 391 47459.0 1.2857e-05 8.1238e-05
387668 392 47480.0 1.2862e-05 8.1289e-05
387668 393 47415.0 1.2867e-05 8.1173e-05
387668 394 47351.0 1.283e-05 8.1068e-05
387668 395 46743.0 1.274e-05 8.1194e-05
387668 396 47472.0 1.2837e-05 8.1258e-05
387668 397 47463.0 1.2875e-05 8.1254e-05
387668 398 47446.0 1.2803e-05 8.1211e-05
387668 399 47344.0 1.2816e-05 8.1091e-05
387668 400 47357.0 1.2843e-05 8.1065e-05
387668 401 47357.0 1.2889e-05 8.1067e-05
387668 402 47301.0 1.2862e-05 8.098e-05
387668 403 47245.0 1.2769e-05 8.0871e-05
387668 404 35503.0 1.1253e-05 8.0685e-05
387668 405 4.8889 1.0426e-05 8.0495e-05
387668 406 27343.0 1.0654e-05 8.0381e-05
387668 407 47041.0 1.2835e-05 8.051e-05
387668 408 47003.0 1.278e-05 8.0589e-05
387668 409 46310.0 1.2693e-05 8.0544e-05
387668 410 46975.0 1.2723e-05 8.0397e-05
387668 411 46960.0 1.2791e-05 8.0355e-05
387668 412 46980.0 1.276e-05 8.0451e-05
387668 413 46961.0 1.2753e-05 8.0382e-05
387668 414 46928.0 1.2751e-05 8.0289e-05
387668 415 46891.0 1.2767e-05 8.0256e-05
387668 416 46850.0 1.2708e-05 8.0219e-05
387668 417 46764.0 1.2739e-05 8.011e-05
387668 418 46772.0 1.271e-05 8.0025e-05
387668 419 46762.0 1.2676e-05 7.9997e-05
387668 420 46719.0 1.2741e-05 7.9947e-05
387668 421 46627.0 1.2674e-05 7.9763e-05
387668 422 45892.0 1.2595e-05 7.9689e-05
387668 423 46626.0 1.2688e-05 7.9779e-05
387668 424 46586.0 1.2767e-05 7.9712e-05
387668 425 46495.0 1.2678e-05 7.9569e-05
387668 426 46526.0 1.2649e-05 7.9574e-05
387668 427 46535.0 1.2698e-05 7.9611e-05
387668 428 46502.0 1.2615e-05 7.9538e-05
387668 429 46460.0 1.2712e-05 7.9462e-05
387668 430 46450.0 1.2697e-05 7.9446e-05
387668 431 46494.0 1.2691e-05 7.9516e-05
387668 432 46360.0 1.2643e-05 7.9298e-05
387668 433 46333.0 1.2698e-05 7.9246e-05
387668 434 46304.0 1.2638e-05 7.9181e-05
387668 435 45594.0 1.2488e-05 7.9087e-05
387668 436 46148.0 1.2674e-05 7.8909e-05
387668 437 46125.0 1.2692e-05 7.8908e-05
387668 438 46184.0 1.266e-05 7.8971e-05
387668 439 46130.0 1.2582e-05 7.8868e-05
387668 440 46068.0 1.2621e-05 7.8775e-05
387668 441 46092.0 1.2689e-05 7.8817e-05
387668 442 46103.0 1.2645e-05 7.8832e-05
387668 443 46042.0 1.2591e-05 7.875e-05
387668 444 46032.0 1.2634e-05 7.8692e-05
387668 445 46012.0 1.2605e-05 7.8663e-05
387668 446 45960.0 1.2594e-05 7.8599e-05
387668 447 45897.0 1.2524e-05 7.8454e-05
387668 448 45136.0 1.243e-05 7.8405e-05
387668 449 45788.0 1.2584e-05 7.8401e-05
387668 450 45716.0 1.2525e-05 7.8269e-05
387668 451 45632.0 1.2513e-05 7.8128e-05
387668 452 45665.0 1.2536e-05 7.8176e-05
387668 453 45650.0 1.2522e-05 7.8186e-05
387668 454 45605.0 1.2523e-05 7.8064e-05
387668 455 45565.0 1.2556e-05 7.7984e-05
387668 456 14161.0 9.9218e-06 7.7763e-05
387668 457 3198.3 9.9132e-06 7.7727e-05
387668 458 45536.0 1.2508e-05 7.7943e-05
387668 459 45509.0 1.2505e-05 7.7898e-05
387668 460 45498.0 1.2505e-05 7.788e-05
387668 461 45411.0 1.2477e-05 7.7805e-05
387668 462 44755.0 1.2353e-05 7.7704e-05
387668 463 45382.0 1.2532e-05 7.7679e-05
387668 464 45348.0 1.2516e-05 7.7619e-05
387668 465 45273.0 1.2503e-05 7.7457e-05
387668 466 45146.0 1.2442e-05 7.7339e-05
387668 467 45222.0 1.2459e-05 7.7402e-05
387668 468 45197.0 1.2439e-05 7.7359e-05
387668 469 45112.0 1.2447e-05 7.7185e-05
387668 470 45101.0 1.247e-05 7.7157e-05
387668 471 45163.0 1.2482e-05 7.7285e-05
387668 472 45121.0 1.2413e-05 7.7231e-05
387668 473 45103.0 1.2462e-05 7.7165e-05
387668 474 45079.0 1.2459e-05 7.7128e-05
387668 475 44417.0 1.2286e-05 7.7088e-05
387668 476 45013.0 1.2419e-05 7.7008e-05
387668 477 44953.0 1.2393e-05 7.6927e-05
387668 478 44943.0 1.2471e-05 7.6893e-05
387668 479 44913.0 1.2399e-05 7.6829e-05
387668 480 44766.0 1.2389e-05 7.665e-05
387668 481 44776.0 1.2419e-05 7.6582e-05
387668 482 44817.0 1.2394e-05 7.6673e-05
387668 483 44783.0 1.2412e-05 7.6613e-05
387668 484 44725.0 1.2454e-05 7.6504e-05
387668 485 44691.0 1.2359e-05 7.6487e-05
387668 486 44747.0 1.2437e-05 7.6547e-05
387668 487 44716.0 1.2406e-05 7.648e-05
387668 488 44027.0 1.2131e-05 7.638e-05
387668 489 44643.0 1.237e-05 7.6375e-05
387668 490 44632.0 1.2344e-05 7.6334e-05
387668 491 44568.0 1.2395e-05 7.6228e-05
387668 492 44534.0 1.2354e-05 7.6165e-05
387668 493 44515.0 1.2372e-05 7.612e-05
387668 494 44460.0 1.2366e-05 7.6044e-05
387668 495 44348.0 1.2298e-05 7.5846e-05
387668 496 44353.0 1.2308e-05 7.5838e-05
387668 497 44363.0 1.2304e-05 7.5887e-05
387668 498 44313.0 1.2379e-05 7.5802e-05
387668 499 44280.0 1.2279e-05 7.5693e-05
387668 500 44304.0 1.2327e-05 7.5755e-05
387668 501 43599.0 1.2141e-05 7.5762e-05
387668 502 44287.0 1.2334e-05 7.5713e-05
387668 503 44253.0 1.2302e-05 7.5658e-05
387668 504 44238.0 1.2338e-05 7.5628e-05
387668 505 44177.0 1.2283e-05 7.5564e-05
387668 506 44116.0 1.2246e-05 7.5412e-05
387668 507 44100.0 1.2201e-05 7.5373e-05
387668 508 44076.0 1.2272e-05 7.5346e-05
387668 509 44024.0 1.2295e-05 7.5243e-05
387668 510 43937.0 1.2267e-05 7.5099e-05
387668 511 43970.0 1.228e-05 7.5153e-05
387668 512 43975.0 1.2267e-05 7.516e-05
387668 513 43906.0 1.2316e-05 7.5066e-05
387668 514 43251.0 1.2113e-05 7.4978e-05
387668 515 43941.0 1.224e-05 7.5105e-05
387668 516 43945.0 1.2308e-05 7.5106e-05
387668 517 43868.0 1.2299e-05 7.5044e-05
387668 518 43889.0 1.2259e-05 7.4998e-05
387668 519 43868.0 1.2285e-05 7.4969e-05
387668 520 43834.0 1.2237e-05 7.4908e-05
387668 521 43757.0 1.222e-05 7.4817e-05
387668 522 43750.0 1.2222e-05 7.4769e-05
387668 523 43714.0 1.2217e-05 7.4709e-05
387668 524 43688.0 1.2302e-05 7.4671e-05
387668 525 43525.0 1.2212e-05 7.4458e-05
387668 526 43544.0 1.2199e-05 7.4515e-05
387668 527 42876.0 1.2031e-05 7.449e-05
387668 528 43477.0 1.225e-05 7.4387e-05
387668 529 43442.0 1.2217e-05 7.4347e-05
387668 530 43562.0 1.2238e-05 7.455e-05
387668 531 43476.0 1.2138e-05 7.4396e-05
387668 532 43470.0 1.2214e-05 7.433e-05
387668 533 43447.0 1.2146e-05 7.4288e-05
387668 534 43409.0 1.2184e-05 7.4243e-05
387668 535 43323.0 1.2223e-05 7.4164e-05
387668 536 43264.0 1.2197e-05 7.4072e-05
387668 537 43298.0 1.2272e-05 7.4042e-05
387668 538 43305.0 1.2195e-05 7.3986e-05
387668 539 43153.0 1.2155e-05 7.381e-05
387668 540 42466.0 1.2011e-05 7.3717e-05
387668 541 43135.0 1.2204e-05 7.3841e-05
387668 542 43128.0 1.2235e-05 7.3791e-05
387668 543 43054.0 1.2214e-05 7.3665e-05
387668 544 43054.0 1.2206e-05 7.3661e-05
387668 545 43098.0 1.2087e-05 7.3725e-05
387668 546 13655.0 9.1042e-06 7.3348e-05
387668 547 4.2198 9.0706e-06 7.3294e-05
387668 548 4.2046 9.0626e-06 7.3257e-05
387668 549 21928.0 9.2677e-06 7.3266e-05
387668 550 42917.0 1.2048e-05 7.3432e-05
387668 551 42896.0 1.2143e-05 7.3369e-05
387668 552 42868.0 1.2115e-05 7.3328e-05
387668 553 42832.0 1.2117e-05 7.3278e-05
387668 554 42723.0 1.2117e-05 7.307e-05
387668 555 42115.0 1.2026e-05 7.3052e-05
387668 556 42764.0 1.2222e-05 7.3153e-05
387668 557 42698.0 1.2079e-05 7.3081e-05
387668 558 42689.0 1.2091e-05 7.2995e-05
387668 559 31946.0 1.0129e-05 7.2827e-05
387668 560 4.7494 8.9637e-06 7.2721e-05
387668 561 20415.0 9.1189e-06 7.2704e-05
387668 562 42659.0 1.2098e-05 7.2943e-05
387668 563 42637.0 1.2132e-05 7.2913e-05
387668 564 42613.0 1.2091e-05 7.2862e-05
387668 565 42537.0 1.21e-05 7.276e-05
387668 566 42511.0 1.2096e-05 7.2723e-05
387668 567 42500.0 1.2106e-05 7.2663e-05
387668 568 42451.0 1.2131e-05 7.2575e-05
387668 569 41715.0 1.1897e-05 7.238e-05
387668 570 42344.0 1.2059e-05 7.2426e-05
387668 571 42384.0 1.2036e-05 7.2454e-05
387668 572 42318.0 1.21e-05 7.2346e-05
387668 573 42266.0 1.2078e-05 7.2237e-05
387668 574 42323.0 1.2075e-05 7.234e-05
387668 575 42324.0 1.1996e-05 7.2338e-05
387668 576 42297.0 1.2091e-05 7.2302e-05
387668 577 42264.0 1.2079e-05 7.2249e-05
387668 578 42266.0 1.2049e-05 7.2239e-05
387668 579 42231.0 1.2039e-05 7.2181e-05
387668 580 42186.0 1.2048e-05 7.2116e-05
387668 581 42165.0 1.2096e-05 7.2064e-05
387668 582 41496.0 1.1898e-05 7.1962e-05
387668 583 42033.0 1.1973e-05 7.1832e-05
387668 584 41956.0 1.1971e-05 7.1691e-05
387668 585 41981.0 1.202e-05 7.1753e-05
387668 586 42000.0 1.2033e-05 7.1763e-05
387668 587 41920.0 1.203e-05 7.1643e-05
387668 588 41888.0 1.2072e-05 7.1597e-05
387668 589 41966.0 1.1977e-05 7.1719e-05
387668 590 41956.0 1.197e-05 7.1685e-05
387668 591 41933.0 1.1933e-05 7.1648e-05
387668 592 41902.0 1.2061e-05 7.1607e-05
387668 593 41880.0 1.2004e-05 7.1566e-05
387668 594 41842.0 1.2016e-05 7.1486e-05
387668 595 41158.0 1.1864e-05 7.1385e-05
387668 596 41750.0 1.1963e-05 7.1344e-05
387668 597 41730.0 1.1943e-05 7.1289e-05
387668 598 41620.0 1.2049e-05 7.1113e-05
387668 599 41586.0 1.201e-05 7.1032e-05
387668 600 41623.0 1.1944e-05 7.1134e-05
387668 601 41610.0 1.2005e-05 7.1096e-05
387668 602 41552.0 1.197e-05 7.0971e-05
387668 603 41541.0 1.1967e-05 7.0966e-05
387668 604 41606.0 1.1974e-05 7.1085e-05
387668 605 41563.0 1.1934e-05 7.1066e-05
387668 606 41585.0 1.2006e-05 7.1029e-05
387668 607 41546.0 1.1983e-05 7.0983e-05
387668 608 40935.0 1.1878e-05 7.0939e-05
387668 609 41489.0 1.1972e-05 7.0867e-05
387668 610 41460.0 1.1883e-05 7.0802e-05
387668 611 41402.0 1.2009e-05 7.0737e-05
387668 612 41380.0 1.1986e-05 7.0672e-05
387668 613 41238.0 1.1992e-05 7.0444e-05
387668 614 41236.0 1.204e-05 7.0434e-05
387668 615 41264.0 1.1946e-05 7.0497e-05
387668 616 41236.0 1.192e-05 7.0424e-05
387668 617 41170.0 1.1997e-05 7.0318e-05
387668 618 41182.0 1.1957e-05 7.0387e-05
387668 619 41241.0 1.194e-05 7.0446e-05
387668 620 41228.0 1.1915e-05 7.0414e-05
387668 621 40598.0 1.1888e-05 7.0371e-05
387668 622 41181.0 1.1966e-05 7.0331e-05
387668 623 41152.0 1.1941e-05 7.0284e-05
387668 624 41112.0 1.1929e-05 7.0205e-05
387668 625 41100.0 1.195e-05 7.0173e-05
387668 626 41025.0 1.1994e-05 7.0064e-05
387668 627 40983.0 1.1903e-05 6.9977e-05
387668 628 40874.0 1.1869e-05 6.9783e-05
387668 629 40824.0 1.1924e-05 6.9808e-05
387668 630 40852.0 1.1942e-05 6.9862e-05
387668 631 40762.0 1.1921e-05 6.9756e-05
387668 632 40756.0 1.1954e-05 6.9677e-05
387668 633 40207.0 1.1736e-05 6.9762e-05
387668 634 40813.0 1.194e-05 6.9801e-05
387668 635 40808.0 1.1799e-05 6.9767e-05
387668 636 40773.0 1.1947e-05 6.9736e-05
387668 637 40758.0 1.1874e-05 6.9676e-05
387668 638 40723.0 1.1949e-05 6.9632e-05
387668 639 40671.0 1.1974e-05 6.9543e-05
387668 640 40639.0 1.1899e-05 6.9487e-05
387668 641 40587.0 1.1886e-05 6.9398e-05
387668 642 40530.0 1.1872e-05 6.9273e-05
387668 643 40491.0 1.1904e-05 6.9228e-05
387668 644 40474.0 1.1876e-05 6.9194e-05
387668 645 40491.0 1.1895e-05 6.9216e-05
387668 646 39848.0 1.1769e-05 6.9095e-05
387668 647 40389.0 1.197e-05 6.9038e-05
387668 648 40470.0 1.187e-05 6.9177e-05
387668 649 40445.0 1.1932e-05 6.9162e-05
387668 650 40453.0 1.1861e-05 6.9134e-05
387668 651 40422.0 1.1934e-05 6.9092e-05
387668 652 40383.0 1.1863e-05 6.9039e-05
387668 653 40362.0 1.1807e-05 6.8977e-05
387668 654 40313.0 1.1924e-05 6.8913e-05
387668 655 40272.0 1.187e-05 6.8843e-05
387668 656 40243.0 1.1871e-05 6.8768e-05
387668 657 40112.0 1.1859e-05 6.8569e-05
387668 658 40088.0 1.19e-05 6.8499e-05
387668 659 39564.0 1.174e-05 6.8589e-05
387668 660 40127.0 1.1898e-05 6.8562e-05
387668 661 40050.0 1.196e-05 6.8434e-05
387668 662 40042.0 1.1928e-05 6.8419e-05
387668 663 40133.0 1.1918e-05 6.8567e-05
387668 664 40121.0 1.1867e-05 6.854e-05
387668 665 40091.0 1.1856e-05 6.8514e-05
387668 666 40071.0 1.1891e-05 6.847e-05
387668 667 40047.0 1.1901e-05 6.843e-05
387668 668 40015.0 1.1904e-05 6.8359e-05
387668 669 39973.0 1.1893e-05 6.8291e-05
387668 670 39943.0 1.185e-05 6.8251e-05
387668 671 39919.0 1.1734e-05 6.8199e-05
387668 672 39218.0 1.1627e-05 6.7965e-05
387668 673 39794.0 1.1968e-05 6.7979e-05
387668 674 39843.0 1.1854e-05 6.8067e-05
387668 675 39789.0 1.1795e-05 6.7999e-05
387668 676 39743.0 1.1817e-05 6.7878e-05
387668 677 39761.0 1.1889e-05 6.793e-05
387668 678 39820.0 1.1792e-05 6.8022e-05
387668 679 39806.0 1.1808e-05 6.8004e-05
387668 680 39782.0 1.1892e-05 6.798e-05
387668 681 39753.0 1.1755e-05 6.7917e-05
387668 682 39701.0 1.191e-05 6.789e-05
387668 683 39692.0 1.1796e-05 6.7805e-05
387668 684 39676.0 1.1806e-05 6.7765e-05
387668 685 39036.0 1.1624e-05 6.7634e-05
387668 686 39566.0 1.175e-05 6.7575e-05
387668 687 39463.0 1.1688e-05 6.7375e-05
387668 688 39444.0 1.1776e-05 6.7372e-05
387668 689 39490.0 1.1827e-05 6.7442e-05
387668 690 39443.0 1.1916e-05 6.7363e-05
387668 691 39385.0 1.1847e-05 6.7267e-05
387668 692 39444.0 1.1887e-05 6.7363e-05
387668 693 39472.0 1.1791e-05 6.7413e-05
387668 694 39468.0 1.1779e-05 6.7385e-05
387668 695 39448.0 1.1716e-05 6.7364e-05
387668 696 39350.0 1.1835e-05 6.7289e-05
387668 697 39387.0 1.1861e-05 6.7266e-05
387668 698 38817.0 1.1656e-05 6.7239e-05
387668 699 39368.0 1.1872e-05 6.7239e-05
387668 700 15183.0 8.0117e-06 6.6821e-05
387668 701 14943.0 7.9959e-06 6.6755e-05
387668 702 39255.0 1.1789e-05 6.7025e-05
387668 703 39154.0 1.181e-05 6.6864e-05
387668 704 39103.0 1.1831e-05 6.6758e-05
387668 705 39129.0 1.1782e-05 6.6823e-05
387668 706 39154.0 1.1823e-05 6.6862e-05
387668 707 39093.0 1.1773e-05 6.6751e-05
387668 708 39047.0 1.1844e-05 6.6666e-05
387668 709 39168.0 1.186e-05 6.687e-05
387668 710 39136.0 1.1726e-05 6.682e-05
387668 711 39136.0 1.191e-05 6.6826e-05
387668 712 38521.0 1.1653e-05 6.6758e-05
387668 713 39069.0 1.1788e-05 6.6723e-05
387668 714 39048.0 1.186e-05 6.6668e-05
387668 715 39019.0 1.1745e-05 6.66e-05
387668 716 38930.0 1.1799e-05 6.6511e-05
387668 717 38926.0 1.1806e-05 6.645e-05
387668 718 38817.0 1.1702e-05 6.6258e-05
387668 719 38779.0 1.1817e-05 6.6201e-05
387668 720 38840.0 1.1824e-05 6.6305e-05
387668 721 38813.0 1.1681e-05 6.6245e-05
387668 722 38728.0 1.1834e-05 6.6136e-05
387668 723 38747.0 1.1764e-05 6.6148e-05
387668 724 38820.0 1.1826e-05 6.6269e-05
387668 725 38250.0 1.157e-05 6.6225e-05
387668 726 18971.0 8.0507e-06 6.5915e-05
387668 727 3.7216 7.7753e-06 6.5886e-05
387668 728 4.0642 7.7619e-06 6.5752e-05
387668 729 20072.0 8.0909e-06 6.5694e-05
387668 730 38652.0 1.1806e-05 6.5976e-05
387668 731 38524.0 1.1769e-05 6.6063e-05
387668 732 38672.0 1.1804e-05 6.6023e-05
387668 733 38634.0 1.1786e-05 6.5941e-05
387668 734 38613.0 1.1834e-05 6.5921e-05
387668 735 38597.0 1.1762e-05 6.5881e-05
387668 736 38541.0 1.1762e-05 6.5774e-05
387668 737 38467.0 1.182e-05 6.5685e-05
387668 738 38494.0 1.1776e-05 6.5705e-05
387668 739 20853.0 8.141e-06 6.5394e-05
387668 740 0.0 0.0 0.0
387668 741 4.211 7.6695e-06 6.5158e-05
387668 742 17280.0 7.8704e-06 6.5279e-05
387668 743 38436.0 1.1802e-05 6.5595e-05
387668 744 38387.0 1.1795e-05 6.5537e-05
387668 745 38379.0 1.1651e-05 6.5499e-05
387668 746 38380.0 1.1639e-05 6.5498e-05
387668 747 38347.0 1.1835e-05 6.5462e-05
387668 748 38323.0 1.1763e-05 6.5399e-05
387668 749 38281.0 1.1711e-05 6.5347e-05
387668 750 16863.0 7.8113e-06 6.4962e-05
387669 1 37761.0 1.179e-05 6.498e-05
387669 2 38049.0 1.1802e-05 6.4957e-05
387669 3 38056.0 1.1703e-05 6.4938e-05
387669 4 38000.0 1.176e-05 6.4862e-05
387669 5 37983.0 1.1747e-05 6.4805e-05
387669 6 37944.0 1.1664e-05 6.4761e-05
387669 7 37944.0 1.1866e-05 6.4742e-05
387669 8 37810.0 1.1746e-05 6.457e-05
387669 9 37834.0 1.174e-05 6.4551e-05
387669 10 37863.0 1.174e-05 6.4598e-05
387669 11 37818.0 1.181e-05 6.4533e-05
387669 12 37762.0 1.1732e-05 6.4424e-05
387669 13 37232.0 1.1579e-05 6.4447e-05
387669 14 37809.0 1.1774e-05 6.4506e-05
387669 15 37777.0 1.1712e-05 6.4448e-05
387669 16 37749.0 1.1781e-05 6.4412e-05
387669 17 37754.0 1.1769e-05 6.4412e-05
387669 18 37738.0 1.1703e-05 6.4379e-05
387669 19 37683.0 1.173e-05 6.4304e-05
387669 20 37680.0 1.1673e-05 6.4266e-05
387669 21 37642.0 1.175e-05 6.4219e-05
387669 22 37611.0 1.182e-05 6.4166e-05
387669 23 37521.0 1.171e-05 6.4024e-05
387669 24 37543.0 1.1829e-05 6.4054e-05
387669 25 37563.0 1.1751e-05 6.4065e-05
387669 26 36973.0 1.1487e-05 6.3969e-05
387669 27 37466.0 1.1815e-05 6.3915e-05
387669 28 37495.0 1.164e-05 6.3963e-05
387669 29 37496.0 1.1729e-05 6.3967e-05
387669 30 37459.0 1.1765e-05 6.3907e-05
387669 31 37452.0 1.1707e-05 6.3879e-05
387669 32 37447.0 1.1754e-05 6.3869e-05
387669 33 37420.0 1.1803e-05 6.3837e-05
387669 34 37375.0 1.1756e-05 6.3756e-05
387669 35 37359.0 1.1759e-05 6.3727e-05
387669 36 37352.0 1.1719e-05 6.3713e-05
387669 37 37291.0 1.1716e-05 6.3614e-05
387669 38 37186.0 1.1796e-05 6.352e-05
387669 39 36723.0 1.1546e-05 6.3548e-05
387669 40 37257.0 1.1704e-05 6.3539e-05
387669 41 37191.0 1.1775e-05 6.3434e-05
387669 42 37144.0 1.1818e-05 6.3389e-05
387669 43 37227.0 1.1679e-05 6.3488e-05
387669 44 37208.0 1.1641e-05 6.3455e-05
387669 45 37193.0 1.1783e-05 6.3438e-05
387669 46 37195.0 1.1798e-05 6.3437e-05
387669 47 37184.0 1.1734e-05 6.3423e-05
387669 48 37158.0 1.1686e-05 6.3371e-05
387669 49 37118.0 1.1672e-05 6.3301e-05
387669 50 37105.0 1.1779e-05 6.3284e-05
387669 51 37078.0 1.1772e-05 6.324e-05
387669 52 36467.0 1.154e-05 6.309e-05
387669 53 36969.0 1.1737e-05 6.305e-05
387669 54 37008.0 1.1722e-05 6.3116e-05
387669 55 36964.0 1.168e-05 6.3077e-05
387669 56 36944.0 1.1761e-05 6.3004e-05
387669 57 36931.0 1.1785e-05 6.299e-05
387669 58 36971.0 1.1727e-05 6.3045e-05
387669 59 36952.0 1.1714e-05 6.3006e-05
387669 60 36921.0 1.1783e-05 6.297e-05
387669 61 36903.0 1.1782e-05 6.2934e-05
387669 62 36874.0 1.1634e-05 6.2896e-05
387669 63 36839.0 1.1776e-05 6.2822e-05
387669 64 36804.0 1.1737e-05 6.2772e-05
387669 65 36270.0 1.1613e-05 6.2749e-05
387669 66 36746.0 1.1745e-05 6.2714e-05
387669 67 36690.0 1.1776e-05 6.2577e-05
387669 68 36601.0 1.169e-05 6.2557e-05
387669 69 36639.0 1.1681e-05 6.2604e-05
387669 70 36607.0 1.1692e-05 6.2545e-05
387669 71 36552.0 1.1714e-05 6.2462e-05
387669 72 36563.0 1.1753e-05 6.2488e-05
387669 73 36580.0 1.1689e-05 6.2508e-05
387669 74 36560.0 1.1721e-05 6.2475e-05
387669 75 36540.0 1.1755e-05 6.243e-05
387669 76 36519.0 1.1608e-05 6.2407e-05
387669 77 36517.0 1.1685e-05 6.2391e-05
387669 78 35944.0 1.1509e-05 6.2301e-05
387669 79 36454.0 1.1641e-05 6.2285e-05
387669 80 36415.0 1.1678e-05 6.2232e-05
387669 81 36369.0 1.1757e-05 6.2179e-05
387669 82 36273.0 1.1625e-05 6.2042e-05
387669 83 36299.0 1.1635e-05 6.2049e-05
387669 84 36330.0 1.166e-05 6.2061e-05
387669 85 36280.0 1.1808e-05 6.1984e-05
387669 86 36236.0 1.1813e-05 6.1907e-05
387669 87 36276.0 1.1646e-05 6.1962e-05
387669 88 36283.0 1.1682e-05 6.1986e-05
387669 89 36258.0 1.1763e-05 6.1935e-05
387669 90 36229.0 1.1646e-05 6.1892e-05
387669 91 35713.0 1.1519e-05 6.1891e-05
387669 92 36222.0 1.1731e-05 6.1872e-05
387669 93 36180.0 1.1666e-05 6.1803e-05
387669 94 36162.0 1.1766e-05 6.1777e-05
387669 95 36121.0 1.1718e-05 6.1718e-05
387669 96 36052.0 1.1722e-05 6.1617e-05
387669 97 36018.0 1.1782e-05 6.1515e-05
387669 98 36017.0 1.1651e-05 6.1531e-05
387669 99 36022.0 1.1633e-05 6.1512e-05
387669 100 35958.0 1.1706e-05 6.1406e-05
387669 101 35924.0 1.1733e-05 6.1359e-05
387669 102 35998.0 1.1726e-05 6.1482e-05
387669 103 35983.0 1.173e-05 6.146e-05
387669 104 35451.0 1.1484e-05 6.1407e-05
387669 105 35956.0 1.1673e-05 6.1397e-05
387669 106 35948.0 1.1734e-05 6.1402e-05
387669 107 35931.0 1.1709e-05 6.1362e-05
387669 108 35899.0 1.1745e-05 6.1313e-05
387669 109 35862.0 1.1694e-05 6.1254e-05
387669 110 35838.0 1.1673e-05 6.1193e-05
387669 111 35752.0 1.1822e-05 6.1077e-05
387669 112 35715.0 1.1782e-05 6.1e-05
387669 113 35766.0 1.1789e-05 6.1075e-05
387669 114 35736.0 1.166e-05 6.1028e-05
387669 115 35682.0 1.174e-05 6.0935e-05
387669 116 35682.0 1.1785e-05 6.0931e-05
387669 117 35216.0 1.1439e-05 6.0987e-05
387669 118 35711.0 1.1682e-05 6.0975e-05
387669 119 35694.0 1.1769e-05 6.0955e-05
387669 120 35676.0 1.1774e-05 6.0926e-05
387669 121 35658.0 1.172e-05 6.0892e-05
387669 122 35570.0 1.1787e-05 6.084e-05
387669 123 35641.0 1.1757e-05 6.0871e-05
387669 124 35534.0 1.1692e-05 6.0685e-05
387669 125 35520.0 1.1796e-05 6.0654e-05
387669 126 35528.0 1.1577e-05 6.0645e-05
387669 127 35491.0 1.1797e-05 6.0611e-05
387669 128 35392.0 1.1795e-05 6.044e-05
387669 129 35392.0 1.1741e-05 6.0448e-05
387669 130 26383.0 8.8385e-06 6.0256e-05
387669 131 32162.0 1.0645e-05 6.03e-05
387669 132 35300.0 1.1758e-05 6.0314e-05
387669 133 35365.0 1.1668e-05 6.0381e-05
387669 134 35389.0 1.1737e-05 6.0419e-05
387669 135 35370.0 1.1717e-05 6.0393e-05
387669 136 35364.0 1.16e-05 6.0366e-05
387669 137 35370.0 1.1687e-05 6.0428e-05
387669 138 35335.0 1.1719e-05 6.0327e-05
387669 139 35272.0 1.178e-05 6.0256e-05
387669 140 35271.0 1.1751e-05 6.0224e-05
387669 141 35235.0 1.172e-05 6.0153e-05
387669 142 35172.0 1.1749e-05 6.0069e-05
387669 143 34624.0 1.151e-05 5.9947e-05
387669 144 35137.0 1.1734e-05 6.0011e-05
387669 145 35164.0 1.1704e-05 6.0028e-05
387669 146 35127.0 1.1792e-05 5.9969e-05
387669 147 35090.0 1.178e-05 5.9919e-05
387669 148 35142.0 1.1794e-05 5.9992e-05
387669 149 35136.0 1.1787e-05 5.9983e-05
387669 150 35114.0 1.1828e-05 5.9958e-05
387669 151 35106.0 1.1643e-05 5.9918e-05
387669 152 35085.0 1.1658e-05 5.988e-05
387669 153 35058.0 1.1775e-05 5.9843e-05
387669 154 34979.0 1.1657e-05 5.977e-05
387669 155 34997.0 1.1727e-05 5.9745e-05
387669 156 34451.0 1.1494e-05 5.9671e-05
387669 157 34909.0 1.1844e-05 5.9585e-05
387669 158 34862.0 1.1801e-05 5.9507e-05
387669 159 34894.0 1.172e-05 5.9561e-05
387669 160 34895.0 1.1747e-05 5.9572e-05
387669 161 34852.0 1.1824e-05 5.9493e-05
387669 162 34839.0 1.1844e-05 5.9467e-05
387669 163 34896.0 1.1753e-05 5.9564e-05
387669 164 34870.0 1.1798e-05 5.9535e-05
387669 165 34862.0 1.1745e-05 5.9502e-05
387669 166 34842.0 1.1772e-05 5.9471e-05
387669 167 34825.0 1.1771e-05 5.9451e-05
387669 168 34796.0 1.1783e-05 5.9403e-05
387669 169 34223.0 1.154e-05 5.9375e-05
387669 170 34760.0 1.1831e-05 5.9341e-05
387669 171 34738.0 1.1805e-05 5.9289e-05
387669 172 34636.0 1.1728e-05 5.913e-05
387669 173 34619.0 1.1792e-05 5.9087e-05
387669 174 34664.0 1.1738e-05 5.9154e-05
387669 175 34637.0 1.1828e-05 5.9119e-05
387669 176 34569.0 1.1754e-05 5.9002e-05
387669 177 34587.0 1.1808e-05 5.9027e-05
387669 178 34633.0 1.1752e-05 5.9109e-05
387669 179 34614.0 1.1717e-05 5.908e-05
387669 180 34587.0 1.1748e-05 5.9054e-05
387669 181 34063.0 1.1629e-05 5.903e-05
387669 182 34582.0 1.1715e-05 5.901e-05
387669 183 34542.0 1.1765e-05 5.8967e-05
387669 184 34528.0 1.1771e-05 5.8927e-05
387669 185 34491.0 1.174e-05 5.8858e-05
387669 186 34455.0 1.1758e-05 5.8803e-05
387669 187 34369.0 1.1821e-05 5.8653e-05
387669 188 34371.0 1.182e-05 5.8669e-05
387669 189 34410.0 1.1804e-05 5.8722e-05
387669 190 34371.0 1.1826e-05 5.8668e-05
387669 191 34339.0 1.1743e-05 5.8603e-05
387669 192 34373.0 1.1796e-05 5.8652e-05
387669 193 34387.0 1.1707e-05 5.867e-05
387669 194 33877.0 1.1655e-05 5.8642e-05
387669 195 34358.0 1.1828e-05 5.8629e-05
387669 196 34323.0 1.1746e-05 5.8576e-05
387669 197 34306.0 1.1739e-05 5.8539e-05
387669 198 34247.0 1.1778e-05 5.8437e-05
387669 199 34235.0 1.1843e-05 5.8421e-05
387669 200 34213.0 1.1814e-05 5.8381e-05
387669 201 34168.0 1.1784e-05 5.8309e-05
387669 202 34104.0 1.1832e-05 5.8192e-05
387669 203 34110.0 1.1781e-05 5.823e-05
387669 204 34137.0 1.1749e-05 5.8247e-05
387669 205 34100.0 1.1891e-05 5.8196e-05
387669 206 34073.0 1.1811e-05 5.8138e-05
387669 207 33628.0 1.1545e-05 5.8197e-05
387669 208 34102.0 1.175e-05 5.8205e-05
387669 209 34102.0 1.1662e-05 5.818e-05
387669 210 34081.0 1.1755e-05 5.8152e-05
387669 211 34046.0 1.184e-05 5.8124e-05
387669 212 34033.0 1.1821e-05 5.809e-05
387669 213 33959.0 1.1806e-05 5.8024e-05
387669 214 33984.0 1.1753e-05 5.7982e-05
387669 215 33946.0 1.1789e-05 5.7917e-05
387669 216 33880.0 1.1737e-05 5.7811e-05
387669 217 33837.0 1.1754e-05 5.7733e-05
387669 218 33877.0 1.1825e-05 5.7799e-05
387669 219 33901.0 1.1764e-05 5.7855e-05
387669 220 33272.0 1.1512e-05 5.7658e-05
387669 221 33773.0 1.1839e-05 5.7659e-05
387669 222 33854.0 1.1781e-05 5.7764e-05
387669 223 33839.0 1.1766e-05 5.7727e-05
387669 224 33826.0 1.1806e-05 5.7714e-05
387669 225 25533.0 8.844e-06 5.7542e-05
387669 226 33797.0 1.1861e-05 5.7663e-05
387669 227 33764.0 1.1753e-05 5.761e-05
387669 228 33751.0 1.1699e-05 5.7563e-05
387669 229 33711.0 1.182e-05 5.7509e-05
387669 230 33681.0 1.1917e-05 5.7469e-05
387669 231 33583.0 1.1605e-05 5.7307e-05
387669 232 33570.0 1.1826e-05 5.7288e-05
387669 233 33135.0 1.1577e-05 5.7329e-05
387669 234 33585.0 1.1753e-05 5.7293e-05
387669 235 33540.0 1.1921e-05 5.7225e-05
387669 236 33553.0 1.1816e-05 5.724e-05
387669 237 33588.0 1.1672e-05 5.73e-05
387669 238 33583.0 1.174e-05 5.7287e-05
387669 239 33575.0 1.1825e-05 5.7271e-05
387669 240 33552.0 1.1771e-05 5.7237e-05
387669 241 33535.0 1.1794e-05 5.7209e-05
387669 242 33496.0 1.1793e-05 5.7136e-05
387669 243 33467.0 1.1813e-05 5.7094e-05
387669 244 33422.0 1.1734e-05 5.7037e-05
387669 245 33417.0 1.1808e-05 5.7005e-05
387669 246 32849.0 1.1644e-05 5.6839e-05
387669 247 33373.0 1.1737e-05 5.6932e-05
387669 248 33367.0 1.177e-05 5.6929e-05
387669 249 33338.0 1.1811e-05 5.688e-05
387669 250 33302.0 1.1851e-05 5.6816e-05
387669 251 33331.0 1.1832e-05 5.6855e-05
387669 252 33346.0 1.1862e-05 5.6887e-05
387669 253 33331.0 1.1804e-05 5.6861e-05
387669 254 33319.0 1.1907e-05 5.6842e-05
387669 255 5199.7 6.3322e-06 5.6329e-05
387669 256 7833.8 6.3263e-06 5.6301e-05
387669 257 33222.0 1.1786e-05 5.6695e-05
387669 258 33207.0 1.1908e-05 5.6674e-05
387669 259 33182.0 1.1831e-05 5.6608e-05
387669 260 32664.0 1.1611e-05 5.6525e-05
387669 261 26579.0 9.3096e-06 5.6242e-05
387669 262 31692.0 1.1245e-05 5.6423e-05
387669 263 33100.0 1.1809e-05 5.6492e-05
387669 264 33070.0 1.1925e-05 5.6417e-05
387669 265 33033.0 1.1901e-05 5.637e-05
387669 266 33088.0 1.1822e-05 5.6443e-05
387669 267 33089.0 1.1857e-05 5.6441e-05
387669 268 33071.0 1.1772e-05 5.6413e-05
387669 269 33058.0 1.171e-05 5.6379e-05
387669 270 33037.0 1.183e-05 5.6363e-05
387669 271 33022.0 1.1727e-05 5.6326e-05
387669 272 32994.0 1.1795e-05 5.6275e-05
387669 273 32494.0 1.1597e-05 5.6223e-05
387669 274 32929.0 1.1768e-05 5.6169e-05
387669 275 32884.0 1.1878e-05 5.6091e-05
387669 276 32835.0 1.1893e-05 5.6016e-05
387669 277 32866.0 1.1886e-05 5.6063e-05
387669 278 32857.0 1.1861e-05 5.6047e-05
387669 279 32814.0 1.1898e-05 5.5968e-05
387669 280 32795.0 1.1816e-05 5.5931e-05
387669 281 32852.0 1.1821e-05 5.6035e-05
387669 282 32839.0 1.1848e-05 5.6017e-05
387669 283 32833.0 1.1825e-05 5.6007e-05
387669 284 32802.0 1.1948e-05 5.5972e-05
387669 285 32780.0 1.1909e-05 5.5909e-05
387669 286 32295.0 1.1769e-05 5.5887e-05
387669 287 32745.0 1.1891e-05 5.5883e-05
387669 288 32724.0 1.1808e-05 5.5814e-05
387669 289 32696.0 1.188e-05 5.5776e-05
387669 290 32682.0 1.1962e-05 5.5747e-05
387669 291 32663.0 1.1859e-05 5.5714e-05
387669 292 32580.0 1.1964e-05 5.5574e-05
387669 293 32592.0 1.1973e-05 5.5586e-05
387669 294 32539.0 1.1879e-05 5.5649e-05
387669 295 32517.0 1.1681e-05 5.5591e-05
387669 296 32480.0 1.1957e-05 5.5544e-05
387669 297 32491.0 1.182e-05 5.5558e-05
387669 298 32513.0 1.1913e-05 5.5604e-05
387669 299 32029.0 1.1692e-05 5.5561e-05
387669 300 32487.0 1.1867e-05 5.5553e-05
387669 301 32470.0 1.1875e-05 5.5523e-05
387669 302 32458.0 1.1868e-05 5.5496e-05
387669 303 32419.0 1.1928e-05 5.5435e-05
387669 304 32402.0 1.1855e-05 5.54e-05
387669 305 32361.0 1.1915e-05 5.5339e-05
387669 306 32336.0 1.1886e-05 5.5285e-05
387669 307 32262.0 1.1807e-05 5.5156e-05
387669 308 32273.0 1.1896e-05 5.5175e-05
387669 309 32282.0 1.1826e-05 5.5205e-05
387669 310 32257.0 1.1838e-05 5.5149e-05
387669 311 32229.0 1.1847e-05 5.5096e-05
387669 312 31757.0 1.1712e-05 5.5143e-05
387669 313 32232.0 1.1906e-05 5.5175e-05
387669 314 32267.0 1.1855e-05 5.5156e-05
387669 315 32251.0 1.1963e-05 5.5143e-05
387669 316 32224.0 1.1859e-05 5.5099e-05
387669 317 32209.0 1.1925e-05 5.5063e-05
387669 318 32164.0 1.1907e-05 5.4987e-05
387669 319 32151.0 1.1912e-05 5.4965e-05
387669 320 32121.0 1.1829e-05 5.4918e-05
387669 321 32097.0 1.1884e-05 5.4866e-05
387669 322 32036.0 1.1915e-05 5.4769e-05
387669 323 32070.0 1.188e-05 5.4819e-05
387669 324 32078.0 1.1771e-05 5.4826e-05
387669 325 17479.0 6.8796e-06 5.4401e-05
387669 326 3.4169 6.0312e-06 5.4251e-05
387669 327 3.2652 6.0437e-06 5.4334e-05
387669 328 24949.0 8.8529e-06 5.4578e-05
387669 329 32045.0 1.1862e-05 5.4782e-05
387669 330 32032.0 1.186e-05 5.4752e-05
387669 331 31955.0 1.1899e-05 5.4716e-05
387669 332 31986.0 1.1983e-05 5.4679e-05
387669 333 31942.0 1.1769e-05 5.4603e-05
387669 334 31926.0 1.1912e-05 5.4581e-05
387669 335 31882.0 1.198e-05 5.456e-05
387669 336 31843.0 1.1951e-05 5.4438e-05
387669 337 31808.0 1.1931e-05 5.4368e-05
387669 338 31849.0 1.1835e-05 5.445e-05
387669 339 31850.0 1.1869e-05 5.4432e-05
387669 340 31328.0 1.1699e-05 5.4322e-05
387669 341 31792.0 1.1996e-05 5.4338e-05
387669 342 31839.0 1.2027e-05 5.4422e-05
387669 343 31814.0 1.1867e-05 5.4387e-05
387669 344 31815.0 1.1878e-05 5.4372e-05
387669 345 31799.0 1.2009e-05 5.4357e-05
387669 346 31784.0 1.1958e-05 5.4321e-05
387669 347 31756.0 1.1959e-05 5.4279e-05
387669 348 31737.0 1.2068e-05 5.4249e-05
387669 349 31700.0 1.2039e-05 5.4188e-05
387669 350 31683.0 1.195e-05 5.4154e-05
387669 351 31600.0 1.2021e-05 5.4016e-05
387669 352 31598.0 1.1924e-05 5.4008e-05
387669 353 31167.0 1.1737e-05 5.4037e-05
387669 354 31604.0 1.2011e-05 5.4011e-05
387669 355 31543.0 1.202e-05 5.3932e-05
387669 356 31571.0 1.1786e-05 5.3951e-05
387669 357 31596.0 1.1953e-05 5.4012e-05
387669 358 31595.0 1.1931e-05 5.3999e-05
387669 359 31590.0 1.2014e-05 5.3989e-05
387669 360 31555.0 1.1914e-05 5.3931e-05
387669 361 31529.0 1.1952e-05 5.3901e-05
387669 362 31530.0 1.1889e-05 5.3885e-05
387669 363 31510.0 1.1979e-05 5.3856e-05
387669 364 31478.0 1.2012e-05 5.3803e-05
387669 365 31463.0 1.1962e-05 5.3771e-05
387669 366 30958.0 1.1718e-05 5.37e-05
387669 367 31396.0 1.1922e-05 5.3649e-05
387669 368 31342.0 1.1988e-05 5.3561e-05
387669 369 31358.0 1.1904e-05 5.3598e-05
387669 370 30364.0 1.1529e-05 5.3583e-05
387669 371 3.2838 5.8732e-06 5.3042e-05
387669 372 3.3747 5.8678e-06 5.2997e-05
387669 373 3.374 5.8743e-06 5.3076e-05
387669 374 3.2607 5.8778e-06 5.3071e-05
387669 375 16771.0 6.7462e-06 5.3173e-05
387669 376 31323.0 1.2096e-05 5.3539e-05
387669 377 31299.0 1.1892e-05 5.3483e-05
387669 378 31294.0 1.1937e-05 5.3475e-05
387669 379 31261.0 1.1926e-05 5.3418e-05
387669 380 31250.0 1.2054e-05 5.3405e-05
387669 381 31219.0 1.2019e-05 5.3349e-05
387669 382 30716.0 1.166e-05 5.3227e-05
387669 383 31125.0 1.2054e-05 5.3186e-05
387669 384 31150.0 1.2085e-05 5.3244e-05
387669 385 31154.0 1.1892e-05 5.3235e-05
387669 386 31105.0 1.2004e-05 5.3154e-05
387669 387 31091.0 1.2047e-05 5.3129e-05
387669 388 31146.0 1.202e-05 5.3219e-05
387669 389 31119.0 1.1962e-05 5.3194e-05
387669 390 31121.0 1.2067e-05 5.3184e-05
387669 391 31103.0 1.2011e-05 5.3147e-05
387669 392 31085.0 1.1976e-05 5.3119e-05
387669 393 31061.0 1.1985e-05 5.3078e-05
387669 394 31037.0 1.2098e-05 5.3048e-05
387669 395 30525.0 1.1722e-05 5.2967e-05
387669 396 31003.0 1.1907e-05 5.297e-05
387669 397 30934.0 1.1889e-05 5.2853e-05
387669 398 30910.0 1.1942e-05 5.2811e-05
387669 399 30940.0 1.2053e-05 5.288e-05
387669 400 30923.0 1.2081e-05 5.2839e-05
387669 401 30871.0 1.2061e-05 5.2752e-05
387669 402 29151.0 1.098e-05 5.2682e-05
387669 403 30916.0 1.1983e-05 5.2823e-05
387669 404 30904.0 1.1953e-05 5.2802e-05
387669 405 30886.0 1.21e-05 5.2788e-05
387669 406 30877.0 1.2043e-05 5.2758e-05
387669 407 30863.0 1.2046e-05 5.2738e-05
387669 408 30402.0 1.1731e-05 5.2683e-05
387669 409 30827.0 1.211e-05 5.2676e-05
387669 410 30792.0 1.2023e-05 5.2616e-05
387669 411 30766.0 1.211e-05 5.2572e-05
387669 412 30682.0 1.2089e-05 5.2435e-05
387669 413 30677.0 1.2052e-05 5.2417e-05
387669 414 30695.0 1.2116e-05 5.2455e-05
387669 415 30670.0 1.2156e-05 5.2412e-05
387669 416 30627.0 1.218e-05 5.2339e-05
387669 417 30660.0 1.2154e-05 5.2389e-05
387669 418 30679.0 1.2075e-05 5.2421e-05
387669 419 30664.0 1.206e-05 5.2393e-05
387669 420 30654.0 1.2225e-05 5.2386e-05
387669 421 30187.0 1.1851e-05 5.2358e-05
387669 422 30644.0 1.2024e-05 5.2351e-05
387669 423 30619.0 1.2061e-05 5.232e-05
387669 424 30606.0 1.2139e-05 5.2297e-05
387669 425 30564.0 1.2123e-05 5.2227e-05
387669 426 30534.0 1.2134e-05 5.2168e-05
387669 427 30452.0 1.2051e-05 5.2054e-05
387669 428 30475.0 1.2043e-05 5.2073e-05
387669 429 30485.0 1.2059e-05 5.2081e-05
387669 430 30407.0 1.2041e-05 5.2016e-05
387669 431 30378.0 1.2117e-05 5.1967e-05
387669 432 30417.0 1.2153e-05 5.2045e-05
387669 433 30418.0 1.1931e-05 5.2042e-05
387669 434 29976.0 1.1903e-05 5.2023e-05
387669 435 30405.0 1.2085e-05 5.2016e-05
387669 436 30388.0 1.2052e-05 5.1996e-05
387669 437 30375.0 1.2169e-05 5.198e-05
387669 438 30351.0 1.2248e-05 5.1934e-05
387669 439 30333.0 1.2114e-05 5.1892e-05
387669 440 30300.0 1.2088e-05 5.1844e-05
387669 441 30254.0 1.2113e-05 5.1762e-05
387669 442 30214.0 1.2158e-05 5.1691e-05
387669 443 30230.0 1.2109e-05 5.1724e-05
387669 444 30234.0 1.2026e-05 5.1712e-05
387669 445 30197.0 1.2117e-05 5.1658e-05
387669 446 30163.0 1.2064e-05 5.1608e-05
387669 447 29796.0 1.1888e-05 5.169e-05
387669 448 6454.9 5.6483e-06 5.1165e-05
387669 449 3.2247 5.6327e-06 5.1153e-05
387669 450 0.0 0.0 0.0
387640 15 32301.0 1.3494e-05 0.00011701
387640 16 68904.0 1.4376e-05 0.00011704
387640 17 68884.0 1.4338e-05 0.00011692
387640 18 68777.0 1.4305e-05 0.00011677
387640 19 68725.0 1.4299e-05 0.00011665
387640 20 68589.0 1.4263e-05 0.00011654
387640 21 68597.0 1.4279e-05 0.00011643
387640 22 68499.0 1.4238e-05 0.00011629
387640 23 68367.0 1.4197e-05 0.00011615
387640 24 68299.0 1.4187e-05 0.00011602
387640 25 68224.0 1.4176e-05 0.00011589
387640 26 68207.0 1.4129e-05 0.00011576
387640 27 67105.0 1.4067e-05 0.00011563
387640 28 68084.0 1.4104e-05 0.00011552
387640 29 67999.0 1.406e-05 0.00011539
387640 30 68053.0 1.4082e-05 0.00011546
387640 31 67945.0 1.408e-05 0.00011533
387640 32 67849.0 1.403e-05 0.0001152
387640 33 63017.0 1.3742e-05 0.00011505
387640 34 29317.0 1.3037e-05 0.0001148
387640 35 67682.0 1.3971e-05 0.00011483
387640 36 67612.0 1.394e-05 0.00011469
387640 37 67541.0 1.3944e-05 0.00011457
387640 38 67202.0 1.3924e-05 0.00011444
387640 39 67226.0 1.3853e-05 0.00011431
387640 40 66282.0 1.3812e-05 0.00011419
387640 41 67232.0 1.3856e-05 0.00011406
387640 42 67172.0 1.384e-05 0.00011394
387640 43 67120.0 1.3837e-05 0.00011382
387640 44 67016.0 1.3807e-05 0.00011368
387640 45 66959.0 1.3779e-05 0.00011356
387640 46 66860.0 1.3761e-05 0.00011343
387640 47 66827.0 1.375e-05 0.00011332
387640 48 66768.0 1.3731e-05 0.00011319
387640 49 66678.0 1.3713e-05 0.00011307
387640 50 66608.0 1.368e-05 0.00011293
387640 51 66530.0 1.3678e-05 0.00011282
387640 52 66427.0 1.3643e-05 0.00011269
387640 53 65404.0 1.3563e-05 0.00011257
387640 54 66309.0 1.3621e-05 0.00011244
387640 55 66251.0 1.3597e-05 0.00011232
387640 56 66170.0 1.3564e-05 0.00011221
387640 57 65963.0 1.3565e-05 0.00011208
387640 58 66043.0 1.3493e-05 0.00011195
387640 59 65971.0 1.352e-05 0.00011184
387640 60 65843.0 1.3515e-05 0.00011172
387640 61 65833.0 1.3482e-05 0.0001116
387640 62 65587.0 1.3447e-05 0.00011148
387640 63 65510.0 1.3466e-05 0.00011137
387640 64 65424.0 1.3426e-05 0.00011123
387640 65 65354.0 1.3404e-05 0.0001111
387640 66 64357.0 1.3326e-05 0.00011099
387640 67 65239.0 1.338e-05 0.00011088
387640 68 65181.0 1.3353e-05 0.00011076
387640 69 65111.0 1.3326e-05 0.00011064
387640 70 65016.0 1.3333e-05 0.0001105
387640 71 64963.0 1.3292e-05 0.0001104
387640 72 64913.0 1.3301e-05 0.00011029
387640 73 64827.0 1.3277e-05 0.00011017
387640 74 64783.0 1.3228e-05 0.00011007
387640 75 64684.0 1.3227e-05 0.00010992
387640 76 64645.0 1.3226e-05 0.00010982
387640 77 64578.0 1.3226e-05 0.00010972
387640 78 64467.0 1.3181e-05 0.00010956
387640 79 63512.0 1.3087e-05 0.00010945
387640 80 64355.0 1.3166e-05 0.00010932
387640 81 64302.0 1.3134e-05 0.00010923
387640 82 64248.0 1.3108e-05 0.0001091
387640 83 64151.0 1.31e-05 0.00010898
387640 84 64080.0 1.3081e-05 0.00010886
387640 85 63991.0 1.305e-05 0.00010875
387640 86 63922.0 1.306e-05 0.00010867
387640 87 63934.0 1.3056e-05 0.00010857
387640 88 63896.0 1.3028e-05 0.00010847
387640 89 63760.0 1.3007e-05 0.00010837
387640 90 63766.0 1.3004e-05 0.00010829
387640 91 63736.0 1.3024e-05 0.00010821
387640 92 62731.0 1.2925e-05 0.00010811
387640 93 63445.0 1.2945e-05 0.00010794
387640 94 63432.0 1.2957e-05 0.00010776
387640 95 63557.0 1.2967e-05 0.00010785
387640 96 63558.0 1.2892e-05 0.00010788
387640 97 63483.0 1.2919e-05 0.00010775
387640 98 63441.0 1.2886e-05 0.00010766
387640 99 63407.0 1.2893e-05 0.00010758
387640 100 63342.0 1.2854e-05 0.00010749
387640 101 63213.0 1.2811e-05 0.00010726
387640 102 63141.0 1.2796e-05 0.00010718
387640 103 63079.0 1.2833e-05 0.00010704
387640 104 62982.0 1.28e-05 0.00010684
387640 105 61913.0 1.2697e-05 0.00010655
387640 106 62836.0 1.2763e-05 0.00010661
387640 107 62849.0 1.2749e-05 0.00010661
387640 108 62729.0 1.2731e-05 0.0001064
387640 109 62639.0 1.2702e-05 0.00010626
387640 110 62751.0 1.2725e-05 0.00010642
387640 111 62708.0 1.2728e-05 0.00010637
387640 112 62621.0 1.2706e-05 0.00010622
387640 113 62571.0 1.2655e-05 0.00010611
387640 114 62520.0 1.269e-05 0.00010606
387640 115 62451.0 1.2649e-05 0.00010594
387640 116 62331.0 1.2636e-05 0.00010579
387640 117 62313.0 1.2629e-05 0.00010567
387640 118 61341.0 1.2545e-05 0.00010553
387640 119 62063.0 1.2585e-05 0.00010525
387640 120 61949.0 1.2592e-05 0.00010504
387640 121 61980.0 1.2575e-05 0.00010512
387640 122 61969.0 1.2573e-05 0.00010509
387640 123 61804.0 1.2553e-05 0.0001048
387640 124 61748.0 1.2541e-05 0.0001047
387640 125 61890.0 1.2546e-05 0.00010495
387640 126 61832.0 1.2527e-05 0.00010483
387640 127 61772.0 1.2484e-05 0.00010473
387640 128 61746.0 1.2494e-05 0.00010467
387640 129 61675.0 1.2489e-05 0.00010462
387640 130 61642.0 1.2464e-05 0.00010449
387640 131 60704.0 1.2397e-05 0.00010438
387640 132 61426.0 1.2438e-05 0.00010421
387640 133 61413.0 1.2432e-05 0.00010409
387640 134 61256.0 1.2398e-05 0.00010383
387640 135 61111.0 1.2392e-05 0.00010358
387640 136 61179.0 1.2423e-05 0.0001037
387640 137 61103.0 1.2396e-05 0.00010358
387640 138 60939.0 1.2338e-05 0.00010329
387640 139 60974.0 1.2359e-05 0.00010335
387640 140 61079.0 1.2398e-05 0.00010352
387640 141 61039.0 1.2377e-05 0.00010343
387640 142 60975.0 1.2346e-05 0.00010335
387640 143 60962.0 1.2289e-05 0.00010331
387640 144 60048.0 1.223e-05 0.00010322
387640 145 60800.0 1.2286e-05 0.00010311
387640 146 60805.0 1.2313e-05 0.00010302
387640 147 60624.0 1.2289e-05 0.00010275
387640 148 60566.0 1.2272e-05 0.00010262
387640 149 60419.0 1.2274e-05 0.00010236
387640 150 60332.0 1.2264e-05 0.00010223
387640 151 60354.0 1.2199e-05 0.00010225
387640 152 60188.0 1.221e-05 0.00010201
387640 153 60076.0 1.2226e-05 0.00010179
387640 154 60191.0 1.2206e-05 0.00010198
387640 155 60230.0 1.2207e-05 0.00010206
387640 156 60180.0 1.2181e-05 0.00010201
387640 157 59302.0 1.2072e-05 0.00010191
387640 158 60166.0 1.2203e-05 0.00010192
387640 159 60129.0 1.2167e-05 0.00010186
387640 160 60081.0 1.2171e-05 0.00010178
387640 161 60010.0 1.2148e-05 0.00010165
387640 162 59850.0 1.2142e-05 0.0001014
387640 163 59711.0 1.2103e-05 0.00010116
387640 164 59594.0 1.212e-05 0.00010091
387640 165 59633.0 1.2096e-05 0.00010099
387640 166 59609.0 1.212e-05 0.00010096
387640 167 59486.0 1.21e-05 0.00010074
387640 168 59402.0 1.2077e-05 0.00010061
387640 169 59368.0 1.2101e-05 0.00010088
387640 170 58496.0 1.201e-05 0.00010086
387640 171 59324.0 1.2095e-05 0.00010084
387640 172 59307.0 1.2062e-05 0.00010074
387640 173 59303.0 1.2011e-05 0.00010069
387640 174 59245.0 1.2038e-05 0.00010059
387640 175 59142.0 1.1984e-05 0.00010047
387640 176 59081.0 1.1947e-05 0.00010032
387640 177 59013.0 1.1994e-05 0.00010015
387640 178 58802.0 1.1954e-05 9.9819e-05
387640 179 58558.0 1.1909e-05 9.9604e-05
387640 180 58774.0 1.1908e-05 9.9748e-05
387640 181 58689.0 1.19e-05 9.969e-05
387640 182 57654.0 1.1809e-05 9.9363e-05
387640 183 58512.0 1.1906e-05 9.9291e-05
387640 184 58704.0 1.1945e-05 9.9603e-05
387640 185 58647.0 1.19e-05 9.9531e-05
387640 186 58634.0 1.1897e-05 9.9512e-05
387640 187 58568.0 1.1858e-05 9.9382e-05
387640 188 58499.0 1.1856e-05 9.9265e-05
387640 189 58528.0 1.1865e-05 9.931e-05
387640 190 58518.0 1.1877e-05 9.9299e-05
387640 191 58488.0 1.1868e-05 9.9228e-05
387640 192 58442.0 1.1865e-05 9.9155e-05
387640 193 58325.0 1.1844e-05 9.8997e-05
387640 194 58288.0 1.1817e-05 9.8901e-05
387640 195 57307.0 1.1786e-05 9.8618e-05
387640 196 58098.0 1.1801e-05 9.8588e-05
387640 197 58107.0 1.1794e-05 9.8566e-05
387640 198 57921.0 1.1808e-05 9.8393e-05
387640 199 57781.0 1.1748e-05 9.8185e-05
387640 200 57854.0 1.1775e-05 9.8301e-05
387640 201 57751.0 1.1791e-05 9.8351e-05
387640 202 57898.0 1.1728e-05 9.8241e-05
387640 203 57823.0 1.1745e-05 9.8152e-05
387640 204 57896.0 1.1764e-05 9.8212e-05
387640 205 57883.0 1.1732e-05 9.8158e-05
387640 206 57806.0 1.1707e-05 9.8047e-05
387640 207 57694.0 1.1727e-05 9.7964e-05
387640 208 56857.0 1.1616e-05 9.7818e-05
387640 209 57580.0 1.1722e-05 9.7688e-05
387640 210 57455.0 1.1704e-05 9.7422e-05
387640 211 57460.0 1.1691e-05 9.7414e-05
387640 212 57434.0 1.1743e-05 9.7384e-05
387640 213 57308.0 1.163e-05 9.716e-05
387640 214 57207.0 1.1686e-05 9.6994e-05
387640 215 57331.0 1.1685e-05 9.7174e-05
387640 216 57320.0 1.164e-05 9.7167e-05
387640 217 57230.0 1.1665e-05 9.7038e-05
387640 218 57183.0 1.1617e-05 9.6966e-05
387640 219 57258.0 1.1636e-05 9.7051e-05
387640 220 57181.0 1.1618e-05 9.6984e-05
387640 221 56305.0 1.1498e-05 9.6896e-05
387640 222 57088.0 1.1668e-05 9.6804e-05
387640 223 56948.0 1.1611e-05 9.6656e-05
387640 224 56910.0 1.1588e-05 9.6463e-05
387640 225 56784.0 1.1575e-05 9.6269e-05
387640 226 56807.0 1.1597e-05 9.6258e-05
387640 227 56751.0 1.157e-05 9.6186e-05
387640 228 56569.0 1.1547e-05 9.5879e-05
387640 229 56575.0 1.1552e-05 9.5926e-05
387640 230 56689.0 1.1562e-05 9.6073e-05
387640 231 56657.0 1.1519e-05 9.5994e-05
387640 232 56568.0 1.1492e-05 9.5898e-05
387640 233 56549.0 1.1522e-05 9.5861e-05
387640 234 55790.0 1.1465e-05 9.5914e-05
387640 235 56577.0 1.1518e-05 9.5865e-05
387640 236 56552.0 1.1496e-05 9.5817e-05
387640 237 56353.0 1.1467e-05 9.5619e-05
387640 238 56286.0 1.1522e-05 9.5504e-05
387640 239 56122.0 1.1443e-05 9.5222e-05
387640 240 56033.0 1.1477e-05 9.5087e-05
387640 241 56069.0 1.1419e-05 9.5128e-05
387640 242 56000.0 1.1412e-05 9.5024e-05
387640 243 55830.0 1.1464e-05 9.4728e-05
387640 244 55862.0 1.148e-05 9.4808e-05
387640 245 55990.0 1.1481e-05 9.5038e-05
387640 246 55985.0 1.145e-05 9.4974e-05
387640 247 55135.0 1.1319e-05 9.488e-05
387640 248 55942.0 1.145e-05 9.4913e-05
387640 249 55914.0 1.1462e-05 9.49e-05
387640 250 55857.0 1.1397e-05 9.4815e-05
387640 251 55865.0 1.1409e-05 9.4746e-05
387640 252 55765.0 1.1389e-05 9.4606e-05
387640 253 55713.0 1.1415e-05 9.4507e-05
387640 254 55497.0 1.1403e-05 9.4193e-05
387640 255 55529.0 1.1405e-05 9.4167e-05
387640 256 55512.0 1.1377e-05 9.42e-05
387640 257 55522.0 1.1405e-05 9.4175e-05
387640 258 55086.0 1.1354e-05 9.3843e-05
387640 259 55242.0 1.1337e-05 9.3944e-05
387640 260 54648.0 1.1253e-05 9.4022e-05
387640 261 55142.0 1.1312e-05 9.3919e-05
387640 262 55247.0 1.1372e-05 9.3861e-05
387640 263 55220.0 1.1368e-05 9.3891e-05
387640 264 55348.0 1.1279e-05 9.3843e-05
387640 265 55317.0 1.1316e-05 9.378e-05
387640 266 55252.0 1.1305e-05 9.3695e-05
387640 267 55157.0 1.1331e-05 9.3516e-05
387640 268 55061.0 1.1301e-05 9.3378e-05
387640 269 54944.0 1.1309e-05 9.3155e-05
387640 270 54861.0 1.1304e-05 9.3159e-05
387640 271 54647.0 1.1298e-05 9.3109e-05
387640 272 54771.0 1.1312e-05 9.2893e-05
387640 273 53897.0 1.1211e-05 9.2725e-05
387640 274 54838.0 1.1276e-05 9.2951e-05
387640 275 54794.0 1.1285e-05 9.294e-05
387640 276 54742.0 1.1229e-05 9.2868e-05
387640 277 54690.0 1.129e-05 9.2797e-05
387640 278 54697.0 1.1269e-05 9.286e-05
387640 279 54572.0 1.1237e-05 9.2799e-05
387640 280 54682.0 1.1258e-05 9.2756e-05
387640 281 54656.0 1.1269e-05 9.2637e-05
387640 282 54519.0 1.1235e-05 9.2462e-05
387640 283 54421.0 1.125e-05 9.2238e-05
387640 284 54231.0 1.1195e-05 9.2062e-05
387640 285 54319.0 1.123e-05 9.207e-05
387640 286 53390.0 1.1066e-05 9.1995e-05
387640 287 54083.0 1.1177e-05 9.17e-05
387640 288 53977.0 1.1183e-05 9.161e-05
387640 289 54255.0 1.1202e-05 9.1942e-05
387640 290 54208.0 1.12e-05 9.1876e-05
387640 291 54161.0 1.1179e-05 9.1818e-05
387640 292 54165.0 1.1149e-05 9.1786e-05
387640 293 54182.0 1.122e-05 9.1833e-05
387640 294 54161.0 1.1194e-05 9.1793e-05
387640 295 54156.0 1.1197e-05 9.1753e-05
387640 296 54017.0 1.1191e-05 9.1542e-05
387640 297 53938.0 1.1156e-05 9.1409e-05
387640 298 53785.0 1.1173e-05 9.1174e-05
387640 299 52960.0 1.099e-05 9.1034e-05
387640 300 53774.0 1.1188e-05 9.1118e-05
387640 301 53731.0 1.1175e-05 9.1054e-05
387640 302 53582.0 1.1135e-05 9.0783e-05
387640 303 53611.0 1.1134e-05 9.0821e-05
387640 304 53745.0 1.1139e-05 9.1047e-05
387640 305 53721.0 1.1079e-05 9.0992e-05
387640 306 53659.0 1.109e-05 9.094e-05
387640 307 53654.0 1.1123e-05 9.0929e-05
387640 308 53657.0 1.1079e-05 9.0897e-05
387640 309 53624.0 1.115e-05 9.0846e-05
387640 310 53596.0 1.1067e-05 9.077e-05
387640 311 53342.0 1.1114e-05 9.06e-05
387640 312 52874.0 1.1058e-05 9.0517e-05
387640 313 53248.0 1.1106e-05 9.0209e-05
387640 314 53243.0 1.1087e-05 9.0176e-05
387640 315 53257.0 1.1054e-05 9.0225e-05
387640 316 53201.0 1.1054e-05 9.0105e-05
387640 317 52975.0 1.1007e-05 8.9871e-05
387640 318 53084.0 1.1008e-05 8.9985e-05
387640 319 53184.0 1.1054e-05 9.0108e-05
387640 320 53101.0 1.1057e-05 9.0035e-05
387640 321 53117.0 1.1055e-05 8.9977e-05
387640 322 53116.0 1.1047e-05 8.9997e-05
387640 323 53056.0 1.1071e-05 8.9948e-05
387640 324 52329.0 1.09e-05 8.9895e-05
387640 325 52980.0 1.1019e-05 8.9828e-05
387640 326 52922.0 1.1016e-05 8.9614e-05
387640 327 52825.0 1.0962e-05 8.9468e-05
387640 328 52648.0 1.0979e-05 8.9204e-05
387640 329 52673.0 1.1008e-05 8.9225e-05
387640 330 52598.0 1.0982e-05 8.9183e-05
387640 331 52550.0 1.0999e-05 8.8958e-05
387640 332 52395.0 1.0981e-05 8.8768e-05
387640 333 52515.0 1.0994e-05 8.9011e-05
387640 334 52594.0 1.1042e-05 8.9044e-05
387640 335 52529.0 1.1007e-05 8.9001e-05
387640 336 52492.0 1.0962e-05 8.8928e-05
387640 337 51801.0 1.0856e-05 8.8989e-05
387640 338 52502.0 1.0998e-05 8.8959e-05
387640 339 52474.0 1.0938e-05 8.895e-05
387640 340 52475.0 1.0966e-05 8.8874e-05
387640 341 52452.0 1.0947e-05 8.8799e-05
387640 342 52334.0 1.0977e-05 8.8668e-05
387640 343 52314.0 1.0963e-05 8.8559e-05
387640 344 52110.0 1.0916e-05 8.8309e-05
387640 345 52104.0 1.0942e-05 8.8181e-05
387640 346 52161.0 1.0938e-05 8.8353e-05
387640 347 52138.0 1.0945e-05 8.8299e-05
387640 348 52030.0 1.0904e-05 8.8105e-05
387640 349 51943.0 1.0897e-05 8.8075e-05
387640 350 51139.0 1.077e-05 8.8011e-05
387640 351 51980.0 1.0902e-05 8.7968e-05
387640 352 51893.0 1.083e-05 8.7924e-05
387640 353 51893.0 1.0907e-05 8.786e-05
387640 354 51866.0 1.0946e-05 8.7791e-05
387640 355 51832.0 1.0885e-05 8.7737e-05
387640 356 51792.0 1.0951e-05 8.7674e-05
387640 357 51768.0 1.0888e-05 8.7603e-05
387640 358 51732.0 1.0931e-05 8.7555e-05
387640 359 51632.0 1.0901e-05 8.7469e-05
387640 360 51558.0 1.0891e-05 8.7419e-05
387640 361 51619.0 1.0894e-05 8.7357e-05
387640 362 51582.0 1.0851e-05 8.729e-05
387640 363 50812.0 1.0741e-05 8.7223e-05
387640 364 51524.0 1.0822e-05 8.7179e-05
387640 365 51483.0 1.0903e-05 8.7114e-05
387640 366 51433.0 1.091e-05 8.7042e-05
387640 367 51376.0 1.087e-05 8.7021e-05
387640 368 51334.0 1.0881e-05 8.6942e-05
387640 369 51232.0 1.0826e-05 8.6865e-05
387640 370 51295.0 1.0851e-05 8.6794e-05
387640 371 51151.0 1.0807e-05 8.6714e-05
387640 372 51218.0 1.0855e-05 8.6665e-05
387640 373 51162.0 1.0763e-05 8.659e-05
387640 374 51126.0 1.0801e-05 8.6519e-05
387640 375 51111.0 1.0911e-05 8.6469e-05
387640 376 50308.0 1.0754e-05 8.6369e-05
387640 377 51023.0 1.0802e-05 8.6314e-05
387640 378 50987.0 1.077e-05 8.6258e-05
387640 379 50962.0 1.0813e-05 8.6214e-05
387640 380 50922.0 1.0815e-05 8.6148e-05
387640 381 50879.0 1.0786e-05 8.6077e-05
387640 382 50922.0 1.0848e-05 8.6158e-05
387640 383 50801.0 1.0775e-05 8.5975e-05
387640 384 50774.0 1.0813e-05 8.5921e-05
387640 385 50788.0 1.0785e-05 8.5904e-05
387640 386 50762.0 1.0741e-05 8.5875e-05
387640 387 50727.0 1.0762e-05 8.5805e-05
387640 388 50694.0 1.0697e-05 8.574e-05
387640 389 49934.0 1.0646e-05 8.569e-05
387640 390 50626.0 1.0794e-05 8.5635e-05
387640 391 50586.0 1.0784e-05 8.5569e-05
387640 392 50553.0 1.0764e-05 8.5513e-05
387640 393 50523.0 1.0767e-05 8.545e-05
387640 394 50448.0 1.0742e-05 8.5385e-05
387640 395 50445.0 1.0726e-05 8.5343e-05
387640 396 50422.0 1.0757e-05 8.5277e-05
387640 397 50374.0 1.0753e-05 8.523e-05
387640 398 50303.0 1.0762e-05 8.5121e-05
387640 399 50332.0 1.0759e-05 8.5123e-05
387640 400 50286.0 1.0723e-05 8.5055e-05
387640 401 50255.0 1.0701e-05 8.4995e-05
387640 402 49486.0 1.058e-05 8.4905e-05
387640 403 50173.0 1.0706e-05 8.487e-05
387640 404 50152.0 1.0679e-05 8.4805e-05
387640 405 50100.0 1.0724e-05 8.4752e-05
387640 406 50075.0 1.0702e-05 8.4678e-05
387640 407 50021.0 1.0775e-05 8.4613e-05
387640 408 50003.0 1.0705e-05 8.4569e-05
387640 409 49954.0 1.0655e-05 8.4484e-05
387640 410 49876.0 1.0648e-05 8.4395e-05
387640 411 49863.0 1.0706e-05 8.4315e-05
387640 412 49904.0 1.0762e-05 8.4397e-05
387640 413 49819.0 1.0676e-05 8.4239e-05
387640 414 49827.0 1.0717e-05 8.424e-05
387640 415 49055.0 1.0529e-05 8.4151e-05
387640 416 49630.0 1.0675e-05 8.4088e-05
387640 417 49661.0 1.0629e-05 8.4036e-05
387640 418 49621.0 1.068e-05 8.397e-05
387640 419 49632.0 1.0657e-05 8.3912e-05
387640 420 49594.0 1.0709e-05 8.3855e-05
387640 421 49546.0 1.068e-05 8.3791e-05
387640 422 49519.0 1.0689e-05 8.3738e-05
387640 423 49402.0 1.0689e-05 8.3672e-05
387640 424 49459.0 1.0665e-05 8.361e-05
387640 425 49377.0 1.0668e-05 8.3571e-05
387640 426 49403.0 1.0624e-05 8.3504e-05
387640 427 49366.0 1.0664e-05 8.3459e-05
387640 428 48557.0 1.0513e-05 8.3385e-05
387640 429 49273.0 1.0616e-05 8.3312e-05
387640 430 49247.0 1.0669e-05 8.3271e-05
387640 431 49222.0 1.063e-05 8.3215e-05
387640 432 49167.0 1.0621e-05 8.315e-05
387640 433 49152.0 1.066e-05 8.3098e-05
387640 434 49130.0 1.0683e-05 8.306e-05
387640 435 49106.0 1.0655e-05 8.3017e-05
387640 436 49007.0 1.0583e-05 8.2987e-05
387640 437 49050.0 1.0633e-05 8.2944e-05
387640 438 49029.0 1.057e-05 8.2897e-05
387640 439 48947.0 1.0578e-05 8.286e-05
387640 440 49044.0 1.0646e-05 8.2924e-05
387640 441 48236.0 1.0514e-05 8.2751e-05
387640 442 48925.0 1.0648e-05 8.2741e-05
387640 443 48897.0 1.0595e-05 8.27e-05
387640 444 48725.0 1.0565e-05 8.2637e-05
387640 445 48693.0 1.0567e-05 8.2609e-05
387640 446 48663.0 1.0509e-05 8.2547e-05
387640 447 48635.0 1.0615e-05 8.2482e-05
387640 448 48612.0 1.0588e-05 8.2436e-05
387640 449 48594.0 1.0577e-05 8.2392e-05
387640 450 48555.0 1.0516e-05 8.2337e-05
387640 451 48521.0 1.0609e-05 8.2283e-05
387640 452 48455.0 1.0595e-05 8.2229e-05
387640 453 47762.0 1.0466e-05 8.2174e-05
387640 454 48449.0 1.0566e-05 8.2146e-05
387640 455 48418.0 1.055e-05 8.2074e-05
387640 456 48315.0 1.0578e-05 8.2018e-05
387640 457 48337.0 1.0556e-05 8.1959e-05
387640 458 48312.0 1.0591e-05 8.191e-05
387640 459 48282.0 1.0562e-05 8.1865e-05
387640 460 48224.0 1.0583e-05 8.1808e-05
387640 461 21493.0 7.7128e-06 8.1503e-05
387640 462 20734.0 7.6919e-06 8.1429e-05
387640 463 48111.0 1.0483e-05 8.1625e-05
387640 464 48090.0 1.0505e-05 8.1559e-05
387640 465 48093.0 1.0553e-05 8.1527e-05
387640 466 48046.0 1.0516e-05 8.1473e-05
387640 467 47318.0 1.043e-05 8.1399e-05
387640 468 47955.0 1.0544e-05 8.1343e-05
387640 469 47930.0 1.0562e-05 8.1265e-05
387640 470 47934.0 1.0568e-05 8.1252e-05
387640 471 47833.0 1.0521e-05 8.1198e-05
387640 472 47904.0 1.0569e-05 8.1191e-05
387640 473 47928.0 1.0584e-05 8.1238e-05
387640 474 47835.0 1.0538e-05 8.1214e-05
387640 475 47799.0 1.0528e-05 8.1161e-05
387640 476 47837.0 1.0548e-05 8.1123e-05
387640 477 47828.0 1.0544e-05 8.1068e-05
387640 478 47796.0 1.0586e-05 8.1016e-05
387640 479 47749.0 1.0534e-05 8.0948e-05
387640 480 46977.0 1.0418e-05 8.0902e-05
387640 481 47429.0 1.0481e-05 8.084e-05
387640 482 47671.0 1.0543e-05 8.0794e-05
387640 483 47632.0 1.0537e-05 8.0723e-05
387640 484 47599.0 1.0486e-05 8.0662e-05
387640 485 47568.0 1.0505e-05 8.0616e-05
387640 486 47550.0 1.054e-05 8.0561e-05
387640 487 47505.0 1.051e-05 8.052e-05
387640 488 47486.0 1.0523e-05 8.045e-05
387640 489 47454.0 1.0435e-05 8.0392e-05
387640 490 47431.0 1.0424e-05 8.0345e-05
387640 491 47374.0 1.0491e-05 8.0295e-05
387640 492 47362.0 1.0488e-05 8.0249e-05
387640 493 46633.0 1.0335e-05 8.018e-05
387640 494 47240.0 1.0473e-05 8.0144e-05
387640 495 47280.0 1.0489e-05 8.0097e-05
387640 496 47250.0 1.0442e-05 8.0166e-05
387640 497 19038.0 7.4506e-06 7.9747e-05
387640 498 47208.0 1.0526e-05 7.9965e-05
387640 499 47177.0 1.0492e-05 7.9915e-05
387640 500 47145.0 1.0447e-05 7.9855e-05
387640 501 35300.0 8.4653e-06 7.9652e-05
387640 502 47086.0 1.0516e-05 7.9762e-05
387640 503 47043.0 1.0465e-05 7.9696e-05
387640 504 47024.0 1.0473e-05 7.965e-05
387640 505 46992.0 1.0475e-05 7.9602e-05
387640 506 46992.0 1.0456e-05 7.9588e-05
387640 507 46237.0 1.0303e-05 7.9498e-05
387640 508 46930.0 1.0512e-05 7.949e-05
387640 509 46911.0 1.046e-05 7.9445e-05
387640 510 46880.0 1.0473e-05 7.9401e-05
387640 511 46854.0 1.0463e-05 7.9352e-05
387640 512 46826.0 1.0514e-05 7.9319e-05
387640 513 46582.0 1.045e-05 7.9259e-05
387640 514 46778.0 1.0407e-05 7.9208e-05
387640 515 46741.0 1.0471e-05 7.9162e-05
387640 516 46729.0 1.0475e-05 7.9138e-05
387640 517 46687.0 1.0446e-05 7.9077e-05
387640 518 46657.0 1.04e-05 7.9015e-05
387640 519 46640.0 1.0392e-05 7.898e-05
387640 520 45922.0 1.0312e-05 7.891e-05
387640 521 46560.0 1.0453e-05 7.8845e-05
387640 522 46505.0 1.0447e-05 7.881e-05
387640 523 46510.0 1.0427e-05 7.876e-05
387640 524 46450.0 1.0501e-05 7.8691e-05
387640 525 46440.0 1.0464e-05 7.8653e-05
387640 526 46413.0 1.0543e-05 7.8595e-05
387640 527 46336.0 1.0495e-05 7.8524e-05
387640 528 46344.0 1.0446e-05 7.8466e-05
387640 529 46273.0 1.0445e-05 7.842e-05
387640 530 46285.0 1.0387e-05 7.8364e-05
387640 531 46259.0 1.05e-05 7.8318e-05
387640 532 46175.0 1.0438e-05 7.8276e-05
387640 533 45478.0 1.0338e-05 7.8231e-05
387640 534 46184.0 1.0395e-05 7.8178e-05
387640 535 46162.0 1.042e-05 7.8156e-05
387640 536 46152.0 1.044e-05 7.8133e-05
387640 537 46066.0 1.0459e-05 7.8082e-05
387640 538 46061.0 1.0469e-05 7.802e-05
387640 539 46073.0 1.0402e-05 7.7991e-05
387640 540 46045.0 1.0439e-05 7.7949e-05
387640 541 46022.0 1.0442e-05 7.7901e-05
387640 542 45996.0 1.0476e-05 7.7872e-05
387640 543 45967.0 1.0485e-05 7.7819e-05
387640 544 45944.0 1.0448e-05 7.7779e-05
387640 545 45916.0 1.0374e-05 7.7721e-05
387640 546 45208.0 1.0271e-05 7.7646e-05
387640 547 45846.0 1.0456e-05 7.7629e-05
387640 548 38375.0 8.8905e-06 7.7488e-05
387640 549 5.0347 7.0565e-06 7.7206e-05
387640 550 5.0382 7.0513e-06 7.7173e-05
387640 551 5163.8 7.0684e-06 7.7125e-05
387640 552 45203.0 1.0328e-05 7.7359e-05
387640 553 45677.0 1.0489e-05 7.7319e-05
387640 554 45641.0 1.044e-05 7.7272e-05
387640 555 45615.0 1.0439e-05 7.721e-05
387640 556 45582.0 1.0405e-05 7.717e-05
387640 557 45568.0 1.0436e-05 7.7112e-05
387640 558 45485.0 1.042e-05 7.7022e-05
387640 559 45457.0 1.043e-05 7.701e-05
387640 560 45422.0 1.0409e-05 7.695e-05
387640 561 44803.0 1.0209e-05 7.6932e-05
387640 562 45447.0 1.0491e-05 7.6933e-05
387640 563 45356.0 1.0451e-05 7.6873e-05
387640 564 45333.0 1.0442e-05 7.6831e-05
387640 565 45294.0 1.0426e-05 7.6782e-05
387640 566 45246.0 1.0492e-05 7.6688e-05
387640 567 45207.0 1.0352e-05 7.6616e-05
387640 568 45184.0 1.0363e-05 7.6568e-05
387640 569 45150.0 1.0432e-05 7.6518e-05
387640 570 45132.0 1.0398e-05 7.6467e-05
387640 571 45129.0 1.0425e-05 7.6459e-05
387640 572 45097.0 1.0333e-05 7.6414e-05
387640 573 45071.0 1.0382e-05 7.6364e-05
387640 574 44392.0 1.028e-05 7.6317e-05
387640 575 45033.0 1.0366e-05 7.6294e-05
387640 576 45002.0 1.0407e-05 7.627e-05
387640 577 44984.0 1.0356e-05 7.622e-05
387640 578 44952.0 1.0392e-05 7.6165e-05
387640 579 44920.0 1.0443e-05 7.6128e-05
387640 580 44902.0 1.0358e-05 7.6063e-05
387640 581 44904.0 1.0431e-05 7.6071e-05
387640 582 44884.0 1.0388e-05 7.6043e-05
387640 583 44863.0 1.0442e-05 7.5988e-05
387640 584 44830.0 1.0355e-05 7.5936e-05
387640 585 44799.0 1.0357e-05 7.5894e-05
387640 586 44778.0 1.0464e-05 7.5856e-05
387640 587 11293.0 6.8592e-06 7.5484e-05
387640 588 13035.0 6.8586e-06 7.5455e-05
387640 589 44682.0 1.0439e-05 7.5696e-05
387640 590 44662.0 1.0456e-05 7.5658e-05
387640 591 44625.0 1.0335e-05 7.5617e-05
387640 592 44607.0 1.0447e-05 7.5588e-05
387640 593 44608.0 1.0504e-05 7.5557e-05
387640 594 44579.0 1.0409e-05 7.5511e-05
387640 595 44542.0 1.0357e-05 7.5456e-05
387640 596 44501.0 1.0433e-05 7.5416e-05
387640 597 44489.0 1.0374e-05 7.5357e-05
387640 598 44470.0 1.0413e-05 7.5337e-05
387640 599 44391.0 1.0392e-05 7.5312e-05
387640 600 44443.0 1.0484e-05 7.5278e-05
387640 601 43783.0 1.0194e-05 7.5225e-05
387640 602 44385.0 1.041e-05 7.5181e-05
387640 603 44357.0 1.0366e-05 7.5128e-05
387640 604 44323.0 1.035e-05 7.508e-05
387640 605 44290.0 1.0404e-05 7.5024e-05
387640 606 44270.0 1.0332e-05 7.4972e-05
387640 607 44255.0 1.0378e-05 7.4949e-05
387640 608 44227.0 1.0411e-05 7.4891e-05
387640 609 44192.0 1.0332e-05 7.4843e-05
387640 610 44188.0 1.0338e-05 7.483e-05
387640 611 44164.0 1.0369e-05 7.4782e-05
387640 612 44144.0 1.0329e-05 7.4744e-05
387640 613 44082.0 1.0281e-05 7.4707e-05
387640 614 43427.0 1.0194e-05 7.4644e-05
387640 615 44067.0 1.0332e-05 7.4615e-05
387640 616 44045.0 1.0377e-05 7.459e-05
387640 617 44018.0 1.0391e-05 7.4535e-05
387640 618 43989.0 1.042e-05 7.4496e-05
387640 619 43979.0 1.0401e-05 7.4462e-05
387640 620 43933.0 1.0398e-05 7.4393e-05
387640 621 43888.0 1.034e-05 7.4338e-05
387640 622 43890.0 1.0391e-05 7.4308e-05
387640 623 43842.0 1.0392e-05 7.4239e-05
387640 624 43837.0 1.0423e-05 7.4218e-05
387640 625 43783.0 1.0333e-05 7.4155e-05
387640 626 43141.0 1.0236e-05 7.4108e-05
387640 627 43748.0 1.0375e-05 7.4085e-05
387640 628 43730.0 1.0359e-05 7.405e-05
387640 629 43704.0 1.0348e-05 7.3989e-05
387640 630 43680.0 1.0396e-05 7.3944e-05
387640 631 43638.0 1.0378e-05 7.3882e-05
387640 632 43607.0 1.0367e-05 7.3834e-05
387640 633 43596.0 1.0523e-05 7.3803e-05
387640 634 43506.0 1.0424e-05 7.3731e-05
387640 635 43534.0 1.0404e-05 7.3694e-05
387640 636 43503.0 1.0271e-05 7.3651e-05
387640 637 43417.0 1.0363e-05 7.3619e-05
387640 638 43475.0 1.0369e-05 7.3592e-05
387640 639 42822.0 1.0282e-05 7.3554e-05
387640 640 43423.0 1.034e-05 7.3512e-05
387640 641 43397.0 1.0395e-05 7.3486e-05
387640 642 43389.0 1.0433e-05 7.3453e-05
387640 643 43355.0 1.0274e-05 7.3399e-05
387640 644 43313.0 1.041e-05 7.337e-05
387640 645 43308.0 1.0393e-05 7.3322e-05
387640 646 43284.0 1.0439e-05 7.3285e-05
387640 647 43274.0 1.0364e-05 7.3252e-05
387640 648 43254.0 1.0302e-05 7.3207e-05
387640 649 43182.0 1.0359e-05 7.3175e-05
387640 650 43212.0 1.0445e-05 7.3143e-05
387640 651 43179.0 1.0387e-05 7.31e-05
387640 652 42523.0 1.0163e-05 7.3017e-05
387640 653 43143.0 1.0388e-05 7.3038e-05
387640 654 43135.0 1.0355e-05 7.3012e-05
387640 655 43112.0 1.0413e-05 7.2971e-05
387640 656 43031.0 1.0357e-05 7.2927e-05
387640 657 42996.0 1.0348e-05 7.2876e-05
387640 658 42979.0 1.0335e-05 7.2831e-05
387640 659 42948.0 1.043e-05 7.2801e-05
387640 660 42891.0 1.0414e-05 7.2749e-05
387640 661 42909.0 1.0409e-05 7.2714e-05
387640 662 42877.0 1.0439e-05 7.267e-05
387640 663 42844.0 1.0341e-05 7.2615e-05
387640 664 42827.0 1.029e-05 7.2586e-05
387640 665 42188.0 1.0209e-05 7.2531e-05
387640 666 42738.0 1.0331e-05 7.2477e-05
387640 667 42743.0 1.0352e-05 7.2445e-05
387640 668 42716.0 1.0314e-05 7.2396e-05
387640 669 42693.0 1.0357e-05 7.2368e-05
387640 670 42669.0 1.0378e-05 7.2319e-05
387640 671 42562.0 1.0394e-05 7.2257e-05
387640 672 42593.0 1.0359e-05 7.2235e-05
387640 673 42593.0 1.0417e-05 7.219e-05
387640 674 42547.0 1.0423e-05 7.2129e-05
387640 675 42530.0 1.0404e-05 7.2092e-05
387640 676 42520.0 1.0453e-05 7.2054e-05
387640 677 42461.0 1.0452e-05 7.2002e-05
387640 678 41822.0 1.017e-05 7.1943e-05
387640 679 42437.0 1.0426e-05 7.1917e-05
387640 680 42411.0 1.0457e-05 7.1873e-05
387640 681 42399.0 1.0427e-05 7.1834e-05
387640 682 42358.0 1.043e-05 7.1774e-05
387640 683 42331.0 1.0352e-05 7.1733e-05
387640 684 42299.0 1.038e-05 7.169e-05
387640 685 42277.0 1.0354e-05 7.1627e-05
387640 686 42255.0 1.0362e-05 7.1587e-05
387640 687 42245.0 1.0372e-05 7.1574e-05
387640 688 42213.0 1.0444e-05 7.1521e-05
387640 689 42187.0 1.0413e-05 7.1482e-05
387640 690 42137.0 1.0481e-05 7.1445e-05
387640 691 41531.0 1.0261e-05 7.1364e-05
387640 692 42107.0 1.0459e-05 7.134e-05
387640 693 42075.0 1.0402e-05 7.1279e-05
387640 694 42054.0 1.0374e-05 7.1236e-05
387640 695 42021.0 1.0424e-05 7.1194e-05
387640 696 41997.0 1.048e-05 7.1152e-05
387640 697 41995.0 1.0419e-05 7.1131e-05
387640 698 41981.0 1.0453e-05 7.1127e-05
387640 699 41979.0 1.027e-05 7.1086e-05
387640 700 41973.0 1.0392e-05 7.1098e-05
387640 701 41979.0 1.0274e-05 7.1104e-05
387640 702 41972.0 1.0365e-05 7.1088e-05
387640 703 41938.0 1.0363e-05 7.105e-05
387640 704 41308.0 1.0216e-05 7.1004e-05
387640 705 41901.0 1.0431e-05 7.0979e-05
387640 706 41878.0 1.0414e-05 7.0937e-05
387640 707 41834.0 1.0405e-05 7.0895e-05
387640 708 41825.0 1.0426e-05 7.0856e-05
387640 709 41820.0 1.0442e-05 7.0838e-05
387640 710 41800.0 1.0382e-05 7.0797e-05
387640 711 41762.0 1.0416e-05 7.0737e-05
387640 712 41749.0 1.0397e-05 7.0701e-05
387640 713 41712.0 1.0406e-05 7.066e-05
387640 714 41677.0 1.0415e-05 7.0615e-05
387640 715 41669.0 1.0367e-05 7.0573e-05
387640 716 41638.0 1.0356e-05 7.0526e-05
387640 717 40930.0 1.0221e-05 7.0493e-05
387640 718 41608.0 1.0353e-05 7.0465e-05
387640 719 41575.0 1.0394e-05 7.0407e-05
387640 720 41544.0 1.0385e-05 7.0364e-05
387640 721 41527.0 1.0317e-05 7.0325e-05
387640 722 41497.0 1.0374e-05 7.0288e-05
387640 723 41438.0 1.035e-05 7.0237e-05
387640 724 41449.0 1.0448e-05 7.0201e-05
387640 725 41422.0 1.0457e-05 7.016e-05
387640 726 41406.0 1.047e-05 7.0129e-05
387640 727 41387.0 1.0433e-05 7.009e-05
387640 728 41305.0 1.0351e-05 7.0041e-05
387640 729 41341.0 1.0349e-05 7.0015e-05
387640 730 40731.0 1.0246e-05 6.9966e-05
387640 731 41306.0 1.0461e-05 6.9947e-05
387640 732 41288.0 1.0396e-05 6.9903e-05
387640 733 41186.0 1.0467e-05 6.9737e-05
387640 734 41160.0 1.0435e-05 6.9798e-05
387640 735 41299.0 1.0488e-05 7.0045e-05
387640 736 41304.0 1.0416e-05 7.0041e-05
387640 737 41310.0 1.0411e-05 7.0068e-05
387640 738 41296.0 1.0429e-05 7.0056e-05
387640 739 41256.0 1.0414e-05 7.0031e-05
387640 740 41250.0 1.0305e-05 6.9945e-05
387640 741 41219.0 1.036e-05 6.9899e-05
387640 742 41268.0 1.0425e-05 6.9978e-05
387640 743 40651.0 1.0276e-05 6.9926e-05
387640 744 41217.0 1.0372e-05 6.9897e-05
387640 745 41190.0 1.0449e-05 6.9853e-05
387640 746 41146.0 1.0485e-05 6.9782e-05
387640 747 41097.0 1.0439e-05 6.9692e-05
387640 748 41044.0 1.0386e-05 6.959e-05
387640 749 41037.0 1.0361e-05 6.9595e-05
387640 750 41029.0 1.0327e-05 6.9556e-05
387640 751 40872.0 1.0483e-05 6.9397e-05
387640 752 40890.0 1.0439e-05 6.9319e-05
387640 753 40927.0 1.0417e-05 6.9466e-05
387640 754 40946.0 1.0433e-05 6.9424e-05
387640 755 40344.0 1.0188e-05 6.939e-05
387640 756 40816.0 1.0402e-05 6.9383e-05
387640 757 40953.0 1.0465e-05 6.9445e-05
387640 758 40933.0 1.0375e-05 6.9414e-05
387640 759 40925.0 1.0433e-05 6.9395e-05
387640 760 40875.0 1.0346e-05 6.9312e-05
387640 761 40815.0 1.0387e-05 6.9241e-05
387640 762 40745.0 1.049e-05 6.9122e-05
387640 763 40669.0 1.0378e-05 6.9061e-05
387640 764 40735.0 1.0436e-05 6.9054e-05
387640 765 40653.0 1.031e-05 6.9003e-05
387640 766 40600.0 1.0434e-05 6.8823e-05
387640 767 40611.0 1.0459e-05 6.8843e-05
387640 768 40054.0 1.0212e-05 6.8951e-05
387640 769 40667.0 1.0465e-05 6.8938e-05
387640 770 40630.0 1.0414e-05 6.8878e-05
387640 771 40631.0 1.0428e-05 6.8883e-05
387640 772 40660.0 1.0433e-05 6.8912e-05
387640 773 40630.0 1.0444e-05 6.8875e-05
387640 774 40617.0 1.0402e-05 6.8838e-05
387640 775 40575.0 1.0447e-05 6.8781e-05
387640 776 40540.0 1.0383e-05 6.872e-05
387640 777 40480.0 1.0468e-05 6.8625e-05
387640 778 40473.0 1.0387e-05 6.8593e-05
387640 779 40440.0 1.0403e-05 6.8553e-05
387640 780 40402.0 1.0476e-05 6.8482e-05
387640 781 39745.0 1.0241e-05 6.8328e-05
387640 782 40346.0 1.0423e-05 6.8384e-05
387640 783 40369.0 1.0448e-05 6.8434e-05
387640 784 40335.0 1.0494e-05 6.8377e-05
387640 785 40315.0 1.0474e-05 6.832e-05
387640 786 40313.0 1.04e-05 6.8359e-05
387640 787 40326.0 1.0457e-05 6.8367e-05
387640 788 40322.0 1.0529e-05 6.8349e-05
387640 789 40292.0 1.0424e-05 6.8309e-05
387640 790 40238.0 1.0503e-05 6.8206e-05
387640 791 40204.0 1.0431e-05 6.8131e-05
387640 792 40140.0 1.0414e-05 6.8013e-05
387640 793 40111.0 1.0484e-05 6.7986e-05
387640 794 39503.0 1.0263e-05 6.7942e-05
387640 795 39995.0 1.0442e-05 6.7826e-05
387640 796 39928.0 1.0396e-05 6.768e-05
387640 797 40001.0 1.0458e-05 6.7797e-05
387640 798 40005.0 1.0432e-05 6.7818e-05
387640 799 18601.0 6.1537e-06 6.7432e-05
387640 800 3.9534 5.8883e-06 6.7354e-05
387640 801 20504.0 6.3049e-06 6.7511e-05
387640 802 40010.0 1.0485e-05 6.78e-05
387640 803 40022.0 1.0396e-05 6.7801e-05
387640 804 39990.0 1.0502e-05 6.7768e-05
387640 805 39963.0 1.0433e-05 6.7707e-05
387640 806 39986.0 1.0424e-05 6.7763e-05
387640 807 39913.0 1.0537e-05 6.7635e-05
387640 808 39269.0 1.0211e-05 6.7535e-05
387640 809 30265.0 7.8183e-06 6.727e-05
387640 810 39830.0 1.0476e-05 6.7485e-05
387640 811 39821.0 1.0397e-05 6.7466e-05
387640 812 39724.0 1.0482e-05 6.7312e-05
387640 813 39737.0 1.0458e-05 6.7333e-05
387640 814 39773.0 1.0433e-05 6.7392e-05
387640 815 39756.0 1.0429e-05 6.7356e-05
387640 816 39707.0 1.0426e-05 6.7282e-05
387640 817 39705.0 1.0554e-05 6.7292e-05
387640 818 39707.0 1.0443e-05 6.7273e-05
387640 819 39668.0 1.0404e-05 6.721e-05
387640 820 39643.0 1.0397e-05 6.7153e-05
387640 821 39630.0 1.0474e-05 6.714e-05
387640 822 39049.0 1.0304e-05 6.7105e-05
387640 823 39538.0 1.0533e-05 6.6987e-05
387640 824 39510.0 1.054e-05 6.6942e-05
387640 825 39544.0 1.0442e-05 6.6981e-05
387640 826 39494.0 1.0504e-05 6.6908e-05
387640 827 39469.0 1.0475e-05 6.6871e-05
387640 828 39480.0 1.0532e-05 6.6879e-05
387640 829 39502.0 1.0555e-05 6.6919e-05
387640 830 39460.0 1.0501e-05 6.685e-05
387640 831 39430.0 1.0508e-05 6.6804e-05
387640 832 39372.0 1.0407e-05 6.6811e-05
387640 833 39433.0 1.0484e-05 6.68e-05
387640 834 39297.0 1.0441e-05 6.6752e-05
387640 835 38989.0 1.0422e-05 6.6715e-05
387640 836 39345.0 1.0528e-05 6.6663e-05
387640 837 39321.0 1.0449e-05 6.6612e-05
387640 838 39118.0 1.0429e-05 6.6481e-05
387640 839 39236.0 1.0546e-05 6.6473e-05
387640 840 39238.0 1.0522e-05 6.6457e-05
387640 841 39187.0 1.0542e-05 6.6377e-05
387640 842 39111.0 1.0553e-05 6.6277e-05
387640 843 39166.0 1.0513e-05 6.6345e-05
387640 844 39162.0 1.0481e-05 6.6374e-05
387640 845 39199.0 1.0555e-05 6.6402e-05
387640 846 39114.0 1.052e-05 6.6279e-05
387640 847 38590.0 1.0318e-05 6.631e-05
387640 848 39134.0 1.0571e-05 6.6296e-05
387640 849 39102.0 1.0495e-05 6.6225e-05
387640 850 39057.0 1.0416e-05 6.6191e-05
387640 851 39064.0 1.0463e-05 6.6158e-05
387640 852 39017.0 1.0519e-05 6.6095e-05
387640 853 38962.0 1.0566e-05 6.5998e-05
387640 854 38979.0 1.055e-05 6.6012e-05
387640 855 38955.0 1.0503e-05 6.6001e-05
387640 856 38910.0 1.0589e-05 6.5911e-05
387640 857 38868.0 1.0521e-05 6.5839e-05
387640 858 38902.0 1.0471e-05 6.5906e-05
387640 859 38905.0 1.0477e-05 6.589e-05
387640 860 38280.0 1.031e-05 6.5806e-05
387640 861 38852.0 1.0597e-05 6.5808e-05
387640 862 38869.0 1.0515e-05 6.5829e-05
387640 863 38773.0 1.052e-05 6.5787e-05
387640 864 38824.0 1.0565e-05 6.5755e-05
387640 865 38815.0 1.0547e-05 6.575e-05
387640 866 38775.0 1.0566e-05 6.5713e-05
387640 867 38419.0 1.0428e-05 6.561e-05
387640 868 38570.0 1.0396e-05 6.5537e-05
387640 869 38713.0 1.0471e-05 6.5565e-05
387640 870 38635.0 1.0478e-05 6.5526e-05
387640 871 38393.0 1.0485e-05 6.5393e-05
387640 872 38601.0 1.0491e-05 6.5383e-05
387640 873 38113.0 1.0326e-05 6.5475e-05
387640 874 38544.0 1.0492e-05 6.5437e-05
387640 875 38537.0 1.0605e-05 6.5376e-05
387640 876 38592.0 1.0594e-05 6.5369e-05
387640 877 38597.0 1.054e-05 6.5386e-05
387640 878 38569.0 1.0532e-05 6.5324e-05
387640 879 38544.0 1.0391e-05 6.5269e-05
387640 880 38519.0 1.0483e-05 6.526e-05
387640 881 38514.0 1.0527e-05 6.5234e-05
387640 882 38440.0 1.0689e-05 6.5123e-05
387640 883 38422.0 1.0581e-05 6.5078e-05
387640 884 38439.0 1.0507e-05 6.5094e-05
387640 885 38388.0 1.0567e-05 6.5045e-05
387640 886 37785.0 1.0353e-05 6.4914e-05
387640 887 38351.0 1.0612e-05 6.4956e-05
387640 888 38426.0 1.0586e-05 6.5079e-05
387640 889 38343.0 1.0625e-05 6.4954e-05
387640 890 38329.0 1.061e-05 6.4905e-05
387640 891 38323.0 1.0622e-05 6.4905e-05
387640 892 38316.0 1.0557e-05 6.4897e-05
387640 893 38287.0 1.0597e-05 6.4853e-05
387640 894 38268.0 1.0527e-05 6.4809e-05
387640 895 38252.0 1.0498e-05 6.4766e-05
387640 896 38215.0 1.0585e-05 6.4725e-05
387640 897 38152.0 1.0626e-05 6.4607e-05
387640 898 38133.0 1.0636e-05 6.4588e-05
387640 899 37595.0 1.0423e-05 6.4587e-05
387640 900 38095.0 1.0526e-05 6.4514e-05
387640 901 38039.0 1.0627e-05 6.4416e-05
387640 902 38064.0 1.0519e-05 6.4455e-05
387640 903 38085.0 1.0689e-05 6.4492e-05
387640 904 38034.0 1.0561e-05 6.4425e-05
387640 905 38015.0 1.0647e-05 6.4386e-05
387640 906 38043.0 1.0622e-05 6.4429e-05
387640 907 38023.0 1.0658e-05 6.4407e-05
387640 908 38009.0 1.0616e-05 6.4376e-05
387640 909 37981.0 1.0598e-05 6.4342e-05
387640 910 37957.0 1.067e-05 6.4282e-05
387640 911 37932.0 1.0636e-05 6.4221e-05
387640 912 37325.0 1.0455e-05 6.4123e-05
387640 913 37866.0 1.071e-05 6.4139e-05
387640 914 37827.0 1.0709e-05 6.4118e-05
387640 915 37758.0 1.0693e-05 6.4028e-05
387640 916 37771.0 1.0538e-05 6.3954e-05
387640 917 37811.0 1.0619e-05 6.4045e-05
387640 918 37819.0 1.0612e-05 6.4037e-05
387640 919 37772.0 1.0637e-05 6.3968e-05
387640 920 37752.0 1.0578e-05 6.3924e-05
387640 921 37781.0 1.0643e-05 6.3968e-05
387640 922 37753.0 1.0572e-05 6.392e-05
387640 923 37715.0 1.061e-05 6.3867e-05
387640 924 37700.0 1.0644e-05 6.3834e-05
387640 925 37144.0 1.042e-05 6.3799e-05
387640 926 37682.0 1.0652e-05 6.3815e-05
387640 927 37598.0 1.0751e-05 6.3662e-05
387640 928 37608.0 1.0523e-05 6.3668e-05
387640 929 37600.0 1.0631e-05 6.3667e-05
387640 930 37514.0 1.0624e-05 6.3546e-05
387640 931 37509.0 1.0681e-05 6.3508e-05
387640 932 37556.0 1.0566e-05 6.3578e-05
387640 933 37527.0 1.0656e-05 6.3541e-05
387640 934 37488.0 1.0652e-05 6.3486e-05
387640 935 37495.0 1.0672e-05 6.3483e-05
387640 936 37503.0 1.0603e-05 6.3492e-05
387640 937 37464.0 1.0688e-05 6.3449e-05
387640 938 36914.0 1.0428e-05 6.3394e-05
387640 939 37429.0 1.0754e-05 6.3378e-05
387640 940 37404.0 1.0727e-05 6.3343e-05
387640 941 37346.0 1.053e-05 6.3227e-05
387640 942 37284.0 1.0621e-05 6.3186e-05
387640 943 37327.0 1.0661e-05 6.3213e-05
387640 944 37258.0 1.0695e-05 6.3154e-05
387640 945 37214.0 1.0764e-05 6.3025e-05
387640 946 37229.0 1.0672e-05 6.303e-05
387640 947 22838.0 6.4886e-06 6.282e-05
387640 948 33087.0 9.2031e-06 6.2962e-05
387640 949 37018.0 1.052e-05 6.3006e-05
387640 950 37221.0 1.0591e-05 6.3025e-05
387640 951 36695.0 1.0381e-05 6.3015e-05
387640 952 37203.0 1.0705e-05 6.2992e-05
387640 953 37176.0 1.0626e-05 6.2946e-05
387640 954 37071.0 1.0698e-05 6.2916e-05
387640 955 37051.0 1.0592e-05 6.287e-05
387640 956 36979.0 1.0692e-05 6.2746e-05
387640 957 36986.0 1.0667e-05 6.2748e-05
387640 958 36966.0 1.0637e-05 6.2753e-05
387640 959 36950.0 1.0717e-05 6.27e-05
387640 960 36895.0 1.0669e-05 6.2605e-05
387640 961 36925.0 1.0708e-05 6.2667e-05
387640 962 36958.0 1.071e-05 6.2705e-05
387640 963 36912.0 1.0664e-05 6.2635e-05
387640 964 36363.0 1.0422e-05 6.2582e-05
387640 965 36912.0 1.0721e-05 6.2621e-05
387640 966 36894.0 1.0717e-05 6.26e-05
387640 967 36851.0 1.0752e-05 6.2531e-05
387640 968 36827.0 1.0693e-05 6.2506e-05
387640 969 36823.0 1.0722e-05 6.248e-05
387640 970 36769.0 1.0558e-05 6.2407e-05
387640 971 36733.0 1.0587e-05 6.2317e-05
387640 972 36738.0 1.0687e-05 6.2329e-05
387640 973 36739.0 1.0639e-05 6.2325e-05
387640 974 36684.0 1.066e-05 6.2228e-05
387640 975 36650.0 1.0764e-05 6.218e-05
387640 976 36684.0 1.0583e-05 6.2227e-05
387640 977 36145.0 1.0468e-05 6.2212e-05
387640 978 36651.0 1.0676e-05 6.2165e-05
387640 979 36632.0 1.0732e-05 6.2143e-05
387640 980 36650.0 1.0614e-05 6.219e-05
387640 981 36645.0 1.0697e-05 6.2171e-05
387640 982 36628.0 1.0621e-05 6.2125e-05
387640 983 36604.0 1.0765e-05 6.2102e-05
387640 984 36575.0 1.0723e-05 6.2056e-05
387640 985 36539.0 1.0675e-05 6.1976e-05
387640 986 36488.0 1.055e-05 6.1895e-05
387640 987 36483.0 1.0723e-05 6.1914e-05
387640 988 36489.0 1.0667e-05 6.1895e-05
387640 989 36416.0 1.0713e-05 6.1776e-05
387640 990 35881.0 1.0432e-05 6.1724e-05
387640 991 36443.0 1.0731e-05 6.1842e-05
387640 992 36439.0 1.0753e-05 6.1805e-05
387640 993 36408.0 1.0799e-05 6.1758e-05
387640 994 36391.0 1.0785e-05 6.1742e-05
387640 995 36409.0 1.0712e-05 6.1766e-05
387640 996 36390.0 1.0716e-05 6.1732e-05
387640 997 36345.0 1.0704e-05 6.1689e-05
387640 998 36339.0 1.064e-05 6.1642e-05
387640 999 36310.0 1.0754e-05 6.1614e-05
387640 1000 36240.0 1.0739e-05 6.1494e-05
387640 1001 36218.0 1.0737e-05 6.1441e-05
387640 1002 35727.0 1.0678e-05 6.1454e-05
387640 1003 36196.0 1.0683e-05 6.1417e-05
387640 1004 36119.0 1.0804e-05 6.1279e-05
387640 1005 36137.0 1.0679e-05 6.1295e-05
387640 1006 36181.0 1.0777e-05 6.1374e-05
387640 1007 36164.0 1.067e-05 6.1335e-05
387640 1008 36143.0 1.0775e-05 6.1295e-05
387640 1009 36134.0 1.0723e-05 6.1309e-05
387640 1010 36156.0 1.0781e-05 6.1321e-05
387640 1011 36135.0 1.0786e-05 6.129e-05
387640 1012 36120.0 1.0719e-05 6.1257e-05
387640 1013 36091.0 1.0781e-05 6.1206e-05
387640 1014 36064.0 1.0795e-05 6.1169e-05
387640 1015 35438.0 1.0603e-05 6.1022e-05
387640 1016 35980.0 1.077e-05 6.102e-05
387640 1017 35985.0 1.076e-05 6.1034e-05
387640 1018 35941.0 1.0811e-05 6.0964e-05
387640 1019 35879.0 1.0678e-05 6.0852e-05
387640 1020 35913.0 1.076e-05 6.0912e-05
387640 1021 35941.0 1.0808e-05 6.0952e-05
387640 1022 35906.0 1.0798e-05 6.0915e-05
387640 1023 35881.0 1.0649e-05 6.0865e-05
387640 1024 35890.0 1.0765e-05 6.0891e-05
387640 1025 35876.0 1.0754e-05 6.0863e-05
387640 1026 35865.0 1.071e-05 6.0835e-05
387640 1027 35823.0 1.0708e-05 6.0786e-05
387640 1028 35213.0 1.0634e-05 6.072e-05
387640 1029 35787.0 1.0589e-05 6.0678e-05
387640 1030 35719.0 1.0693e-05 6.0589e-05
387640 1031 35708.0 1.0733e-05 6.0598e-05
387640 1032 35721.0 1.0747e-05 6.0595e-05
387640 1033 35665.0 1.0678e-05 6.0506e-05
387640 1034 35638.0 1.0783e-05 6.0449e-05
387640 1035 35682.0 1.09e-05 6.0524e-05
387640 1036 35694.0 1.0778e-05 6.0519e-05
387640 1037 35660.0 1.0808e-05 6.0466e-05
387640 1038 35629.0 1.0763e-05 6.0432e-05
387640 1039 35661.0 1.0842e-05 6.0464e-05
387640 1040 35625.0 1.0841e-05 6.0423e-05
387640 1041 35085.0 1.0574e-05 6.0346e-05
387640 1042 35569.0 1.0865e-05 6.034e-05
387640 1043 35609.0 1.0747e-05 6.0382e-05
387640 1044 35520.0 1.0846e-05 6.0234e-05
387640 1045 35474.0 1.0904e-05 6.0164e-05
387640 1046 35487.0 1.0833e-05 6.0178e-05
387640 1047 35483.0 1.0808e-05 6.0162e-05
387640 1048 35412.0 1.0748e-05 6.0054e-05
387640 1049 35372.0 1.0736e-05 6.0018e-05
387640 1050 35449.0 1.0816e-05 6.0102e-05
387640 1051 35427.0 1.0926e-05 6.008e-05
387640 1052 35398.0 1.0759e-05 6.0027e-05
387640 1053 35389.0 1.0826e-05 6.0011e-05
387640 1054 34891.0 1.059e-05 6.0012e-05
387640 1055 35379.0 1.0818e-05 5.9988e-05
387640 1056 35358.0 1.0754e-05 5.9948e-05
387640 1057 35373.0 1.0881e-05 5.9998e-05
387640 1058 35310.0 1.0806e-05 5.9872e-05
387640 1059 35245.0 1.0769e-05 5.9763e-05
387640 1060 35219.0 1.0816e-05 5.9725e-05
387640 1061 35232.0 1.0877e-05 5.9756e-05
387640 1062 35204.0 1.0839e-05 5.9713e-05
387640 1063 35133.0 1.0905e-05 5.9591e-05
387640 1064 35144.0 1.0812e-05 5.9586e-05
387640 1065 35165.0 1.0868e-05 5.9669e-05
387640 1066 35164.0 1.0814e-05 5.963e-05
387640 1067 34607.0 1.0548e-05 5.9567e-05
387640 1068 35150.0 1.0897e-05 5.9598e-05
387640 1069 35143.0 1.0944e-05 5.9601e-05
387640 1070 35128.0 1.085e-05 5.9565e-05
387640 1071 35104.0 1.0885e-05 5.9536e-05
387640 1072 35078.0 1.0952e-05 5.9479e-05
387640 1073 35053.0 1.0967e-05 5.9443e-05
387640 1074 34973.0 1.0931e-05 5.9304e-05
387640 1075 34977.0 1.0954e-05 5.931e-05
387640 1076 34973.0 1.086e-05 5.9303e-05
387640 1077 34942.0 1.1017e-05 5.9248e-05
387640 1078 34800.0 1.0859e-05 5.9131e-05
387640 1079 34950.0 1.0883e-05 5.9261e-05
387640 1080 34436.0 1.0793e-05 5.9235e-05
387640 1081 34917.0 1.092e-05 5.9194e-05
387640 1082 34890.0 1.097e-05 5.9163e-05
387640 1083 34903.0 1.0836e-05 5.9175e-05
387640 1084 34892.0 1.0919e-05 5.9171e-05
387640 1085 34882.0 1.0765e-05 5.9125e-05
387640 1086 34852.0 1.0938e-05 5.9099e-05
387640 1087 34828.0 1.083e-05 5.9048e-05
387640 1088 34795.0 1.093e-05 5.8998e-05
387640 1089 34735.0 1.0923e-05 5.8895e-05
387640 1090 34739.0 1.0873e-05 5.8892e-05
387640 1091 34742.0 1.088e-05 5.8896e-05
387640 1092 34682.0 1.084e-05 5.8808e-05
387640 1093 34127.0 1.0718e-05 5.8732e-05
387640 1094 34685.0 1.0902e-05 5.8806e-05
387640 1095 34686.0 1.0985e-05 5.8817e-05
387640 1096 34660.0 1.0935e-05 5.8769e-05
387640 1097 34635.0 1.0964e-05 5.8736e-05
387640 1098 34577.0 1.0807e-05 5.8756e-05
387640 1099 34650.0 1.091e-05 5.8737e-05
387640 1100 34612.0 1.0951e-05 5.8696e-05
387640 1101 34597.0 1.0898e-05 5.8658e-05
387640 1102 34540.0 1.0914e-05 5.8619e-05
387640 1103 34483.0 1.0957e-05 5.8546e-05
387640 1104 34490.0 1.0878e-05 5.8473e-05
387640 1105 34508.0 1.0993e-05 5.8509e-05
387640 1106 34003.0 1.0661e-05 5.8478e-05
387640 1107 34430.0 1.0919e-05 5.8392e-05
387640 1108 20304.0 6.1391e-06 5.8015e-05
387640 1109 9794.5 5.0344e-06 5.8001e-05
387640 1110 34457.0 1.0922e-05 5.8412e-05
387640 1111 34352.0 1.0955e-05 5.8367e-05
387640 1112 34383.0 1.0868e-05 5.8341e-05
387640 1113 34445.0 1.093e-05 5.8402e-05
387640 1114 34430.0 1.0945e-05 5.8369e-05
387640 1115 34379.0 1.1035e-05 5.834e-05
387640 1116 34370.0 1.0895e-05 5.8284e-05
387640 1117 34345.0 1.1019e-05 5.8244e-05
387640 1118 34289.0 1.0935e-05 5.8143e-05
387640 1119 34263.0 1.0925e-05 5.809e-05
387640 1120 33816.0 1.0757e-05 5.8162e-05
387640 1121 34245.0 1.0954e-05 5.8067e-05
387640 1122 34126.0 1.0988e-05 5.7925e-05
387640 1123 34153.0 1.0936e-05 5.7923e-05
387640 1124 34221.0 1.1009e-05 5.8017e-05
387640 1125 34205.0 1.1017e-05 5.7992e-05
387640 1126 34177.0 1.0895e-05 5.7945e-05
387640 1127 34181.0 1.0958e-05 5.7963e-05
387640 1128 34189.0 1.0908e-05 5.7969e-05
387640 1129 34174.0 1.0867e-05 5.7936e-05
387640 1130 34155.0 1.0932e-05 5.7911e-05
387640 1131 34135.0 1.0975e-05 5.7869e-05
387640 1132 34049.0 1.1004e-05 5.7834e-05
387640 1133 33543.0 1.0741e-05 5.7691e-05
387640 1134 34038.0 1.1054e-05 5.7701e-05
387640 1135 34043.0 1.1114e-05 5.7722e-05
387640 1136 34011.0 1.0979e-05 5.7658e-05
387640 1137 33961.0 1.1014e-05 5.7583e-05
387640 1138 33978.0 1.0948e-05 5.7608e-05
387640 1139 33994.0 1.1048e-05 5.7648e-05
387640 1140 33975.0 1.0967e-05 5.7609e-05
387640 1141 33952.0 1.1038e-05 5.7583e-05
387640 1142 33952.0 1.1096e-05 5.7587e-05
387640 1143 33945.0 1.0958e-05 5.7564e-05
387640 1144 33920.0 1.0967e-05 5.7515e-05
387640 1145 33907.0 1.105e-05 5.7499e-05
387640 1146 33382.0 1.0772e-05 5.7426e-05
387640 1147 33852.0 1.1036e-05 5.7393e-05
387640 1148 33784.0 1.1078e-05 5.7291e-05
387640 1149 33768.0 1.1116e-05 5.7292e-05
387640 1150 33775.0 1.1031e-05 5.7286e-05
387640 1151 33747.0 1.1047e-05 5.7219e-05
387640 1152 33717.0 1.1004e-05 5.7157e-05
387640 1153 23661.0 7.113e-06 5.6959e-05
387640 1154 3.5286 4.8935e-06 5.6768e-05
387640 1155 20388.0 6.2726e-06 5.6871e-05
387640 1156 33718.0 1.0952e-05 5.7155e-05
387640 1157 33735.0 1.1026e-05 5.7184e-05
387640 1158 33714.0 1.1073e-05 5.7157e-05
387640 1159 33683.0 1.1038e-05 5.7112e-05
387640 1160 33170.0 1.0826e-05 5.7064e-05
387640 1161 33651.0 1.11e-05 5.7054e-05
387640 1162 33608.0 1.0964e-05 5.6975e-05
387640 1163 33570.0 1.1051e-05 5.6909e-05
387640 1164 33577.0 1.1117e-05 5.6928e-05
387640 1165 33573.0 1.1066e-05 5.6917e-05
387640 1166 33516.0 1.1085e-05 5.6823e-05
387640 1167 33491.0 1.1171e-05 5.678e-05
387640 1168 33537.0 1.114e-05 5.6861e-05
387640 1169 33525.0 1.1068e-05 5.6835e-05
387640 1170 33499.0 1.1083e-05 5.6793e-05
387640 1171 33440.0 1.1078e-05 5.6773e-05
387640 1172 33014.0 1.0847e-05 5.6774e-05
387640 1173 33465.0 1.1016e-05 5.6752e-05
387640 1174 33453.0 1.1033e-05 5.6724e-05
387640 1175 33429.0 1.1115e-05 5.6677e-05
387640 1176 33404.0 1.108e-05 5.6635e-05
387640 1177 33355.0 1.1049e-05 5.6546e-05
387640 1178 33334.0 1.111e-05 5.6506e-05
387640 1179 33342.0 1.1042e-05 5.6516e-05
387640 1180 33322.0 1.1025e-05 5.6488e-05
387640 1181 33261.0 1.1125e-05 5.6387e-05
387640 1182 33253.0 1.1044e-05 5.6381e-05
387640 1183 33304.0 1.1156e-05 5.6462e-05
387640 1184 33267.0 1.1051e-05 5.6416e-05
387640 1185 32780.0 1.0989e-05 5.638e-05
387640 1186 33265.0 1.1048e-05 5.6389e-05
387640 1187 33264.0 1.1191e-05 5.6396e-05
387640 1188 33242.0 1.1155e-05 5.636e-05
387640 1189 33220.0 1.1049e-05 5.6316e-05
387640 1190 33185.0 1.1133e-05 5.6277e-05
387640 1191 33178.0 1.1146e-05 5.6247e-05
387640 1192 33107.0 1.1038e-05 5.6127e-05
387640 1193 33095.0 1.1069e-05 5.6119e-05
387640 1194 33111.0 1.1274e-05 5.6139e-05
387640 1195 33036.0 1.1208e-05 5.6075e-05
387640 1196 33012.0 1.1122e-05 5.5981e-05
387640 1197 33037.0 1.1134e-05 5.6022e-05
387640 1198 32595.0 1.0908e-05 5.6046e-05
387640 1199 33034.0 1.1147e-05 5.6014e-05
387640 1200 33021.0 1.1161e-05 5.5987e-05
387640 1201 33032.0 1.1126e-05 5.6e-05
387640 1202 33025.0 1.117e-05 5.5994e-05
387640 1203 33006.0 1.121e-05 5.596e-05
387640 1204 32826.0 1.1108e-05 5.5923e-05
387640 1205 32957.0 1.1078e-05 5.5867e-05
387640 1206 32935.0 1.1149e-05 5.5834e-05
387640 1207 32880.0 1.1094e-05 5.5732e-05
387640 1208 32875.0 1.129e-05 5.5741e-05
387640 1209 32870.0 1.1199e-05 5.5724e-05
387640 1210 32844.0 1.1282e-05 5.5694e-05
387640 1211 32310.0 1.1047e-05 5.5585e-05
387640 1212 32826.0 1.1157e-05 5.5655e-05
387640 1213 32833.0 1.124e-05 5.5675e-05
387640 1214 32802.0 1.1198e-05 5.5617e-05
387640 1215 32787.0 1.1253e-05 5.5599e-05
387640 1216 32814.0 1.1164e-05 5.5627e-05
387640 1217 32793.0 1.1265e-05 5.5601e-05
387640 1218 32762.0 1.1243e-05 5.5569e-05
387640 1219 32756.0 1.1064e-05 5.5524e-05
387640 1220 32731.0 1.1156e-05 5.5484e-05
387640 1221 32684.0 1.1311e-05 5.5424e-05
387640 1222 32646.0 1.1158e-05 5.5351e-05
387640 1223 32647.0 1.1231e-05 5.5354e-05
387640 1224 32166.0 1.0968e-05 5.5314e-05
387640 1225 32581.0 1.1222e-05 5.5236e-05
387640 1226 32559.0 1.1221e-05 5.5195e-05
387640 1227 32619.0 1.115e-05 5.5288e-05
387640 1228 32599.0 1.1254e-05 5.5278e-05
387640 1229 32581.0 1.1167e-05 5.523e-05
387640 1230 32571.0 1.1369e-05 5.5232e-05
387640 1231 32575.0 1.1199e-05 5.5234e-05
387640 1232 32556.0 1.1259e-05 5.5208e-05
387640 1233 32541.0 1.1276e-05 5.5177e-05
387640 1234 32505.0 1.1281e-05 5.5134e-05
387640 1235 32494.0 1.111e-05 5.5084e-05
387640 1236 32428.0 1.1244e-05 5.5002e-05
387640 1237 31942.0 1.1049e-05 5.4928e-05
387640 1238 32471.0 1.1282e-05 5.5047e-05
387640 1239 32405.0 1.1219e-05 5.4947e-05
387640 1240 32319.0 1.1315e-05 5.4851e-05
387640 1241 32347.0 1.1321e-05 5.4853e-05
387640 1242 32405.0 1.1209e-05 5.4934e-05
387640 1243 32394.0 1.1345e-05 5.4922e-05
387640 1244 32362.0 1.132e-05 5.4878e-05
387640 1245 32372.0 1.1255e-05 5.4883e-05
387640 1246 32372.0 1.1337e-05 5.4883e-05
387640 1247 32349.0 1.1287e-05 5.4854e-05
387640 1248 32342.0 1.1336e-05 5.4831e-05
387640 1249 32306.0 1.1284e-05 5.4772e-05
387640 1250 31814.0 1.0936e-05 5.4706e-05
387640 1251 32206.0 1.1195e-05 5.4605e-05
387640 1252 32204.0 1.1334e-05 5.4599e-05
387640 1253 32197.0 1.1302e-05 5.4605e-05
387640 1254 32180.0 1.1319e-05 5.4563e-05
387640 1255 32128.0 1.1332e-05 5.4471e-05
387640 1256 32071.0 1.1158e-05 5.4492e-05
387640 1257 32096.0 1.1158e-05 5.4546e-05
387640 1258 32073.0 1.1271e-05 5.4515e-05
387640 1259 32051.0 1.1376e-05 5.4508e-05
387640 1260 32073.0 1.1382e-05 5.4514e-05
387640 1261 32057.0 1.1317e-05 5.4495e-05
387640 1262 32050.0 1.1166e-05 5.4463e-05
387640 1263 31568.0 1.098e-05 5.4421e-05
387640 1264 31986.0 1.1246e-05 5.437e-05
387640 1265 31964.0 1.1345e-05 5.4338e-05
387640 1266 31916.0 1.1288e-05 5.4238e-05
387640 1267 31903.0 1.1333e-05 5.4242e-05
387640 1268 31883.0 1.1316e-05 5.4245e-05
387640 1269 31866.0 1.1286e-05 5.4181e-05
387640 1270 31805.0 1.1258e-05 5.412e-05
387640 1271 31882.0 1.1356e-05 5.4171e-05
387640 1272 31868.0 1.1373e-05 5.4179e-05
387640 1273 31868.0 1.1249e-05 5.4153e-05
387640 1274 31860.0 1.1434e-05 5.4141e-05
387640 1275 31863.0 1.1377e-05 5.4151e-05
387640 1276 31364.0 1.1099e-05 5.4107e-05
387640 1277 31824.0 1.1273e-05 5.4082e-05
387640 1278 31813.0 1.1214e-05 5.4043e-05
387640 1279 31782.0 1.1273e-05 5.4003e-05
387640 1280 31746.0 1.144e-05 5.3955e-05
387640 1281 31738.0 1.1355e-05 5.3938e-05
387640 1282 31699.0 1.1334e-05 5.387e-05
387640 1283 31698.0 1.135e-05 5.386e-05
387640 1284 31650.0 1.1381e-05 5.3782e-05
387640 1285 31612.0 1.1422e-05 5.3733e-05
387640 1286 31674.0 1.1427e-05 5.3821e-05
387640 1287 31660.0 1.131e-05 5.3793e-05
387640 1288 31638.0 1.1368e-05 5.3756e-05
387640 1289 31178.0 1.1249e-05 5.3733e-05
387640 1290 31636.0 1.1281e-05 5.3759e-05
387640 1291 31575.0 1.1284e-05 5.3726e-05
387640 1292 31609.0 1.1361e-05 5.3711e-05
387640 1293 31578.0 1.1281e-05 5.3658e-05
387640 1294 31553.0 1.1449e-05 5.3624e-05
387640 1295 31509.0 1.1519e-05 5.3552e-05
387640 1296 31475.0 1.1389e-05 5.3488e-05
387640 1297 31491.0 1.1449e-05 5.351e-05
387640 1298 31454.0 1.1353e-05 5.3484e-05
387640 1299 31423.0 1.1529e-05 5.3399e-05
387640 1300 31413.0 1.1515e-05 5.3386e-05
387640 1301 31466.0 1.1378e-05 5.3464e-05
387640 1302 30999.0 1.1167e-05 5.3422e-05
387640 1303 31408.0 1.1405e-05 5.3402e-05
387640 1304 31422.0 1.1452e-05 5.3399e-05
387640 1305 31427.0 1.1301e-05 5.3398e-05
387640 1306 31417.0 1.152e-05 5.3383e-05
387640 1307 31399.0 1.1466e-05 5.3349e-05
387640 1308 31328.0 1.1485e-05 5.33e-05
387640 1309 31341.0 1.1484e-05 5.327e-05
387640 1310 31277.0 1.1353e-05 5.315e-05
387640 1311 31261.0 1.1429e-05 5.3127e-05
387640 1312 31271.0 1.1379e-05 5.3147e-05
387640 1313 31250.0 1.1486e-05 5.3107e-05
387640 1314 30739.0 1.1152e-05 5.2971e-05
387640 1315 31198.0 1.1515e-05 5.3039e-05
387640 1316 31246.0 1.1363e-05 5.3094e-05
387640 1317 31230.0 1.1442e-05 5.3062e-05
387640 1318 31216.0 1.1407e-05 5.3042e-05
387640 1319 31235.0 1.1357e-05 5.3067e-05
387640 1320 31236.0 1.139e-05 5.3072e-05
387640 1321 31214.0 1.1348e-05 5.3044e-05
387640 1322 31206.0 1.1449e-05 5.3023e-05
387640 1323 31172.0 1.1489e-05 5.2971e-05
387640 1324 31152.0 1.1472e-05 5.2932e-05
387640 1325 31091.0 1.1486e-05 5.2829e-05
387640 1326 31071.0 1.1366e-05 5.2814e-05
387640 1327 30652.0 1.1211e-05 5.2822e-05
387640 1328 31067.0 1.1328e-05 5.277e-05
387640 1329 31034.0 1.1513e-05 5.2734e-05
387640 1330 31064.0 1.141e-05 5.2776e-05
387640 1331 31072.0 1.1297e-05 5.2786e-05
387640 1332 31051.0 1.1415e-05 5.2758e-05
387640 1333 31038.0 1.1533e-05 5.2748e-05
387640 1334 31048.0 1.1472e-05 5.2754e-05
387640 1335 31023.0 1.1476e-05 5.2733e-05
387640 1336 31044.0 1.1592e-05 5.2771e-05
387640 1337 30961.0 1.1376e-05 5.2656e-05
387640 1338 30955.0 1.1583e-05 5.2605e-05
387640 1339 30947.0 1.1537e-05 5.2593e-05
387640 1340 30497.0 1.1273e-05 5.2565e-05
387640 1341 30898.0 1.1407e-05 5.25e-05
387640 1342 30861.0 1.1493e-05 5.2436e-05
387640 1343 30878.0 1.1474e-05 5.2463e-05
387640 1344 30870.0 1.1554e-05 5.2459e-05
387640 1345 30819.0 1.162e-05 5.237e-05
387640 1346 30800.0 1.1542e-05 5.2341e-05
387640 1347 30804.0 1.1382e-05 5.2418e-05
387640 1348 30823.0 1.1466e-05 5.2393e-05
387640 1349 30813.0 1.1521e-05 5.2371e-05
387640 1350 30813.0 1.1509e-05 5.2356e-05
387640 1351 30799.0 1.1588e-05 5.2367e-05
387640 1352 30790.0 1.1382e-05 5.2324e-05
387640 1353 30332.0 1.1349e-05 5.2294e-05
387640 1354 30753.0 1.1559e-05 5.2268e-05
387640 1355 30741.0 1.1517e-05 5.223e-05
387640 1356 30656.0 1.1528e-05 5.2132e-05
387640 1357 30659.0 1.1577e-05 5.2102e-05
387640 1358 30670.0 1.1573e-05 5.2131e-05
387640 1359 30653.0 1.1573e-05 5.2093e-05
387640 1360 30600.0 1.1626e-05 5.1996e-05
387640 1361 30605.0 1.1579e-05 5.2009e-05
387640 1362 30644.0 1.152e-05 5.2073e-05
387640 1363 30629.0 1.1597e-05 5.2042e-05
387640 1364 30584.0 1.1561e-05 5.2011e-05
387640 1365 30609.0 1.1484e-05 5.2011e-05
387640 1366 30169.0 1.1334e-05 5.1995e-05
387640 1367 30595.0 1.1611e-05 5.1991e-05
387640 1368 30585.0 1.1509e-05 5.1962e-05
387640 1369 30544.0 1.1534e-05 5.1899e-05
387640 1370 30515.0 1.1549e-05 5.1859e-05
387640 1371 30457.0 1.1513e-05 5.1756e-05
387640 1372 30446.0 1.1655e-05 5.1752e-05
387640 1373 30440.0 1.1559e-05 5.1749e-05
387640 1374 30401.0 1.1681e-05 5.1701e-05
387640 1375 30374.0 1.1478e-05 5.1618e-05
387640 1376 30403.0 1.1424e-05 5.1665e-05
387640 1377 30427.0 1.1557e-05 5.1711e-05
387640 1378 30407.0 1.1604e-05 5.1693e-05
387640 1379 29969.0 1.1368e-05 5.1659e-05
387640 1380 30403.0 1.1567e-05 5.1686e-05
387640 1381 30397.0 1.1602e-05 5.1675e-05
387640 1382 30392.0 1.1655e-05 5.1649e-05
387640 1383 30371.0 1.1543e-05 5.1623e-05
387640 1384 30333.0 1.156e-05 5.1567e-05
387640 1385 30294.0 1.1646e-05 5.1523e-05
387640 1386 30258.0 1.1567e-05 5.1419e-05
387640 1387 30241.0 1.1655e-05 5.1427e-05
387640 1388 30255.0 1.1737e-05 5.1425e-05
387640 1389 30203.0 1.1607e-05 5.1337e-05
387640 1390 30174.0 1.1567e-05 5.128e-05
387640 1391 30230.0 1.1508e-05 5.1356e-05
387640 1392 29754.0 1.14e-05 5.1354e-05
387640 1393 30215.0 1.1669e-05 5.1353e-05
387640 1394 30205.0 1.1681e-05 5.1332e-05
387640 1395 30225.0 1.1554e-05 5.1368e-05
387640 1396 30183.0 1.1596e-05 5.1353e-05
387640 1397 30172.0 1.146e-05 5.1329e-05
387640 1398 30148.0 1.1685e-05 5.13e-05
387640 1399 30115.0 1.1602e-05 5.1238e-05
387640 1400 30039.0 1.1666e-05 5.1176e-05
387640 1401 30034.0 1.177e-05 5.1116e-05
387640 1402 30044.0 1.1647e-05 5.1118e-05
387640 1403 30033.0 1.1598e-05 5.1102e-05
387640 1404 29971.0 1.1667e-05 5.0995e-05
387640 1405 29526.0 1.1496e-05 5.0956e-05
387640 1406 30013.0 1.1553e-05 5.1073e-05
387640 1407 30012.0 1.1584e-05 5.1052e-05
387640 1408 29956.0 1.1738e-05 5.1038e-05
387640 1409 29993.0 1.1653e-05 5.1032e-05
387640 1410 29993.0 1.1587e-05 5.1043e-05
387640 1411 29983.0 1.1727e-05 5.1032e-05
387640 1412 29977.0 1.1664e-05 5.1001e-05
387640 1413 29951.0 1.1702e-05 5.096e-05
387640 1414 29926.0 1.1632e-05 5.092e-05
387640 1415 29877.0 1.1735e-05 5.084e-05
387640 1416 29850.0 1.1577e-05 5.0786e-05
387640 1417 29877.0 1.1785e-05 5.0838e-05
387640 1418 29422.0 1.1389e-05 5.0771e-05
387640 1419 29797.0 1.1653e-05 5.0693e-05
387640 1420 29806.0 1.1682e-05 5.0718e-05
387640 1421 29838.0 1.1596e-05 5.0769e-05
387640 1422 29762.0 1.1608e-05 5.0744e-05
387640 1423 29808.0 1.1662e-05 5.0718e-05
387640 1424 29799.0 1.1529e-05 5.0712e-05
387640 1425 29801.0 1.162e-05 5.0712e-05
387640 1426 29794.0 1.1735e-05 5.0698e-05
387640 1427 29782.0 1.1765e-05 5.0673e-05
387640 1428 29751.0 1.1726e-05 5.0622e-05
387640 1429 29730.0 1.1744e-05 5.0588e-05
387640 1430 29671.0 1.1547e-05 5.0471e-05
387640 1431 29248.0 1.1423e-05 5.0465e-05
387640 1432 29674.0 1.166e-05 5.0481e-05
387640 1433 29652.0 1.1846e-05 5.0454e-05
387640 1434 29602.0 1.1675e-05 5.0366e-05
387640 1435 29627.0 1.1797e-05 5.0412e-05
387640 1436 29643.0 1.1771e-05 5.0445e-05
387640 1437 29621.0 1.1799e-05 5.0409e-05
387640 1438 29616.0 1.1761e-05 5.0389e-05
387640 1439 29618.0 1.1737e-05 5.04e-05
387640 1440 29619.0 1.1769e-05 5.0394e-05
387640 1441 29600.0 1.1675e-05 5.0365e-05
387640 1442 29585.0 1.1761e-05 5.034e-05
387640 1443 29125.0 1.141e-05 5.0263e-05
387640 1444 29528.0 1.1701e-05 5.0239e-05
387640 1445 29479.0 1.185e-05 5.0169e-05
387640 1446 29458.0 1.1755e-05 5.0167e-05
387640 1447 29481.0 1.1727e-05 5.0162e-05
387640 1448 29441.0 1.1725e-05 5.0094e-05
387640 1449 29409.0 1.1716e-05 5.0033e-05
387640 1450 29446.0 1.1703e-05 5.01e-05
387640 1451 29456.0 1.1862e-05 5.0127e-05
387640 1452 29439.0 1.1699e-05 5.0096e-05
387640 1453 29410.0 1.1786e-05 5.007e-05
387640 1454 29430.0 1.1689e-05 5.0084e-05
387640 1455 29424.0 1.1794e-05 5.0068e-05
387640 1456 28987.0 1.1528e-05 5.0026e-05
387640 1457 29384.0 1.1837e-05 5.0009e-05
387640 1458 29368.0 1.1871e-05 4.9968e-05
387640 1459 29332.0 1.1852e-05 4.9904e-05
387640 1460 29288.0 1.183e-05 4.984e-05
387640 1461 29292.0 1.1752e-05 4.9844e-05
387640 1462 6792.3 4.3415e-06 4.929e-05
387640 1463 15722.0 5.5465e-06 4.9306e-05
387640 1464 29204.0 1.1813e-05 4.969e-05
387640 1465 29252.0 1.1764e-05 4.9792e-05
387640 1466 29249.0 1.1855e-05 4.9778e-05
387640 1467 29230.0 1.1801e-05 4.9753e-05
387640 1468 29218.0 1.1874e-05 4.9745e-05
387640 1469 29228.0 1.1857e-05 4.9767e-05
387640 1470 28807.0 1.1576e-05 4.9726e-05
387640 1471 29215.0 1.1825e-05 4.9725e-05
387640 1472 29188.0 1.1701e-05 4.9664e-05
387640 1473 29166.0 1.1866e-05 4.9636e-05
387640 1474 29116.0 1.1757e-05 4.954e-05
387640 1475 29091.0 1.1747e-05 4.95e-05
387640 1476 29104.0 1.1855e-05 4.953e-05
387640 1477 29128.0 1.1862e-05 4.9564e-05
387640 1478 29028.0 1.1865e-05 4.9399e-05
387640 1479 29036.0 1.186e-05 4.9408e-05
387640 1480 29077.0 1.1919e-05 4.9484e-05
387640 1481 29069.0 1.1958e-05 4.9468e-05
387640 1482 29016.0 1.1761e-05 4.9426e-05
387640 1483 28613.0 1.1576e-05 4.9416e-05
387640 1484 29056.0 1.1975e-05 4.9445e-05
387640 1485 29049.0 1.1943e-05 4.9434e-05
387640 1486 29035.0 1.1907e-05 4.9413e-05
387640 1487 28995.0 1.1809e-05 4.9334e-05
387640 1488 28970.0 1.1738e-05 4.9297e-05
387640 1489 28914.0 1.1747e-05 4.9191e-05
387640 1490 28909.0 1.1849e-05 4.9187e-05
387640 1491 28898.0 1.1866e-05 4.918e-05
387640 1492 28863.0 1.1904e-05 4.9129e-05
387640 1493 28808.0 1.1894e-05 4.9028e-05
387640 1494 28838.0 1.189e-05 4.9079e-05
387640 1495 28868.0 1.1904e-05 4.9133e-05
387640 1496 28433.0 1.1644e-05 4.9097e-05
387640 1497 28844.0 1.1913e-05 4.9093e-05
387640 1498 28857.0 1.1828e-05 4.9121e-05
387640 1499 28862.0 1.1996e-05 4.9125e-05
387640 1500 28859.0 1.1889e-05 4.9117e-05
387640 1501 28844.0 1.1991e-05 4.9095e-05
387640 1502 28794.0 1.1828e-05 4.9045e-05
387640 1503 28818.0 1.193e-05 4.9074e-05
387640 1504 28734.0 1.1903e-05 4.8932e-05
387640 1505 28751.0 1.1887e-05 4.8931e-05
387640 1506 28759.0 1.1943e-05 4.8942e-05
387640 1507 28721.0 1.1887e-05 4.8864e-05
387640 1508 28686.0 1.194e-05 4.8815e-05
387640 1509 28288.0 1.1717e-05 4.8832e-05
387640 1510 28692.0 1.1901e-05 4.8824e-05
387640 1511 28634.0 1.1925e-05 4.8731e-05
387640 1512 28637.0 1.2056e-05 4.8739e-05
387640 1513 28688.0 1.195e-05 4.8818e-05
387640 1514 28672.0 1.1736e-05 4.8776e-05
387640 1515 28653.0 1.1913e-05 4.8761e-05
387640 1516 28656.0 1.1971e-05 4.8761e-05
387640 1517 28650.0 1.1999e-05 4.8771e-05
387640 1518 28641.0 1.2062e-05 4.8748e-05
387640 1519 28633.0 1.1924e-05 4.8723e-05
387640 1520 28605.0 1.1863e-05 4.867e-05
387640 1521 28585.0 1.2027e-05 4.8648e-05
387640 1522 28085.0 1.1711e-05 4.8522e-05
387640 1523 28509.0 1.199e-05 4.852e-05
387640 1524 21757.0 8.1345e-06 4.8276e-05
387640 1525 28507.0 1.2132e-05 4.852e-05
387640 1526 28442.0 1.1896e-05 4.8412e-05
387640 1527 28459.0 1.2098e-05 4.8445e-05
387640 1528 28471.0 1.1954e-05 4.8493e-05
387640 1529 28461.0 1.1934e-05 4.8459e-05
387640 1530 28460.0 1.208e-05 4.8438e-05
387640 1531 28468.0 1.2092e-05 4.8458e-05
387640 1532 28462.0 1.2054e-05 4.845e-05
387640 1533 28456.0 1.2041e-05 4.8429e-05
387640 1534 28444.0 1.207e-05 4.8412e-05
387640 1535 27980.0 1.18e-05 4.8337e-05
387640 1536 28393.0 1.1996e-05 4.832e-05
387640 1537 28337.0 1.207e-05 4.8231e-05
387640 1538 28341.0 1.2018e-05 4.8227e-05
387640 1539 16917.0 6.1412e-06 4.7817e-05
387640 1540 0.0 0.0 0.0
387640 1541 26437.0 1.0896e-05 4.8008e-05
387640 1542 28284.0 1.2062e-05 4.8145e-05
387640 1543 28299.0 1.2071e-05 4.8177e-05
387640 1544 28283.0 1.2047e-05 4.8156e-05
387640 1545 28275.0 1.2046e-05 4.8127e-05
387640 1546 28275.0 1.2155e-05 4.8158e-05
387640 1547 28282.0 1.2128e-05 4.814e-05
387640 1548 28260.0 1.2009e-05 4.8128e-05
387640 1549 27854.0 1.1751e-05 4.8077e-05
387640 1550 28213.0 1.2037e-05 4.8038e-05
387640 1551 28200.0 1.1968e-05 4.799e-05
387640 1552 28159.0 1.2059e-05 4.7929e-05
387640 1553 28156.0 1.1922e-05 4.7922e-05
387640 1554 28154.0 1.2101e-05 4.7924e-05
387640 1555 28107.0 1.2089e-05 4.7845e-05
387640 1556 28082.0 1.2085e-05 4.7795e-05
387640 1557 28125.0 1.2128e-05 4.7881e-05
387640 1558 28160.0 1.2027e-05 4.7929e-05
387640 1559 28112.0 1.2197e-05 4.7863e-05
387640 1560 28098.0 1.2149e-05 4.7834e-05
387640 1561 28109.0 1.1878e-05 4.7836e-05
387640 1562 27690.0 1.1846e-05 4.7821e-05
387640 1563 28090.0 1.215e-05 4.7823e-05
387640 1564 28065.0 1.2189e-05 4.7778e-05
387640 1565 28015.0 1.222e-05 4.7741e-05
387640 1566 27997.0 1.2127e-05 4.7658e-05
387640 1567 27939.0 1.2007e-05 4.7598e-05
387640 1568 27972.0 1.2101e-05 4.7618e-05
387640 1569 27960.0 1.2077e-05 4.7594e-05
387640 1570 27900.0 1.2041e-05 4.7493e-05
387640 1571 27890.0 1.201e-05 4.748e-05
387640 1572 27957.0 1.1998e-05 4.7582e-05
387640 1573 27942.0 1.2119e-05 4.7568e-05
387640 1574 27935.0 1.2167e-05 4.7559e-05
387640 1575 27528.0 1.1945e-05 4.7536e-05
387640 1576 27935.0 1.2e-05 4.7545e-05
387640 1577 27928.0 1.2119e-05 4.7534e-05
387640 1578 9472.9 4.3817e-06 4.6969e-05
387640 1579 27874.0 1.2187e-05 4.7464e-05
387640 1580 27863.0 1.2177e-05 4.7435e-05
387640 1581 27809.0 1.2227e-05 4.7352e-05
387640 1582 27803.0 1.2185e-05 4.7327e-05
387640 1583 27805.0 1.2128e-05 4.7336e-05
387640 1584 27788.0 1.2192e-05 4.731e-05
387640 1585 27733.0 1.2181e-05 4.7217e-05
387640 1586 27743.0 1.2221e-05 4.724e-05
387640 1587 27770.0 1.22e-05 4.7302e-05
387640 1588 27313.0 1.1744e-05 4.7254e-05
387640 1589 27763.0 1.2126e-05 4.7261e-05
387640 1590 27755.0 1.2214e-05 4.7261e-05
387640 1591 27757.0 1.2185e-05 4.726e-05
387640 1592 27755.0 1.2106e-05 4.7245e-05
387640 1593 27744.0 1.2165e-05 4.7232e-05
387640 1594 27708.0 1.2009e-05 4.7169e-05
387640 1595 27697.0 1.2242e-05 4.7167e-05
387640 1596 27677.0 1.2327e-05 4.7125e-05
387640 1597 27647.0 1.2203e-05 4.7066e-05
387640 1598 27600.0 1.2242e-05 4.6995e-05
387640 1599 27606.0 1.2282e-05 4.7004e-05
387640 1600 27598.0 1.2235e-05 4.6983e-05
387640 1601 27153.0 1.2038e-05 4.6896e-05
387640 1602 27518.0 1.2284e-05 4.6854e-05
387640 1603 27561.0 1.2218e-05 4.6926e-05
387640 1604 27574.0 1.2296e-05 4.6953e-05
387640 1605 27574.0 1.2271e-05 4.6953e-05
387640 1606 27554.0 1.2328e-05 4.6928e-05
387640 1607 27529.0 1.2063e-05 4.6868e-05
387640 1608 27530.0 1.2156e-05 4.6871e-05
387640 1609 27554.0 1.2298e-05 4.692e-05
387640 1610 27543.0 1.2259e-05 4.6901e-05
387640 1611 27537.0 1.2219e-05 4.6882e-05
387640 1612 27508.0 1.2185e-05 4.6838e-05
387640 1613 27487.0 1.2128e-05 4.6796e-05
387640 1614 27058.0 1.2042e-05 4.6744e-05
387640 1615 27441.0 1.2362e-05 4.6736e-05
387640 1616 27425.0 1.218e-05 4.6689e-05
387640 1617 27397.0 1.2179e-05 4.6656e-05
387640 1618 27330.0 1.2326e-05 4.6545e-05
387640 1619 27331.0 1.2397e-05 4.656e-05
387640 1620 27374.0 1.2341e-05 4.6614e-05
387640 1621 27357.0 1.2245e-05 4.6586e-05
387640 1622 27315.0 1.2184e-05 4.6542e-05
387640 1623 27339.0 1.224e-05 4.6568e-05
387640 1624 27363.0 1.2252e-05 4.6588e-05
387640 1625 27352.0 1.2359e-05 4.6587e-05
387640 1626 27357.0 1.2253e-05 4.6583e-05
387640 1627 26942.0 1.2041e-05 4.6532e-05
387640 1628 27327.0 1.2338e-05 4.6533e-05
387640 1629 27317.0 1.2223e-05 4.6503e-05
387640 1630 27295.0 1.2276e-05 4.6481e-05
387640 1631 27257.0 1.2152e-05 4.6402e-05
387640 1632 27250.0 1.2333e-05 4.6409e-05
387640 1633 27244.0 1.225e-05 4.639e-05
387640 1634 27211.0 1.2265e-05 4.6337e-05
387640 1635 27177.0 1.2329e-05 4.6288e-05
387640 1636 27198.0 1.2226e-05 4.6308e-05
387640 1637 27206.0 1.232e-05 4.6326e-05
387640 1638 27183.0 1.2375e-05 4.6295e-05
387640 1639 27174.0 1.2265e-05 4.6267e-05
387640 1640 26796.0 1.2188e-05 4.6289e-05
387640 1641 27217.0 1.2273e-05 4.6339e-05
387640 1642 27162.0 1.2343e-05 4.6251e-05
387640 1643 27150.0 1.2255e-05 4.6235e-05
387640 1644 27098.0 1.2252e-05 4.6208e-05
387640 1645 27118.0 1.2362e-05 4.6182e-05
387640 1646 27090.0 1.2309e-05 4.6131e-05
387640 1647 27089.0 1.2337e-05 4.6131e-05
387640 1648 27082.0 1.2356e-05 4.6123e-05
387640 1649 27051.0 1.237e-05 4.6076e-05
387640 1650 27024.0 1.2284e-05 4.6034e-05
387640 1651 27054.0 1.2239e-05 4.6065e-05
387640 1652 27083.0 1.2389e-05 4.6125e-05
387640 1653 26628.0 1.2064e-05 4.5996e-05
387640 1654 27000.0 1.2253e-05 4.5991e-05
387640 1655 27011.0 1.231e-05 4.6e-05
387640 1656 26994.0 1.2192e-05 4.5966e-05
387640 1657 26974.0 1.2409e-05 4.5946e-05
387640 1658 26970.0 1.2229e-05 4.5925e-05
387640 1659 26964.0 1.2357e-05 4.592e-05
387640 1660 26933.0 1.2412e-05 4.5877e-05
387640 1661 26916.0 1.2266e-05 4.5834e-05
387640 1662 26922.0 1.2277e-05 4.5843e-05
387640 1663 26913.0 1.2351e-05 4.5838e-05
387640 1664 26875.0 1.238e-05 4.5772e-05
387640 1665 26891.0 1.244e-05 4.5802e-05
387640 1666 26409.0 1.2235e-05 4.5635e-05
387640 1667 26812.0 1.2499e-05 4.5675e-05
387640 1668 26856.0 1.24e-05 4.5749e-05
387640 1669 26847.0 1.2446e-05 4.5723e-05
387640 1670 26821.0 1.2444e-05 4.5683e-05
387640 1671 26823.0 1.2475e-05 4.5689e-05
387640 1672 26825.0 1.2407e-05 4.5684e-05
387640 1673 26800.0 1.2383e-05 4.5646e-05
387640 1674 26787.0 1.2445e-05 4.5631e-05
387640 1675 26781.0 1.2466e-05 4.5618e-05
387640 1676 26763.0 1.2426e-05 4.5587e-05
387640 1677 26726.0 1.2495e-05 4.5529e-05
387640 1678 26727.0 1.2426e-05 4.5518e-05
387640 1679 26334.0 1.2232e-05 4.5507e-05
387640 1680 26705.0 1.2476e-05 4.5486e-05
387640 1681 26677.0 1.2373e-05 4.5439e-05
387640 1682 26685.0 1.2517e-05 4.5457e-05
387640 1683 26685.0 1.2464e-05 4.5457e-05
387640 1684 26658.0 1.2335e-05 4.5407e-05
387640 1685 26644.0 1.2205e-05 4.5373e-05
387640 1686 26636.0 1.249e-05 4.5399e-05
387640 1687 26645.0 1.25e-05 4.5389e-05
387640 1688 26604.0 1.2592e-05 4.5346e-05
387640 1689 26608.0 1.2449e-05 4.5323e-05
387640 1690 26604.0 1.2468e-05 4.5322e-05
387640 1691 26190.0 1.2185e-05 4.5271e-05
387640 1692 26555.0 1.2507e-05 4.5241e-05
387640 1693 26552.0 1.2538e-05 4.5238e-05
387640 1694 26550.0 1.2383e-05 4.5224e-05
387640 1695 26518.0 1.26e-05 4.5195e-05
387640 1696 26497.0 1.247e-05 4.514e-05
387640 1697 26483.0 1.2579e-05 4.5174e-05
387640 1698 26512.0 1.2472e-05 4.5163e-05
387640 1699 26483.0 1.2535e-05 4.5123e-05
387640 1700 26477.0 1.2487e-05 4.5102e-05
387640 1701 26479.0 1.2633e-05 4.5137e-05
387640 1702 26466.0 1.2536e-05 4.5108e-05
387640 1703 26452.0 1.2646e-05 4.5083e-05
387640 1704 26062.0 1.2202e-05 4.5032e-05
387640 1705 26427.0 1.2478e-05 4.5035e-05
387640 1706 26410.0 1.2432e-05 4.4987e-05
387640 1707 26367.0 1.2566e-05 4.4954e-05
387640 1708 26378.0 1.2642e-05 4.4968e-05
387640 1709 26375.0 1.2555e-05 4.4954e-05
387640 1710 26345.0 1.2653e-05 4.4911e-05
387640 1711 26240.0 1.2483e-05 4.4872e-05
387640 1712 26348.0 1.2586e-05 4.4921e-05
387640 1713 26341.0 1.2548e-05 4.4896e-05
387640 1714 26319.0 1.2622e-05 4.4863e-05
387640 1715 26310.0 1.2762e-05 4.4856e-05
387640 1716 26314.0 1.2553e-05 4.4845e-05
387640 1717 25916.0 1.2256e-05 4.4787e-05
387640 1718 26275.0 1.2546e-05 4.4781e-05
387640 1719 26273.0 1.2587e-05 4.4779e-05
387640 1720 26257.0 1.2631e-05 4.4762e-05
387640 1721 26228.0 1.271e-05 4.471e-05
387640 1722 26204.0 1.2637e-05 4.468e-05
387640 1723 26223.0 1.2652e-05 4.4703e-05
387640 1724 26208.0 1.2623e-05 4.4677e-05
387640 1725 26170.0 1.2523e-05 4.4607e-05
387640 1726 26164.0 1.2566e-05 4.4609e-05
387640 1727 26183.0 1.2605e-05 4.4635e-05
387640 1728 26166.0 1.2618e-05 4.4605e-05
387640 1729 26146.0 1.2539e-05 4.4565e-05
387640 1730 25773.0 1.2311e-05 4.4548e-05
387640 1731 26130.0 1.2671e-05 4.4574e-05
387640 1732 26120.0 1.2643e-05 4.4539e-05
387640 1733 26108.0 1.2612e-05 4.4513e-05
387640 1734 26101.0 1.2676e-05 4.4507e-05
387640 1735 26087.0 1.2603e-05 4.4477e-05
387640 1736 26049.0 1.2668e-05 4.4412e-05
387640 1737 26044.0 1.275e-05 4.4408e-05
387640 1738 26042.0 1.2614e-05 4.4406e-05
387640 1739 26009.0 1.2595e-05 4.4362e-05
387640 1740 25984.0 1.263e-05 4.4309e-05
387640 1741 25994.0 1.2543e-05 4.4322e-05
387640 1742 26010.0 1.2588e-05 4.4339e-05
387640 1743 25619.0 1.2489e-05 4.43e-05
387640 1744 25975.0 1.2701e-05 4.4289e-05
387640 1745 25980.0 1.2604e-05 4.429e-05
387640 1746 25977.0 1.2551e-05 4.4283e-05
387640 1747 25958.0 1.2493e-05 4.425e-05
387640 1748 25938.0 1.2715e-05 4.4247e-05
387640 1749 25933.0 1.2752e-05 4.422e-05
387640 1750 25917.0 1.2715e-05 4.419e-05
387640 1751 25885.0 1.267e-05 4.4138e-05
387640 1752 25883.0 1.2598e-05 4.4131e-05
387640 1753 25878.0 1.2771e-05 4.4133e-05
387640 1754 25852.0 1.2745e-05 4.4081e-05
387640 1755 25824.0 1.2677e-05 4.4039e-05
387640 1756 25472.0 1.2484e-05 4.4056e-05
387640 1757 25850.0 1.2711e-05 4.4079e-05
387640 1758 25826.0 1.2797e-05 4.4045e-05
387640 1759 25812.0 1.268e-05 4.4015e-05
387640 1760 25824.0 1.2727e-05 4.4037e-05
387640 1761 25804.0 1.2667e-05 4.4005e-05
387640 1762 25791.0 1.2681e-05 4.3976e-05
387640 1763 25784.0 1.2714e-05 4.3967e-05
387640 1764 25774.0 1.2738e-05 4.3958e-05
387640 1765 25748.0 1.2665e-05 4.3904e-05
387640 1766 25712.0 1.2683e-05 4.3866e-05
387640 1767 25729.0 1.2654e-05 4.3871e-05
387640 1768 25727.0 1.2666e-05 4.3861e-05
387640 1769 25315.0 1.2382e-05 4.3775e-05
387640 1770 25677.0 1.2764e-05 4.3783e-05
387640 1771 25700.0 1.2686e-05 4.3825e-05
387640 1772 25686.0 1.2658e-05 4.3793e-05
387640 1773 25664.0 1.2669e-05 4.3764e-05
387640 1774 25658.0 1.2672e-05 4.3755e-05
387640 1775 25667.0 1.2768e-05 4.377e-05
387640 1776 25652.0 1.2834e-05 4.3751e-05
387640 1777 25637.0 1.2648e-05 4.3712e-05
387640 1778 25623.0 1.2729e-05 4.3698e-05
387640 1779 25612.0 1.2812e-05 4.3687e-05
387640 1780 25578.0 1.2829e-05 4.3628e-05
387640 1781 25561.0 1.2776e-05 4.3597e-05
387640 1782 25190.0 1.2352e-05 4.3567e-05
387640 1783 25551.0 1.2667e-05 4.3573e-05
387640 1784 25503.0 1.2804e-05 4.3498e-05
387640 1785 25507.0 1.2809e-05 4.3503e-05
387640 1786 25534.0 1.2748e-05 4.3544e-05
387640 1787 25516.0 1.2746e-05 4.3518e-05
387640 1788 25499.0 1.2789e-05 4.3485e-05
387640 1789 25495.0 1.2772e-05 4.3494e-05
387640 1790 25502.0 1.2799e-05 4.3501e-05
387640 1791 25491.0 1.2798e-05 4.348e-05
387640 1792 25478.0 1.2789e-05 4.346e-05
387640 1793 25468.0 1.2872e-05 4.3442e-05
387640 1794 25455.0 1.277e-05 4.3417e-05
387640 1795 25053.0 1.2508e-05 4.3333e-05
387640 1796 25416.0 1.2761e-05 4.3344e-05
387640 1797 25384.0 1.282e-05 4.3352e-05
387640 1798 25394.0 1.2937e-05 4.3322e-05
387640 1799 25360.0 1.2799e-05 4.3254e-05
387640 1800 25366.0 1.2669e-05 4.3264e-05
387640 1801 25369.0 1.2818e-05 4.3287e-05
387640 1802 25338.0 1.28e-05 4.3261e-05
387640 1803 25343.0 1.2962e-05 4.325e-05
387640 1804 25358.0 1.2879e-05 4.3257e-05
387640 1805 25349.0 1.2843e-05 4.3244e-05
387640 1806 25335.0 1.2944e-05 4.3218e-05
387640 1807 25272.0 1.2793e-05 4.3191e-05
387640 1808 24946.0 1.2637e-05 4.3163e-05
387640 1809 25253.0 1.2866e-05 4.3144e-05
387640 1810 25260.0 1.2886e-05 4.3095e-05
387640 1811 25257.0 1.2767e-05 4.3081e-05
387640 1812 25262.0 1.3036e-05 4.3103e-05
387640 1813 25227.0 1.2881e-05 4.3043e-05
387640 1814 25204.0 1.2779e-05 4.2993e-05
387640 1815 25223.0 1.2854e-05 4.3027e-05
387640 1816 25215.0 1.2965e-05 4.3036e-05
387640 1817 25203.0 1.2977e-05 4.3004e-05
387640 1818 25184.0 1.2735e-05 4.2968e-05
387640 1819 25203.0 1.2922e-05 4.2997e-05
387640 1820 24823.0 1.2568e-05 4.2946e-05
387640 1821 25166.0 1.2869e-05 4.2934e-05
387640 1822 25152.0 1.2946e-05 4.2928e-05
387640 1823 25141.0 1.2803e-05 4.2897e-05
387640 1824 25125.0 1.2928e-05 4.2869e-05
387640 1825 25096.0 1.3004e-05 4.2829e-05
387640 1826 25105.0 1.2949e-05 4.2837e-05
387640 1827 25104.0 1.299e-05 4.2837e-05
387640 1828 25074.0 1.2964e-05 4.2784e-05
387640 1829 25055.0 1.3085e-05 4.2764e-05
387640 1830 25077.0 1.2908e-05 4.2785e-05
387640 1831 25067.0 1.2904e-05 4.2773e-05
387640 1832 25050.0 1.2972e-05 4.2743e-05
387640 1833 24672.0 1.2474e-05 4.269e-05
387640 1834 25017.0 1.2805e-05 4.2718e-05
387640 1835 25024.0 1.2987e-05 4.2701e-05
387640 1836 25008.0 1.2877e-05 4.2666e-05
387640 1837 24998.0 1.301e-05 4.266e-05
387640 1838 24988.0 1.2917e-05 4.2639e-05
387640 1839 24959.0 1.3037e-05 4.2595e-05
387640 1840 24937.0 1.3036e-05 4.256e-05
387640 1841 24944.0 1.2905e-05 4.2563e-05
387640 1842 24940.0 1.2916e-05 4.2551e-05
387640 1843 24894.0 1.2893e-05 4.2483e-05
387640 1844 24895.0 1.3043e-05 4.2488e-05
387640 1845 24919.0 1.2985e-05 4.2525e-05
387640 1846 24532.0 1.2756e-05 4.248e-05
387640 1847 24880.0 1.2917e-05 4.2457e-05
387640 1848 24872.0 1.2972e-05 4.2464e-05
387640 1849 24883.0 1.3047e-05 4.2472e-05
387640 1850 24872.0 1.3037e-05 4.245e-05
387640 1851 24859.0 1.3077e-05 4.2433e-05
387640 1852 24848.0 1.2822e-05 4.2389e-05
387640 1853 24835.0 1.298e-05 4.2382e-05
387640 1854 24794.0 1.3132e-05 4.2325e-05
387640 1855 24786.0 1.3065e-05 4.2313e-05
387640 1856 24772.0 1.3013e-05 4.2307e-05
387640 1857 24767.0 1.2931e-05 4.227e-05
387640 1858 24723.0 1.3083e-05 4.2212e-05
387640 1859 24379.0 1.2637e-05 4.2195e-05
387640 1860 24759.0 1.2946e-05 4.2252e-05
387640 1861 24734.0 1.3078e-05 4.2232e-05
387640 1862 24728.0 1.3066e-05 4.2212e-05
387640 1863 24735.0 1.2947e-05 4.2212e-05
387640 1864 24714.0 1.3036e-05 4.2209e-05
387640 1865 24714.0 1.3132e-05 4.219e-05
387640 1866 24699.0 1.3023e-05 4.216e-05
387640 1867 24691.0 1.3126e-05 4.215e-05
387640 1868 24671.0 1.3176e-05 4.2123e-05
387640 1869 24634.0 1.2984e-05 4.2048e-05
387640 1870 24637.0 1.2917e-05 4.2042e-05
387640 1871 24642.0 1.3e-05 4.2057e-05
387640 1872 24241.0 1.2743e-05 4.1992e-05
387640 1873 24590.0 1.3053e-05 4.1971e-05
387640 1874 24600.0 1.2981e-05 4.1995e-05
387640 1875 24608.0 1.3116e-05 4.2009e-05
387640 1876 24590.0 1.2973e-05 4.1973e-05
387640 1877 24577.0 1.3048e-05 4.1958e-05
387640 1878 24589.0 1.3175e-05 4.1979e-05
387640 1879 24572.0 1.3109e-05 4.1951e-05
387640 1880 24560.0 1.312e-05 4.1927e-05
387640 1881 24548.0 1.3122e-05 4.191e-05
387640 1882 24529.0 1.3045e-05 4.1877e-05
387640 1883 24511.0 1.2959e-05 4.1835e-05
387640 1884 24486.0 1.2942e-05 4.179e-05
387640 1885 24134.0 1.2791e-05 4.1781e-05
387640 1886 24475.0 1.3021e-05 4.1781e-05
387640 1887 24435.0 1.3135e-05 4.1742e-05
387640 1888 24424.0 1.298e-05 4.1694e-05
387640 1889 24438.0 1.3074e-05 4.1753e-05
387640 1890 24444.0 1.3166e-05 4.1751e-05
387640 1891 24429.0 1.3188e-05 4.1729e-05
387640 1892 24423.0 1.3151e-05 4.1717e-05
387640 1893 24435.0 1.3022e-05 4.1709e-05
387640 1894 24419.0 1.301e-05 4.1687e-05
387640 1895 24385.0 1.3114e-05 4.1668e-05
387640 1896 24389.0 1.3017e-05 4.1645e-05
387640 1897 24366.0 1.3101e-05 4.1639e-05
387640 1898 24005.0 1.2793e-05 4.156e-05
387640 1899 4894.6 3.7928e-06 4.0859e-05
387640 1900 14387.0 6.3028e-06 4.108e-05
387640 1901 24330.0 1.307e-05 4.1553e-05
387640 1902 24300.0 1.317e-05 4.1506e-05
387640 1903 24291.0 1.3205e-05 4.1503e-05
387640 1904 24311.0 1.3199e-05 4.1535e-05
387640 1905 24293.0 1.3165e-05 4.1512e-05
387640 1906 24284.0 1.3134e-05 4.1482e-05
387640 1907 24282.0 1.314e-05 4.148e-05
387640 1908 24276.0 1.3145e-05 4.1477e-05
387640 1909 24264.0 1.3226e-05 4.1451e-05
387640 1910 24246.0 1.3297e-05 4.1432e-05
387640 1911 24218.0 1.3088e-05 4.1402e-05
387640 1912 23845.0 1.3002e-05 4.1379e-05
387640 1913 24188.0 1.3162e-05 4.1328e-05
387640 1914 24182.0 1.3015e-05 4.1299e-05
387640 1915 24183.0 1.3094e-05 4.1314e-05
387640 1916 24170.0 1.3343e-05 4.1308e-05
387640 1917 24132.0 1.3336e-05 4.1246e-05
387640 1918 24139.0 1.3208e-05 4.1244e-05
387640 1919 24160.0 1.3207e-05 4.1277e-05
387640 1920 24140.0 1.3181e-05 4.124e-05
387640 1921 24121.0 1.3129e-05 4.1211e-05
387640 1922 24127.0 1.3228e-05 4.1223e-05
387640 1923 24124.0 1.3251e-05 4.1219e-05
387640 1924 24108.0 1.3215e-05 4.1186e-05
387640 1925 23753.0 1.3014e-05 4.1159e-05
387640 1926 24078.0 1.3251e-05 4.1147e-05
387640 1927 24068.0 1.3279e-05 4.1129e-05
387640 1928 24031.0 1.3266e-05 4.1065e-05
387640 1929 24033.0 1.3165e-05 4.1058e-05
387640 1930 24033.0 1.3238e-05 4.1062e-05
387640 1931 24001.0 1.3263e-05 4.1017e-05
387640 1932 23976.0 1.3278e-05 4.0977e-05
387640 1933 23994.0 1.3192e-05 4.0996e-05
387640 1934 23995.0 1.3242e-05 4.1006e-05
387640 1935 23982.0 1.3293e-05 4.0981e-05
387640 1936 23971.0 1.341e-05 4.0974e-05
387640 1937 23977.0 1.3336e-05 4.0975e-05
387640 1938 23607.0 1.2828e-05 4.0923e-05
387640 1939 23950.0 1.3219e-05 4.0929e-05
387640 1940 23937.0 1.3285e-05 4.0916e-05
387640 1941 23926.0 1.3121e-05 4.0879e-05
387640 1942 23898.0 1.3475e-05 4.087e-05
387640 1943 23886.0 1.3406e-05 4.0825e-05
387640 1944 23879.0 1.3374e-05 4.0822e-05
387640 1945 23879.0 1.3355e-05 4.0812e-05
387640 1946 23847.0 1.3199e-05 4.0757e-05
387640 1947 23834.0 1.3315e-05 4.0736e-05
387640 1948 23857.0 1.325e-05 4.0769e-05
387640 1949 23847.0 1.3281e-05 4.0761e-05
387640 1950 23828.0 1.3312e-05 4.074e-05
387640 1951 23485.0 1.3039e-05 4.0701e-05
387640 1952 23828.0 1.3361e-05 4.0729e-05
387640 1953 23815.0 1.3261e-05 4.0699e-05
387640 1954 23793.0 1.3198e-05 4.066e-05
387640 1955 23788.0 1.3447e-05 4.0667e-05
387640 1956 23776.0 1.3361e-05 4.0637e-05
387640 1957 23749.0 1.3316e-05 4.0591e-05
387640 1958 23728.0 1.33e-05 4.0556e-05
387640 1959 23735.0 1.3273e-05 4.0571e-05
387640 1960 23719.0 1.333e-05 4.0559e-05
387640 1961 23696.0 1.3367e-05 4.0507e-05
387640 1962 23684.0 1.3491e-05 4.0497e-05
387640 1963 23705.0 1.3276e-05 4.052e-05
387640 1964 6594.9 3.8609e-06 3.9802e-05
387640 1965 4885.3 3.7433e-06 3.9756e-05
387640 1966 23677.0 1.3232e-05 4.0466e-05
387640 1967 23670.0 1.3327e-05 4.0472e-05
387640 1968 23659.0 1.3494e-05 4.0461e-05
387640 1969 23648.0 1.3421e-05 4.0432e-05
387640 1970 23628.0 1.3482e-05 4.0418e-05
387640 1971 23631.0 1.3373e-05 4.0396e-05
387640 1972 23586.0 1.3334e-05 4.0325e-05
387640 1973 23579.0 1.3338e-05 4.0307e-05
387640 1974 23583.0 1.3294e-05 4.0316e-05
387640 1975 23558.0 1.3376e-05 4.0288e-05
387640 1976 23528.0 1.3378e-05 4.023e-05
387640 1977 23534.0 1.3336e-05 4.0235e-05
387640 1978 23215.0 1.3171e-05 4.0251e-05
387640 1979 23538.0 1.3296e-05 4.0236e-05
387640 1980 23527.0 1.3327e-05 4.0223e-05
387640 1981 23533.0 1.3431e-05 4.0234e-05
387640 1982 23523.0 1.3374e-05 4.0221e-05
387640 1983 23513.0 1.347e-05 4.0206e-05
387640 1984 23492.0 1.3415e-05 4.0183e-05
387640 1985 23483.0 1.3447e-05 4.0159e-05
387640 1986 23471.0 1.3487e-05 4.0137e-05
387640 1987 23434.0 1.3401e-05 4.0065e-05
387640 1988 23426.0 1.354e-05 4.0071e-05
387640 1989 23423.0 1.3477e-05 4.0061e-05
387640 1990 23400.0 1.3408e-05 4.0015e-05
387640 1991 23038.0 1.3128e-05 3.9946e-05
387640 1992 23386.0 1.3524e-05 4.0003e-05
387640 1993 23399.0 1.3283e-05 4.0007e-05
387640 1994 23379.0 1.3538e-05 4e-05
387640 1995 23363.0 1.342e-05 3.9966e-05
387640 1996 23379.0 1.3616e-05 3.9993e-05
387640 1997 23372.0 1.3477e-05 3.9973e-05
387640 1998 23363.0 1.3445e-05 3.9956e-05
387640 1999 23347.0 1.3398e-05 3.9929e-05
387640 2000 23330.0 1.3459e-05 3.9899e-05
387640 2001 23307.0 1.3586e-05 3.9872e-05
387640 2002 23278.0 1.3475e-05 3.9812e-05
387640 2003 22942.0 1.3204e-05 3.9792e-05
387640 2004 23279.0 1.3559e-05 3.9831e-05
387640 2005 23255.0 1.349e-05 3.9774e-05
387640 2006 23227.0 1.3511e-05 3.9743e-05
387640 2007 23265.0 1.3479e-05 3.979e-05
387640 2008 23259.0 1.3517e-05 3.9783e-05
387640 2009 23247.0 1.3483e-05 3.9758e-05
387640 2010 23237.0 1.3542e-05 3.9748e-05
387640 2011 23235.0 1.3511e-05 3.9748e-05
387640 2012 23228.0 1.3658e-05 3.9741e-05
387640 2013 23209.0 1.3426e-05 3.9695e-05
387640 2014 23196.0 1.357e-05 3.9682e-05
387640 2015 23186.0 1.3712e-05 3.9672e-05
387640 2016 22817.0 1.3128e-05 3.9572e-05
387640 2017 23116.0 1.3428e-05 3.9553e-05
387640 2018 23144.0 1.3433e-05 3.9585e-05
387640 2019 23140.0 1.3514e-05 3.958e-05
387640 2020 23096.0 1.3533e-05 3.9513e-05
387640 2021 23089.0 1.3533e-05 3.9505e-05
387640 2022 23112.0 1.3689e-05 3.9563e-05
387640 2023 23106.0 1.3577e-05 3.9532e-05
387640 2024 23094.0 1.3591e-05 3.9512e-05
387640 2025 23092.0 1.3566e-05 3.9506e-05
387640 2026 23091.0 1.3558e-05 3.9507e-05
387640 2027 23074.0 1.3718e-05 3.9506e-05
387640 2028 23071.0 1.3366e-05 3.9454e-05
387640 2029 22723.0 1.3182e-05 3.9417e-05
387640 2030 23035.0 1.368e-05 3.9435e-05
387640 2031 22997.0 1.3669e-05 3.936e-05
387640 2032 22981.0 1.3648e-05 3.9343e-05
387640 2033 23003.0 1.3632e-05 3.9362e-05
387640 2034 22973.0 1.3642e-05 3.9328e-05
387640 2035 22953.0 1.3532e-05 3.927e-05
387640 2036 22964.0 1.3613e-05 3.9297e-05
387640 2037 22980.0 1.3602e-05 3.932e-05
387640 2038 22972.0 1.347e-05 3.9294e-05
387640 2039 22950.0 1.3752e-05 3.9302e-05
387640 2040 22953.0 1.3525e-05 3.9272e-05
387640 2041 22942.0 1.3577e-05 3.9271e-05
387640 2042 22499.0 1.3375e-05 3.9222e-05
387640 2043 22817.0 1.3496e-05 3.9209e-05
387640 2044 22807.0 1.3638e-05 3.921e-05
387640 2045 22795.0 1.3584e-05 3.9184e-05
387640 2046 22761.0 1.361e-05 3.9123e-05
387640 2047 22763.0 1.3587e-05 3.9116e-05
387640 2048 22771.0 1.3493e-05 3.9121e-05
387640 2049 22728.0 1.3509e-05 3.9089e-05
387640 2050 22724.0 1.3689e-05 3.9075e-05
387640 2051 22734.0 1.37e-05 3.9087e-05
387640 2052 22735.0 1.3728e-05 3.9094e-05
387640 2053 22735.0 1.3507e-05 3.9056e-05
387640 2054 22700.0 1.3612e-05 3.9051e-05
387640 2055 22386.0 1.3408e-05 3.9031e-05
387640 2056 22698.0 1.3738e-05 3.9041e-05
387640 2057 22676.0 1.3515e-05 3.8988e-05
387640 2058 22666.0 1.3726e-05 3.8994e-05
387640 2059 22663.0 1.3649e-05 3.8963e-05
387640 2060 22634.0 1.3563e-05 3.8924e-05
387640 2061 22609.0 1.3474e-05 3.8876e-05
387640 2062 22621.0 1.3633e-05 3.8892e-05
387640 2063 22617.0 1.3764e-05 3.8901e-05
387640 2064 22595.0 1.3649e-05 3.885e-05
387640 2065 22564.0 1.3803e-05 3.8829e-05
387640 2066 22598.0 1.3705e-05 3.885e-05
387640 2067 22590.0 1.3642e-05 3.8841e-05
387640 2068 22264.0 1.3316e-05 3.8789e-05
387640 2069 22564.0 1.3667e-05 3.8807e-05
387640 2070 22562.0 1.3782e-05 3.8819e-05
387640 2071 22558.0 1.3633e-05 3.8786e-05
387640 2072 22539.0 1.3722e-05 3.877e-05
387640 2073 22532.0 1.3564e-05 3.8733e-05
387640 2074 22516.0 1.3696e-05 3.8727e-05
387640 2075 22499.0 1.3587e-05 3.8681e-05
387640 2076 22474.0 1.384e-05 3.8664e-05
387640 2077 22475.0 1.3758e-05 3.8663e-05
387640 2078 22466.0 1.3807e-05 3.8657e-05
387640 2079 22429.0 1.3727e-05 3.8591e-05
387640 2080 22405.0 1.382e-05 3.8567e-05
387640 2081 22124.0 1.3325e-05 3.8582e-05
387640 2082 22434.0 1.3749e-05 3.8602e-05
387640 2083 22419.0 1.3806e-05 3.8589e-05
387640 2084 22419.0 1.3687e-05 3.857e-05
387640 2085 22422.0 1.3896e-05 3.8602e-05
387640 2086 22416.0 1.383e-05 3.8584e-05
387640 2087 22408.0 1.3434e-05 3.8525e-05
387640 2088 22397.0 1.378e-05 3.8542e-05
387640 2089 22389.0 1.3688e-05 3.8517e-05
387640 2090 22357.0 1.3735e-05 3.8471e-05
387640 2091 22331.0 1.3852e-05 3.8453e-05
387640 2092 22340.0 1.3567e-05 3.8453e-05
387640 2093 22340.0 1.3755e-05 3.8455e-05
387640 2094 22005.0 1.3481e-05 3.8377e-05
387640 2095 22312.0 1.3839e-05 3.8414e-05
387640 2096 22340.0 1.374e-05 3.844e-05
387640 2097 22332.0 1.3785e-05 3.8425e-05
387640 2098 22322.0 1.3863e-05 3.8412e-05
387640 2099 22325.0 1.3709e-05 3.8399e-05
387640 2100 22321.0 1.3759e-05 3.8398e-05
387640 2101 22304.0 1.3615e-05 3.8365e-05
387640 2102 22296.0 1.3736e-05 3.8355e-05
387640 2103 22280.0 1.3752e-05 3.8336e-05
387640 2104 22281.0 1.3948e-05 3.8355e-05
387640 2105 22246.0 1.3675e-05 3.8269e-05
387640 2106 22246.0 1.3885e-05 3.8289e-05
387640 2107 21936.0 1.3501e-05 3.8272e-05
387640 2108 22266.0 1.3942e-05 3.8317e-05
387640 2109 22208.0 1.3695e-05 3.8209e-05
387640 2110 22182.0 1.395e-05 3.8183e-05
387640 2111 22117.0 1.3771e-05 3.8123e-05
387640 2112 22209.0 1.3885e-05 3.8224e-05
387640 2113 22226.0 1.3707e-05 3.8238e-05
387640 2114 22212.0 1.3672e-05 3.8216e-05
387640 2115 22209.0 1.378e-05 3.8215e-05
387640 2116 22215.0 1.3928e-05 3.8237e-05
387640 2117 22208.0 1.3861e-05 3.8217e-05
387640 2118 22199.0 1.3776e-05 3.8191e-05
387640 2119 22184.0 1.3562e-05 3.8158e-05
387640 2120 21856.0 1.3562e-05 3.8138e-05
387640 2121 891.63 3.5922e-06 3.7332e-05
387640 2122 22105.0 1.3898e-05 3.8091e-05
387640 2123 22128.0 1.3957e-05 3.8109e-05
387640 2124 22138.0 1.3922e-05 3.8107e-05
387640 2125 22105.0 1.386e-05 3.8056e-05
387640 2126 22094.0 1.3832e-05 3.8025e-05
387640 2127 22125.0 1.3911e-05 3.8083e-05
387640 2128 22112.0 1.3779e-05 3.806e-05
387640 2129 22137.0 1.3627e-05 3.8083e-05
387640 2130 22099.0 1.3918e-05 3.8038e-05
387640 2131 22081.0 1.3816e-05 3.7999e-05
387640 2132 21762.0 1.3474e-05 3.7974e-05
387640 2133 22090.0 1.3852e-05 3.8021e-05
387640 2134 22080.0 1.3807e-05 3.8e-05
387640 2135 22068.0 1.3848e-05 3.7992e-05
387640 2136 22072.0 1.3707e-05 3.7973e-05
387640 2137 22058.0 1.392e-05 3.7982e-05
387640 2138 22047.0 1.3836e-05 3.7943e-05
387640 2139 22027.0 1.363e-05 3.7912e-05
387640 2140 22033.0 1.3899e-05 3.7926e-05
387640 2141 22021.0 1.3725e-05 3.7892e-05
387640 2142 21993.0 1.3825e-05 3.7852e-05
387640 2143 21998.0 1.3823e-05 3.7859e-05
387640 2144 22007.0 1.381e-05 3.7872e-05
387640 2145 21669.0 1.3537e-05 3.7821e-05
387640 2146 21976.0 1.3703e-05 3.7809e-05
387640 2147 21982.0 1.3909e-05 3.7853e-05
387640 2148 21988.0 1.3613e-05 3.7825e-05
387640 2149 21972.0 1.3877e-05 3.783e-05
387640 2150 21958.0 1.3968e-05 3.7818e-05
387640 2151 21969.0 1.3832e-05 3.7809e-05
387640 2152 21956.0 1.3743e-05 3.7784e-05
387640 2153 21926.0 1.3887e-05 3.7769e-05
387640 2154 21934.0 1.3753e-05 3.7747e-05
387640 2155 21927.0 1.3916e-05 3.7765e-05
387640 2156 21914.0 1.3957e-05 3.7742e-05
387640 2157 21894.0 1.385e-05 3.7705e-05
387640 2158 21598.0 1.3461e-05 3.7682e-05
387640 2159 21891.0 1.3934e-05 3.772e-05
387640 2160 21875.0 1.3914e-05 3.7674e-05
387640 2161 21875.0 1.3817e-05 3.7647e-05
387640 2162 21874.0 1.3879e-05 3.7682e-05
387640 2163 21853.0 1.3953e-05 3.7675e-05
387640 2164 21848.0 1.3879e-05 3.7636e-05
387640 2165 21838.0 1.3951e-05 3.7641e-05
387640 2166 21828.0 1.3901e-05 3.7642e-05
387640 2167 21828.0 1.3918e-05 3.7621e-05
387640 2168 21813.0 1.3939e-05 3.7603e-05
387640 2169 21803.0 1.3993e-05 3.7599e-05
387640 2170 21829.0 1.3981e-05 3.7639e-05
387640 2171 21490.0 1.3661e-05 3.7516e-05
387640 2172 21773.0 1.3848e-05 3.751e-05
387640 2173 21784.0 1.3808e-05 3.7531e-05
387640 2174 21779.0 1.3856e-05 3.7525e-05
387640 2175 21749.0 1.3978e-05 3.7501e-05
387640 2176 21736.0 1.398e-05 3.7489e-05
387640 2177 21757.0 1.3988e-05 3.7523e-05
387640 2178 21747.0 1.3881e-05 3.749e-05
387640 2179 21733.0 1.3931e-05 3.7478e-05
387640 2180 21724.0 1.4092e-05 3.7491e-05
387640 2181 21742.0 1.3875e-05 3.7463e-05
387640 2182 21715.0 1.3914e-05 3.7439e-05
387640 2183 21669.0 1.3982e-05 3.7425e-05
387640 2184 21407.0 1.3787e-05 3.7398e-05
387640 2185 21693.0 1.3974e-05 3.7409e-05
387640 2186 21659.0 1.404e-05 3.736e-05
387640 2187 21647.0 1.4209e-05 3.7363e-05
387640 2188 21676.0 1.3855e-05 3.7359e-05
387640 2189 21667.0 1.3909e-05 3.7347e-05
387640 2190 21650.0 1.3864e-05 3.7312e-05
387640 2191 21637.0 1.3915e-05 3.7323e-05
387640 2192 21653.0 1.3974e-05 3.7343e-05
387640 2193 21635.0 1.3989e-05 3.7331e-05
387640 2194 21633.0 1.4062e-05 3.732e-05
387640 2195 21634.0 1.3972e-05 3.7308e-05
387640 2196 21628.0 1.3873e-05 3.7285e-05
387640 2197 21320.0 1.3552e-05 3.7215e-05
387640 2198 21600.0 1.4024e-05 3.7255e-05
387640 2199 21592.0 1.4055e-05 3.7253e-05
387640 2200 21577.0 1.4097e-05 3.7242e-05
387640 2201 21553.0 1.3778e-05 3.7163e-05
387640 2202 21554.0 1.415e-05 3.7211e-05
387640 2203 20380.0 1.2919e-05 3.7101e-05
387640 2204 21548.0 1.392e-05 3.7175e-05
387640 2205 21530.0 1.413e-05 3.7173e-05
387640 2206 21534.0 1.4035e-05 3.7168e-05
387640 2207 21536.0 1.4054e-05 3.7172e-05
387640 2208 15897.0 8.9042e-06 3.6728e-05
387640 2209 21504.0 1.4013e-05 3.7124e-05
387640 2210 21204.0 1.3775e-05 3.7113e-05
387640 2211 21500.0 1.4048e-05 3.7126e-05
387640 2212 21490.0 1.3995e-05 3.7086e-05
387640 2213 8738.9 4.4309e-06 3.6352e-05
387640 2214 9902.6 4.9487e-06 3.639e-05
387640 2215 21476.0 1.4017e-05 3.7058e-05
387640 2216 21461.0 1.3944e-05 3.7027e-05
387640 2217 21462.0 1.3941e-05 3.7031e-05
387640 2218 21457.0 1.4139e-05 3.7049e-05
387640 2219 21440.0 1.4006e-05 3.7005e-05
387640 2220 21420.0 1.4149e-05 3.7001e-05
387640 2221 18461.0 1.1097e-05 3.6758e-05
387640 2222 2.1004 3.5036e-06 3.6171e-05
387640 2223 561.61 3.5123e-06 3.6145e-05
387640 2224 21408.0 1.4064e-05 3.6983e-05
387640 2225 21407.0 1.4121e-05 3.6983e-05
387640 2226 21110.0 1.3792e-05 3.6929e-05
387640 2227 21369.0 1.3952e-05 3.6915e-05
387640 2228 21374.0 1.4258e-05 3.6948e-05
387640 2229 21399.0 1.3873e-05 3.69e-05
387640 2230 21355.0 1.4148e-05 3.6896e-05
387640 2231 21344.0 1.4174e-05 3.6876e-05
387640 2232 21350.0 1.4196e-05 3.6896e-05
387640 2233 21347.0 1.4102e-05 3.6877e-05
387640 2234 21319.0 1.4139e-05 3.6843e-05
387640 2235 21324.0 1.4072e-05 3.6828e-05
387640 2236 21337.0 1.4199e-05 3.6866e-05
387640 2237 21329.0 1.4069e-05 3.6844e-05
387640 2238 21313.0 1.4083e-05 3.6821e-05
387640 2239 21027.0 1.3708e-05 3.6777e-05
387640 2240 21295.0 1.4218e-05 3.6821e-05
387640 2241 21293.0 1.418e-05 3.6791e-05
387640 2242 21272.0 1.4252e-05 3.6778e-05
387640 2243 21279.0 1.4045e-05 3.676e-05
387640 2244 21277.0 1.4051e-05 3.6756e-05
387640 2245 21246.0 1.4014e-05 3.671e-05
387640 2246 21255.0 1.3945e-05 3.6696e-05
387640 2247 21253.0 1.4332e-05 3.6743e-05
387640 2248 21241.0 1.4249e-05 3.6726e-05
387640 2249 21225.0 1.422e-05 3.669e-05
387640 2250 21225.0 1.4064e-05 3.6677e-05
387640 2251 21237.0 1.4154e-05 3.6692e-05
387640 2252 20928.0 1.3726e-05 3.6629e-05
387640 2253 21209.0 1.4182e-05 3.6652e-05
387640 2254 21212.0 1.4084e-05 3.6649e-05
387640 2255 21178.0 1.4218e-05 3.6657e-05
387640 2256 21184.0 1.4237e-05 3.6624e-05
387640 2257 21176.0 1.4205e-05 3.6611e-05
387640 2258 21186.0 1.4104e-05 3.6607e-05
387640 2259 21173.0 1.4165e-05 3.6602e-05
387640 2260 8863.5 4.5151e-06 3.5813e-05
387640 2261 0.0 0.0 0.0
387640 2262 2.3431 3.4736e-06 3.5717e-05
387640 2263 2.1781 3.4718e-06 3.5685e-05
387640 2264 2.1963 3.4716e-06 3.5666e-05
387640 2265 2.2473 3.4721e-06 3.5677e-05
387640 2266 2.2643 3.4734e-06 3.5679e-05
387640 2267 4.6725 3.4682e-06 3.5653e-05
387640 2268 2.1857 3.4692e-06 3.5641e-05
387640 2269 2.2132 3.471e-06 3.5647e-05
387640 2270 2.3312 3.4724e-06 3.5636e-05
387640 2271 2.2679 3.4684e-06 3.5595e-05
387640 2272 2.1622 3.4703e-06 3.5595e-05
387640 2273 2.1424 3.4695e-06 3.5587e-05
387640 2274 2.2016 3.468e-06 3.5565e-05
387640 2275 2.1335 3.4635e-06 3.5524e-05
387640 2276 2.1897 3.4653e-06 3.5539e-05
387640 2277 2.2002 3.4676e-06 3.5543e-05
387640 2278 9060.9 4.6244e-06 3.5621e-05
387640 2279 21026.0 1.4152e-05 3.6347e-05
387640 2280 21037.0 1.4212e-05 3.6376e-05
387640 2281 20734.0 1.3892e-05 3.6343e-05
387640 2282 21024.0 1.4022e-05 3.6337e-05
387640 2283 20977.0 1.4214e-05 3.6347e-05
387640 2284 21007.0 1.4376e-05 3.6347e-05
387640 2285 21007.0 1.4016e-05 3.6294e-05
387640 2286 4381.0 3.5125e-06 3.5432e-05
387640 2287 6626.5 3.8453e-06 3.547e-05
387640 2288 20972.0 1.4286e-05 3.627e-05
387640 2289 20922.0 1.4255e-05 3.6228e-05
387640 2290 20933.0 1.4244e-05 3.6201e-05
387640 2291 20944.0 1.4459e-05 3.6251e-05
387640 2292 20952.0 1.4289e-05 3.6237e-05
387640 2293 20935.0 1.4203e-05 3.6199e-05
387640 2294 20923.0 1.4246e-05 3.6194e-05
387640 2295 20558.0 1.3852e-05 3.6182e-05
387640 2296 20931.0 1.4252e-05 3.62e-05
387640 2297 20912.0 1.4323e-05 3.6188e-05
387640 2298 20918.0 1.4364e-05 3.6183e-05
387640 2299 20915.0 1.4269e-05 3.6172e-05
387640 2300 20899.0 1.422e-05 3.6142e-05
387640 2301 20842.0 1.4252e-05 3.6123e-05
387640 2302 20889.0 1.4015e-05 3.6108e-05
387640 2303 20870.0 1.4349e-05 3.6131e-05
387640 2304 20861.0 1.415e-05 3.6074e-05
387640 2305 20829.0 1.4471e-05 3.6101e-05
387640 2306 20867.0 1.428e-05 3.6092e-05
387640 2307 20851.0 1.422e-05 3.6065e-05
387640 2308 20531.0 1.3998e-05 3.6022e-05
387640 2309 20825.0 1.4325e-05 3.6055e-05
387640 2310 20822.0 1.4425e-05 3.607e-05
387640 2311 20820.0 1.4336e-05 3.6035e-05
387640 2312 20775.0 1.4431e-05 3.6033e-05
387640 2313 20790.0 1.4439e-05 3.6035e-05
387640 2314 20788.0 1.4363e-05 3.6024e-05
387640 2315 20757.0 1.4464e-05 3.6008e-05
387640 2316 20772.0 1.4267e-05 3.5965e-05
387640 2317 20790.0 1.4235e-05 3.5964e-05
387640 2318 20751.0 1.4351e-05 3.5968e-05
387640 2319 20723.0 1.4466e-05 3.595e-05
387640 2320 20723.0 1.4445e-05 3.5956e-05
387640 2321 20416.0 1.4069e-05 3.5815e-05
387640 2322 20699.0 1.435e-05 3.5889e-05
387640 2323 20716.0 1.4405e-05 3.5926e-05
387640 2324 20721.0 1.4275e-05 3.5876e-05
387640 2325 20689.0 1.4484e-05 3.5895e-05
387640 2326 20703.0 1.431e-05 3.5893e-05
387640 2327 20693.0 1.4444e-05 3.5898e-05
387640 2328 20701.0 1.4285e-05 3.5848e-05
387640 2329 20677.0 1.4438e-05 3.5867e-05
387640 2330 20681.0 1.4366e-05 3.5855e-05
387640 2331 20668.0 1.4361e-05 3.5834e-05
387640 2332 20628.0 1.4547e-05 3.5825e-05
387640 2333 20630.0 1.4436e-05 3.5806e-05
387640 2334 20384.0 1.3923e-05 3.5751e-05
387640 2335 20621.0 1.4429e-05 3.5773e-05
387640 2336 20594.0 1.4488e-05 3.5749e-05
387640 2337 20612.0 1.4307e-05 3.5752e-05
387640 2338 20597.0 1.4478e-05 3.5771e-05
387640 2339 20607.0 1.4322e-05 3.5726e-05
387640 2340 20589.0 1.444e-05 3.5723e-05
387640 2341 20606.0 1.4431e-05 3.5741e-05
387640 2342 20599.0 1.435e-05 3.5728e-05
387640 2343 20583.0 1.4443e-05 3.572e-05
387640 2344 20578.0 1.4391e-05 3.57e-05
387640 2345 20548.0 1.4469e-05 3.571e-05
387640 2346 20565.0 1.4347e-05 3.5671e-05
387640 2347 20290.0 1.4059e-05 3.5609e-05
387640 2348 20529.0 1.4473e-05 3.5656e-05
387640 2349 20466.0 1.4571e-05 3.5663e-05
387640 2350 20493.0 1.4451e-05 3.5611e-05
387640 2351 20492.0 1.4479e-05 3.5597e-05
387640 2352 20513.0 1.4393e-05 3.5613e-05
387640 2353 20493.0 1.45e-05 3.5619e-05
387640 2354 20500.0 1.4351e-05 3.5568e-05
387640 2355 20498.0 1.4341e-05 3.5557e-05
387640 2356 20500.0 1.4352e-05 3.5574e-05
387640 2357 20484.0 1.4402e-05 3.5568e-05
387640 2358 20464.0 1.4432e-05 3.5549e-05
387640 2359 20483.0 1.4326e-05 3.5531e-05
387640 2360 20213.0 1.4074e-05 3.5494e-05
387640 2361 20441.0 1.4447e-05 3.5515e-05
387640 2362 20420.0 1.4526e-05 3.5502e-05
387640 2363 20434.0 1.4477e-05 3.5506e-05
387640 2364 20431.0 1.4491e-05 3.55e-05
387640 2365 20415.0 1.446e-05 3.5455e-05
387640 2366 20401.0 1.4518e-05 3.5456e-05
387640 2367 20415.0 1.4522e-05 3.5472e-05
387640 2368 20422.0 1.4278e-05 3.5423e-05
387640 2369 20393.0 1.441e-05 3.5413e-05
387640 2370 20379.0 1.4546e-05 3.5439e-05
387640 2371 20400.0 1.4498e-05 3.5435e-05
387640 2372 20124.0 1.4185e-05 3.5381e-05
387640 2373 20376.0 1.4438e-05 3.5397e-05
387640 2374 20335.0 1.4621e-05 3.5419e-05
387640 2375 20326.0 1.4618e-05 3.5413e-05
387640 2376 20292.0 1.4559e-05 3.5373e-05
387640 2377 20334.0 1.444e-05 3.534e-05
387640 2378 20338.0 1.4557e-05 3.5402e-05
387640 2379 20335.0 1.4516e-05 3.5381e-05
387640 2380 20251.0 1.4617e-05 3.5321e-05
387640 2381 20307.0 1.4458e-05 3.5304e-05
387640 2382 20274.0 1.4619e-05 3.5342e-05
387640 2383 20250.0 1.4611e-05 3.5326e-05
387640 2384 20221.0 1.4691e-05 3.532e-05
387640 2385 20039.0 1.411e-05 3.5228e-05
387640 2386 20260.0 1.4568e-05 3.5297e-05
387640 2387 20233.0 1.4571e-05 3.5271e-05
387640 2388 20219.0 1.4627e-05 3.5263e-05
387640 2389 20249.0 1.4503e-05 3.5249e-05
387640 2390 20183.0 1.4699e-05 3.527e-05
387640 2391 20224.0 1.45e-05 3.5201e-05
387640 2392 20227.0 1.4465e-05 3.5193e-05
387640 2393 20222.0 1.4471e-05 3.5199e-05
387640 2394 20180.0 1.4643e-05 3.5208e-05
387640 2395 20142.0 1.4788e-05 3.5197e-05
387640 2396 20204.0 1.4491e-05 3.5164e-05
387640 2397 20222.0 1.4348e-05 3.5147e-05
387640 2398 19945.0 1.415e-05 3.5093e-05
387640 2399 20128.0 1.4682e-05 3.5161e-05
387640 2400 20137.0 1.4676e-05 3.5169e-05
387640 2401 20167.0 1.4507e-05 3.5131e-05
387640 2402 20098.0 1.4694e-05 3.5135e-05
387640 2403 20135.0 1.4571e-05 3.5112e-05
387640 2404 20146.0 1.4599e-05 3.5166e-05
387640 2405 20099.0 1.4617e-05 3.51e-05
387640 2406 20102.0 1.4521e-05 3.5052e-05
387640 2407 20061.0 1.4753e-05 3.5092e-05
387640 2408 20116.0 1.448e-05 3.5046e-05
387640 2409 20029.0 1.485e-05 3.5069e-05
387640 2410 20022.0 1.4761e-05 3.5041e-05
387640 2411 19864.0 1.4197e-05 3.4973e-05
387640 2412 20025.0 1.4757e-05 3.5051e-05
387640 2413 20021.0 1.4667e-05 3.5012e-05
387640 2414 20018.0 1.4753e-05 3.5013e-05
387640 2415 20052.0 1.458e-05 3.5004e-05
387640 2416 19998.0 1.4844e-05 3.5032e-05
387640 2417 20026.0 1.4623e-05 3.4979e-05
387640 2418 20008.0 1.4669e-05 3.4981e-05
387640 2419 20018.0 1.4568e-05 3.4955e-05
387640 2420 19948.0 1.4851e-05 3.4966e-05
387640 2421 19976.0 1.4592e-05 3.4908e-05
387640 2422 19968.0 1.4699e-05 3.4933e-05
387640 2423 19952.0 1.4658e-05 3.4918e-05
387640 2424 19708.0 1.4289e-05 3.481e-05
387640 2425 19909.0 1.4787e-05 3.4879e-05
387640 2426 19944.0 1.47e-05 3.49e-05
387640 2427 19968.0 1.449e-05 3.4853e-05
387640 2428 19913.0 1.4762e-05 3.487e-05
387640 2429 19924.0 1.4736e-05 3.4866e-05
387640 2430 19922.0 1.4683e-05 3.4868e-05
387640 2431 19890.0 1.4844e-05 3.4878e-05
387640 2432 19907.0 1.4677e-05 3.484e-05
387640 2433 19888.0 1.4699e-05 3.4825e-05
387640 2434 19933.0 1.4509e-05 3.48e-05
387640 2435 19843.0 1.4738e-05 3.48e-05
387640 2436 19874.0 1.4593e-05 3.476e-05
387640 2437 19679.0 1.4206e-05 3.4702e-05
387640 2438 19896.0 1.4501e-05 3.4738e-05
387640 2439 19844.0 1.458e-05 3.4719e-05
387640 2440 19842.0 1.4608e-05 3.4727e-05
387640 2441 19854.0 1.4688e-05 3.4749e-05
387640 2442 19787.0 1.4851e-05 3.4761e-05
387640 2443 19805.0 1.4777e-05 3.4728e-05
387640 2444 19826.0 1.4688e-05 3.4714e-05
387640 2445 19836.0 1.4658e-05 3.4708e-05
387640 2446 19817.0 1.4667e-05 3.4686e-05
387640 2447 19718.0 1.4877e-05 3.4715e-05
387640 2448 19808.0 1.4672e-05 3.4672e-05
387640 2449 19781.0 1.474e-05 3.4669e-05
387640 2450 19563.0 1.4219e-05 3.4552e-05
387640 2451 19590.0 1.5057e-05 3.4715e-05
387640 2452 19710.0 1.4811e-05 3.4668e-05
387640 2453 19689.0 1.4802e-05 3.4652e-05
387640 2454 19690.0 1.4816e-05 3.4621e-05
387640 2455 19767.0 1.4522e-05 3.4581e-05
387640 2456 19749.0 1.4622e-05 3.4597e-05
387640 2457 19696.0 1.4773e-05 3.4591e-05
387640 2458 19674.0 1.4776e-05 3.458e-05
387640 2459 19640.0 1.4882e-05 3.4615e-05
387640 2460 19732.0 1.4617e-05 3.4549e-05
387640 2461 19607.0 1.4864e-05 3.4588e-05
387640 2462 19529.0 1.4995e-05 3.461e-05
387640 2463 19443.0 1.4489e-05 3.4498e-05
387640 2464 19645.0 1.4719e-05 3.4524e-05
387640 2465 19580.0 1.4797e-05 3.4517e-05
387640 2466 19612.0 1.4733e-05 3.4506e-05
387640 2467 19604.0 1.4764e-05 3.4516e-05
387640 2468 19649.0 1.4645e-05 3.4454e-05
387640 2469 19568.0 1.4758e-05 3.4469e-05
387640 2470 19562.0 1.4847e-05 3.4499e-05
387640 2471 19555.0 1.4822e-05 3.4491e-05
387640 2472 19522.0 1.4787e-05 3.4455e-05
387640 2473 19515.0 1.4767e-05 3.4444e-05
387640 2474 19477.0 1.4843e-05 3.4477e-05
387640 2475 19416.0 1.4953e-05 3.449e-05
387640 2476 19304.0 1.4595e-05 3.4378e-05
387640 2477 19574.0 1.4605e-05 3.4377e-05
387640 2478 19486.0 1.478e-05 3.4409e-05
387640 2479 19384.0 1.493e-05 3.4423e-05
387640 2480 19392.0 1.4864e-05 3.4387e-05
387640 2481 19358.0 1.4982e-05 3.4418e-05
387640 2482 19403.0 1.4849e-05 3.4389e-05
387640 2483 19337.0 1.4947e-05 3.4368e-05
387640 2484 19347.0 1.4901e-05 3.4355e-05
387640 2485 19301.0 1.5082e-05 3.4416e-05
387640 2486 19474.0 1.4653e-05 3.4307e-05
387640 2487 19322.0 1.4931e-05 3.4355e-05
387640 2488 19321.0 1.4894e-05 3.4351e-05
387640 2489 19239.0 1.4466e-05 3.4253e-05
387640 2490 19321.0 1.4927e-05 3.4346e-05
387640 2491 19287.0 1.4976e-05 3.4337e-05
387640 2492 19317.0 1.4865e-05 3.4302e-05
387640 2493 19269.0 1.4973e-05 3.432e-05
387640 2494 19230.0 1.4985e-05 3.4288e-05
387640 2495 19313.0 1.4751e-05 3.4222e-05
387640 2496 19224.0 1.5013e-05 3.4284e-05
387640 2497 19232.0 1.5002e-05 3.4263e-05
387640 2498 19226.0 1.4936e-05 3.4212e-05
387640 2499 19235.0 1.4906e-05 3.4215e-05
387640 2500 19286.0 1.479e-05 3.421e-05
387640 2501 19083.0 1.4616e-05 3.4151e-05
387640 2502 19081.0 1.5201e-05 3.4261e-05
387640 2503 19251.0 1.4812e-05 3.4184e-05
387640 2504 19226.0 1.4885e-05 3.42e-05
387640 2505 19264.0 1.4793e-05 3.4161e-05
387640 2506 19234.0 1.4803e-05 3.416e-05
387640 2507 19179.0 1.4871e-05 3.417e-05
387640 2508 19180.0 1.4853e-05 3.4148e-05
387640 2509 19157.0 1.4896e-05 3.4117e-05
387640 2510 19101.0 1.5022e-05 3.4145e-05
387640 2511 19127.0 1.4881e-05 3.4124e-05
387640 2512 19120.0 1.501e-05 3.4124e-05
387640 2513 19160.0 1.4831e-05 3.4066e-05
387640 2514 18926.0 1.4719e-05 3.4057e-05
387640 2515 19125.0 1.496e-05 3.4106e-05
387640 2516 19168.0 1.4808e-05 3.4058e-05
387640 2517 19125.0 1.4902e-05 3.4064e-05
387640 2518 19096.0 1.497e-05 3.4082e-05
387640 2519 19120.0 1.489e-05 3.4054e-05
387640 2520 19044.0 1.4992e-05 3.4042e-05
387640 2521 19049.0 1.497e-05 3.404e-05
387640 2522 19120.0 1.4727e-05 3.3992e-05
387640 2523 19030.0 1.4974e-05 3.4024e-05
387640 2524 18967.0 1.5051e-05 3.4013e-05
387640 2525 19024.0 1.495e-05 3.3995e-05
387640 2526 19051.0 1.49e-05 3.399e-05
387640 2527 18893.0 1.46e-05 3.3945e-05
387640 2528 18982.0 1.4969e-05 3.3965e-05
387640 2529 18935.0 1.5001e-05 3.3932e-05
387640 2530 18925.0 1.5012e-05 3.3911e-05
387640 2531 18940.0 1.5101e-05 3.3995e-05
387640 2532 18889.0 1.5131e-05 3.3994e-05
387640 2533 18837.0 1.5218e-05 3.3994e-05
387640 2534 18920.0 1.4996e-05 3.3936e-05
387640 2535 18883.0 1.5119e-05 3.3967e-05
387640 2536 19033.0 1.4723e-05 3.386e-05
387640 2537 18868.0 1.5085e-05 3.3922e-05
387640 2538 18859.0 1.509e-05 3.3923e-05
387640 2539 18801.0 1.519e-05 3.3947e-05
387640 2540 18745.0 1.4659e-05 3.3792e-05
387640 2541 18786.0 1.5161e-05 3.3886e-05
387640 2542 18864.0 1.4992e-05 3.3861e-05
387640 2543 18862.0 1.5042e-05 3.3862e-05
387640 2544 18810.0 1.508e-05 3.3828e-05
387640 2545 18828.0 1.5025e-05 3.3812e-05
387640 2546 18767.0 1.519e-05 3.3876e-05
387640 2547 18694.0 1.5254e-05 3.3883e-05
387640 2548 18835.0 1.4945e-05 3.3785e-05
387640 2549 18746.0 1.5179e-05 3.3841e-05
387640 2550 18761.0 1.5181e-05 3.3889e-05
387640 2551 18891.0 1.483e-05 3.3753e-05
387640 2552 18771.0 1.5069e-05 3.3793e-05
387640 2553 18695.0 1.4625e-05 3.3686e-05
387640 2554 18685.0 1.518e-05 3.3805e-05
387640 2555 18623.0 1.5268e-05 3.3785e-05
387640 2556 5568.0 3.6088e-06 3.263e-05
387640 2557 3176.5 3.2854e-06 3.2595e-05
387640 2558 18819.0 1.4809e-05 3.3665e-05
387640 2559 18612.0 1.5185e-05 3.3729e-05
387640 2560 18668.0 1.5158e-05 3.3722e-05
387640 2561 18605.0 1.5262e-05 3.3763e-05
387640 2562 18657.0 1.5149e-05 3.3716e-05
387640 2563 18662.0 1.5137e-05 3.3695e-05
387640 2564 18508.0 1.5357e-05 3.3766e-05
387640 2565 18663.0 1.5096e-05 3.3684e-05
387640 2566 18573.0 1.5234e-05 3.3686e-05
387640 2567 18517.0 1.4769e-05 3.3574e-05
387640 2568 18586.0 1.5223e-05 3.3679e-05
387640 2569 18538.0 1.527e-05 3.3678e-05
387640 2570 18597.0 1.5071e-05 3.3604e-05
387640 2571 18579.0 1.5114e-05 3.3619e-05
387640 2572 18628.0 1.503e-05 3.3602e-05
387640 2573 18695.0 1.4906e-05 3.3549e-05
387640 2574 18438.0 1.5305e-05 3.3636e-05
387640 2575 18547.0 1.5142e-05 3.3601e-05
387640 2576 18511.0 1.5205e-05 3.3611e-05
387640 2577 18526.0 1.5159e-05 3.3563e-05
387640 2578 18488.0 1.519e-05 3.3573e-05
387640 2579 18249.0 1.5585e-05 3.3687e-05
387640 2580 18475.0 1.4663e-05 3.3439e-05
387640 2581 18463.0 1.5132e-05 3.3527e-05
387640 2582 18403.0 1.5281e-05 3.3567e-05
387640 2583 18296.0 1.5447e-05 3.3614e-05
387640 2584 18330.0 1.5388e-05 3.3573e-05
387640 2585 18273.0 1.5411e-05 3.356e-05
387640 2586 18278.0 1.5416e-05 3.3571e-05
387640 2587 18500.0 1.5065e-05 3.3466e-05
387640 2588 18412.0 1.5204e-05 3.3474e-05
387640 2589 18450.0 1.5059e-05 3.3429e-05
387640 2590 18384.0 1.525e-05 3.3491e-05
387640 2591 18338.0 1.5283e-05 3.3492e-05
387640 2592 18228.0 1.5406e-05 3.3504e-05
387640 2593 18259.0 1.4926e-05 3.3375e-05
387640 2594 18350.0 1.5236e-05 3.3465e-05
387640 2595 18314.0 1.5273e-05 3.3455e-05
387640 2596 18382.0 1.5131e-05 3.3404e-05
387640 2597 18375.0 1.515e-05 3.3404e-05
387640 2598 18231.0 1.5362e-05 3.3458e-05
387640 2599 18205.0 1.5357e-05 3.3423e-05
387640 2600 18178.0 1.5329e-05 3.3408e-05
387640 2601 18345.0 1.5138e-05 3.3365e-05
387640 2602 17982.0 1.5678e-05 3.3502e-05
387640 2603 18133.0 1.5421e-05 3.3403e-05
387640 2604 18286.0 1.5179e-05 3.3331e-05
387640 2605 18158.0 1.538e-05 3.3404e-05
387640 2606 18157.0 1.4904e-05 3.3264e-05
387640 2607 18149.0 1.5334e-05 3.336e-05
387521 1 90.235 0.00014762 0.00023639
387521 2 90.472 0.0001479 0.00023689
387521 3 90.204 0.00014748 0.00023622
387521 4 88.649 0.00014495 0.00023214
387521 5 90.449 0.00014781 0.00023679
387521 6 90.224 0.00014748 0.00023624
387521 7 90.599 0.00014811 0.00023723
387521 8 88.528 0.0001448 0.00023188
387521 9 90.616 0.00014815 0.00023729
387521 10 90.456 0.00014789 0.00023686
387521 11 90.192 0.00014753 0.00023625
387521 12 88.343 0.00014443 0.00023133
387521 13 87.779 0.00014564 0.00023325
387521 14 88.344 0.00014446 0.00023135
387521 15 90.349 0.00014768 0.00023655
387521 16 89.224 0.0001459 0.00023367
387521 17 88.773 0.00014509 0.00023242
387521 18 90.438 0.00014783 0.00023679
387521 19 89.807 0.0001468 0.00023515
387521 20 89.753 0.00014671 0.000235
387521 21 90.048 0.00014723 0.00023582
387521 22 89.267 0.00014591 0.00023372
387521 23 541.77 4.696e-05 3.6531e-05
387520 1 90.749 0.00014745 0.00023625
387520 2 91.024 0.00014795 0.00023702
387520 3 90.871 0.00014779 0.00023671
387520 4 90.979 0.00014786 0.00023689
387520 5 90.848 0.00014763 0.00023652
387520 6 90.829 0.00014768 0.00023656
387520 7 90.728 0.0001475 0.00023627
387520 8 90.934 0.0001478 0.00023679
387520 9 90.648 0.00014729 0.000236
387520 10 90.99 0.00014783 0.00023687
387520 11 91.128 0.00014806 0.0002372
387520 12 550.31 5.3279e-05 3.9758e-05
387520 13 0.15176 1.4276e-06 2.3038e-05
387520 14 363.86 2.3217e-05 2.8217e-05
387520 15 93.477 0.00014708 0.00021453
387520 16 89.241 0.00014578 0.00023359
387520 17 90.158 0.00014737 0.00023606
387520 18 89.753 0.00014662 0.00023493
387520 19 90.486 0.00014783 0.00023687
387520 20 90.495 0.00014792 0.00023693
387520 21 89.411 0.00014616 0.00023412
387520 22 89.579 0.00014634 0.00023447
387520 23 89.814 0.00014671 0.00023508
387520 24 95.521 0.00014828 0.00021637
387520 25 90.538 0.00014796 0.00023703
387520 26 89.961 0.00014698 0.00023549
387520 27 457.82 3.2744e-05 3.1109e-05
387522 1 91.026 0.00014809 0.00023708
387522 2 91.077 0.00014809 0.00023711
387522 3 91.126 0.00014816 0.00023724
387522 4 90.847 0.00014769 0.00023649
387522 5 91.034 0.00014793 0.00023692
387522 6 90.916 0.0001478 0.00023668
387522 7 90.985 0.00014787 0.00023681
387522 8 91.075 0.00014805 0.00023708
387522 9 90.934 0.00014776 0.00023666
387522 10 90.509 0.00014798 0.000237
387522 11 88.824 0.00014524 0.00023262
387522 12 89.991 0.00014715 0.00023566
387522 13 92.751 0.00014612 0.00021314
387522 14 89.407 0.00014624 0.00023418
387522 15 89.071 0.00014557 0.00023319
387522 16 89.607 0.00014652 0.00023467
387522 17 90.526 0.00014799 0.00023704
387522 18 90.433 0.00014788 0.00023683
387522 19 88.595 0.0001449 0.00023204
387522 20 90.443 0.00014783 0.0002368
387522 21 89.819 0.00014689 0.00023525
387522 22 88.521 0.00014466 0.00023174
387522 23 90.333 0.00014767 0.00023653
387522 24 90.09 0.00014727 0.0002359
387522 25 90.413 0.00014782 0.00023676
387522 26 87.836 0.00014569 0.00023336
387522 27 89.194 0.00014585 0.00023358
387522 28 90.529 0.00014798 0.00023703
387522 29 89.123 0.00014577 0.00023344
387522 30 90.217 0.00014755 0.00023629
387522 31 88.677 0.00014512 0.00023233
387522 32 90.654 0.00014825 0.00023741
387522 33 89.237 0.0001459 0.00023367
387522 34 89.496 0.00014638 0.00023441
387522 35 89.834 0.00014688 0.00023524
387522 36 90.429 0.00014779 0.00023675
387522 37 88.919 0.00014537 0.00023284
387522 38 89.846 0.00014695 0.00023532
387522 39 87.556 0.00014525 0.00023263
387522 40 90.368 0.00014769 0.00023659
387522 41 88.499 0.00014464 0.00023169
387522 42 90.421 0.00014788 0.00023682
387522 43 88.249 0.00014429 0.0002311
387522 44 89.934 0.00014702 0.00023549
387522 45 90.375 0.00014772 0.00023662
387522 46 88.403 0.00014461 0.00023156
387522 47 89.205 0.00014588 0.00023363
387522 48 90.314 0.00014774 0.00023656
387522 49 88.707 0.00014508 0.00023233
387522 50 90.503 0.000148 0.00023702
387522 51 90.448 0.00014786 0.00023683
387522 52 86.841 0.00014405 0.00023072
387522 53 90.458 0.00014799 0.00023696
387522 54 88.509 0.00014471 0.00023177
387522 55 88.873 0.00014533 0.00023275
387522 56 89.734 0.00014679 0.00023504
387522 57 89.066 0.00014567 0.00023328
387522 58 90.581 0.00014816 0.00023725
387522 59 89.186 0.00014583 0.00023355
387522 60 88.399 0.00014454 0.0002315
387522 61 89.097 0.00014569 0.00023333
387522 62 89.788 0.00014679 0.00023512
387522 63 90.473 0.00014788 0.00023688
387522 64 90.617 0.00014812 0.00023726
387522 65 87.418 0.00014495 0.0002322
387522 66 89.599 0.00014648 0.00023461
387522 67 90.059 0.00014731 0.00023589
387522 68 88.577 0.00014488 0.00023199
387522 69 90.592 0.00014816 0.00023726
387522 70 89.227 0.00014594 0.00023371
387522 71 90.123 0.00014738 0.00023602
387522 72 88.184 0.00014424 0.00023097
387522 73 89.615 0.00014654 0.00023469
387522 74 89.29 0.00014605 0.00023387
387522 75 90.267 0.00014754 0.00023635
387522 76 90.106 0.00014732 0.00023595
387522 77 88.251 0.0001443 0.00023111
387522 78 87.596 0.00014536 0.00023278
387522 79 88.394 0.00014459 0.00023152
387522 80 88.718 0.00014502 0.0002323
387522 81 88.944 0.00014539 0.00023288
387522 82 88.274 0.00014432 0.00023115
387522 83 89.491 0.00014628 0.00023432
387522 84 88.916 0.00014541 0.00023287
387522 85 90.192 0.00014754 0.00023625
387522 86 90.632 0.00014823 0.00023737
387522 87 89.889 0.00014702 0.00023544
387522 88 89.872 0.0001469 0.00023532
387522 89 88.769 0.00014509 0.00023241
387522 90 90.19 0.00014743 0.00023615
387522 91 85.855 0.00014244 0.00022812
387522 92 90.552 0.00014804 0.00023711
387522 93 89.157 0.00014576 0.00023347
387522 94 90.51 0.00014806 0.00023707
387522 95 90.144 0.00014736 0.00023603
387522 96 89.898 0.00014699 0.00023542
387522 97 89.22 0.00014588 0.00023364
387522 98 89.438 0.00014629 0.00023427
387522 99 89.208 0.00014587 0.00023361
387522 100 88.102 0.00014402 0.00023068
387522 101 89.606 0.00014652 0.00023467
387522 102 89.303 0.00014598 0.00023383
387522 103 90.544 0.00014812 0.00023718
387522 104 87.329 0.00014483 0.00023198
387522 105 90.552 0.00014801 0.00023708
387522 106 88.474 0.0001447 0.00023173
387522 107 88.749 0.00014513 0.00023242
387522 108 89.325 0.00014607 0.00023393
387522 109 89.702 0.00014665 0.0002349
387522 110 90.533 0.00014802 0.00023707
387522 111 90.643 0.00014827 0.00023743
387522 112 89.81 0.00014687 0.00023521
387522 113 90.214 0.00014753 0.00023627
387522 114 89.325 0.0001461 0.00023397
387522 115 88.53 0.00014476 0.00023183
387522 116 90.033 0.00014716 0.00023573
387522 117 87.185 0.00014461 0.00023162
387522 118 89.415 0.00014623 0.00023417
387522 119 90.219 0.0001476 0.00023634
387522 120 90.628 0.00014824 0.00023737
387522 121 88.515 0.00014479 0.00023185
387522 122 90.508 0.00014797 0.00023699
387522 123 90.584 0.00014808 0.00023718
387522 124 89.231 0.00014592 0.00023369
387522 125 88.736 0.00014507 0.00023235
387522 126 89.433 0.00014637 0.00023432
387522 127 89.36 0.00014615 0.00023405
387522 128 90.636 0.00014827 0.00023741
387522 129 87.818 0.00014531 0.00023268
387522 130 88.199 0.00014444 0.00023131
387522 131 90.509 0.00014806 0.00023707
387522 132 89.268 0.00014596 0.00023377
387522 133 90.582 0.00014812 0.00023721
387522 134 89.219 0.00014587 0.00023364
387522 135 88.92 0.00014542 0.00023288
387522 136 88.379 0.00014445 0.00023139
387522 137 89.256 0.00014598 0.00023377
387522 138 88.925 0.00014535 0.00023282
387522 139 89.966 0.00014707 0.00023557
387522 140 88.632 0.00014488 0.00023207
387522 141 89.792 0.00014679 0.00023511
387522 142 87.01 0.00014432 0.00023116
387522 143 90.472 0.00014787 0.00023687
387522 144 90.612 0.00014816 0.00023728
387522 145 89.975 0.00014714 0.00023565
387522 146 90.194 0.0001475 0.00023621
387522 147 89.104 0.00014573 0.00023337
387522 148 87.692 0.0001434 0.00022965
387522 149 88.615 0.00014489 0.00023205
387522 150 90.264 0.0001477 0.00023648
387522 151 89.175 0.0001458 0.00023351
387522 152 90.045 0.00014727 0.00023584
387522 153 88.703 0.00014505 0.0002323
387522 154 90.241 0.00014761 0.00023636
387522 155 86.553 0.0001438 0.00023025
387522 156 88.939 0.00014551 0.00023298
387522 157 89.929 0.00014711 0.00023555
387522 158 89.802 0.00014694 0.00023528
387522 159 88.959 0.00014549 0.00023298
387522 160 89.52 0.00014641 0.00023447
387522 161 90.62 0.00014811 0.00023725
387522 162 90.56 0.00014813 0.00023719
387522 163 90.412 0.00014785 0.00023678
387522 164 89.864 0.00014695 0.00023534
387522 165 90.126 0.00014745 0.0002361
387522 166 90.653 0.00014831 0.00023747
387522 167 90.509 0.000148 0.00023703
387522 168 86.459 0.00014351 0.00022978
387522 169 89.011 0.00014556 0.00023311
387522 170 90.387 0.00014784 0.00023675
387522 171 90.673 0.00014829 0.00023747
387522 172 88.59 0.00014485 0.00023199
387522 173 90.238 0.00014758 0.00023635
387522 174 90.437 0.00014789 0.00023684
387522 175 90.106 0.00014737 0.00023599
387522 176 88.539 0.00014484 0.00023192
387522 177 90.644 0.00014827 0.00023742
387522 178 89.68 0.00014668 0.00023489
387522 179 88.691 0.000145 0.00023224
387522 180 46.974 1.5525e-06 2.1503e-05
387522 181 271.29 1.6787e-05 2.4988e-05
387522 182 87.537 0.00014532 0.00023272
387522 183 89.046 0.00014564 0.00023323
387522 184 88.912 0.00014541 0.00023286
387522 185 90.622 0.00014819 0.00023732
387522 186 88.519 0.00014476 0.00023183
387522 187 90.032 0.00014725 0.00023581
387522 188 90.262 0.00014769 0.00023647
387522 189 90.35 0.00014771 0.00023658
387522 190 89.269 0.00014601 0.00023381
387522 191 90.57 0.00014814 0.00023722
387522 192 88.591 0.00014488 0.00023201
387522 193 90.604 0.00014817 0.00023728
387522 194 90.653 0.00014831 0.00023747
387522 195 86.88 0.00014407 0.00023077
387522 196 89.336 0.00014618 0.00023404
387522 197 90.652 0.00014829 0.00023745
387522 198 90.653 0.00014828 0.00023743
387522 199 89.782 0.00014685 0.00023516
387522 200 89.279 0.000146 0.00023381
387522 201 89.138 0.00014583 0.0002335
387522 202 88.984 0.0001455 0.00023302
387522 203 90.247 0.0001476 0.00023636
387522 204 89.316 0.00014611 0.00023396
387522 205 89.941 0.00014708 0.00023555
387522 206 89.303 0.0001461 0.00023393
387522 207 88.423 0.0001446 0.00023157
387522 208 86.805 0.0001441 0.00023071
387522 209 90.652 0.00014827 0.00023744
387522 210 89.436 0.00014629 0.00023425
387522 211 88.551 0.00014486 0.00023194
387522 212 90.566 0.00014812 0.00023721
387522 213 90.172 0.00014744 0.00023613
387522 214 89.361 0.00014617 0.00023407
387522 215 90.549 0.00014809 0.00023714
387522 216 88.484 0.00014462 0.00023166
387522 217 90.386 0.00014787 0.00023677
387522 218 88.303 0.00014436 0.00023122
387522 219 89.011 0.00014562 0.00023317
387522 220 90.797 0.00014858 0.00023787
387522 221 86.092 0.00014285 0.00022876
387522 222 89.227 0.00014598 0.00023374
387522 223 90.613 0.00014822 0.00023734
387522 224 90.358 0.00014782 0.00023669
387522 225 90.101 0.00014731 0.00023594
387522 226 90.458 0.0001479 0.00023688
387522 227 89.961 0.00014719 0.00023567
387522 228 90.489 0.00014802 0.00023701
387522 229 89.991 0.00014721 0.00023571
387522 230 90.056 0.00014728 0.00023586
387522 231 89.084 0.0001457 0.00023332
387522 232 88.971 0.00014551 0.00023302
387522 233 89.479 0.00014627 0.00023428
387522 234 86.658 0.00014381 0.00023027
387522 235 88.929 0.00014549 0.00023296
387522 236 90.126 0.00014737 0.00023601
387522 237 89.542 0.00014647 0.00023455
387522 238 90.284 0.00014764 0.00023644
387522 239 88.428 0.00014462 0.00023159
387522 240 89.952 0.00014712 0.0002356
387522 241 88.829 0.00014529 0.00023266
387522 242 90.078 0.00014737 0.00023597
387522 243 89.829 0.0001469 0.00023525
387522 244 88.758 0.00014512 0.00023242
387522 245 88.472 0.00014477 0.00023178
387522 246 89.865 0.00014698 0.00023536
387522 247 87.202 0.00014473 0.00023173
387522 248 88.944 0.00014549 0.00023297
387522 249 88.453 0.00014465 0.00023165
387522 250 89.867 0.00014703 0.00023541
387522 251 88.587 0.00014492 0.00023204
387522 252 90.241 0.00014761 0.00023636
387522 253 89.964 0.00014714 0.00023563
387522 254 90.643 0.00014822 0.00023737
387522 255 88.745 0.00014511 0.00023241
387522 256 88.586 0.00014489 0.00023201
387522 257 90.156 0.00014745 0.00023612
387522 258 89.404 0.00014625 0.00023419
387522 259 88.903 0.00014538 0.00023282
387522 260 87.931 0.00014586 0.00023362
387522 261 90.6 0.00014817 0.00023728
387522 262 89.5 0.00014643 0.00023445
387522 263 88.618 0.00014491 0.00023208
387522 264 90.608 0.00014818 0.0002373
387522 265 90.613 0.00014815 0.00023728
387522 266 90.295 0.0001477 0.00023653
387522 267 90.459 0.00014804 0.00023699
387522 268 89.738 0.00014678 0.00023505
387522 269 89.897 0.00014695 0.00023538
387522 270 89.639 0.00014656 0.00023474
387522 271 88.88 0.00014533 0.00023276
387522 272 90.448 0.00014791 0.00023687
387522 273 86.942 0.00014423 0.000231
387522 274 88.498 0.00014474 0.00023178
387522 275 89.383 0.00014619 0.0002341
387522 276 89.728 0.00014674 0.000235
387522 277 89.101 0.00014563 0.00023328
387522 278 90.633 0.00014823 0.00023738
387522 279 90.336 0.00014776 0.00023661
387522 280 89.256 0.000146 0.00023379
387522 281 90.015 0.00014724 0.00023579
387522 282 90.024 0.0001472 0.00023575
387522 283 90.494 0.00014808 0.00023707
387522 284 90.207 0.00014756 0.00023629
387522 285 86.331 0.00014338 0.00022956
387522 286 89.576 0.00014652 0.00023463
387522 287 90.614 0.00014821 0.00023733
387522 288 88.289 0.00014437 0.00023121
387522 289 90.23 0.00014765 0.0002364
387522 290 89.184 0.00014593 0.00023363
387522 291 90.286 0.00014765 0.00023646
387522 292 90.185 0.00014752 0.00023621
387522 293 89.498 0.0001464 0.00023442
387522 294 90.156 0.00014751 0.00023618
387522 295 90.579 0.00014811 0.0002372
387522 296 88.87 0.00014526 0.00023267
387522 297 90.461 0.00014791 0.00023689
387522 298 87.605 0.00014534 0.00023276
387522 299 88.528 0.00014485 0.00023192
387522 300 89.236 0.00014593 0.0002337
387522 301 88.683 0.000145 0.00023223
387522 302 89.751 0.00014673 0.00023502
387522 303 89.095 0.00014567 0.00023331
387522 304 90.085 0.00014741 0.00023602
387522 305 90.623 0.00014824 0.00023736
387522 306 89.421 0.00014626 0.0002342
387522 307 90.009 0.00014721 0.00023575
387522 308 90.58 0.0001481 0.00023719
387522 309 89.04 0.00014553 0.00023312
387522 310 89.874 0.00014702 0.00023541
387522 311 87.157 0.00014456 0.00023154
387522 312 89.397 0.00014619 0.00023413
387522 313 90.03 0.00014716 0.00023572
387522 314 90.0 0.00014712 0.00023565
387522 315 88.568 0.00014479 0.00023192
387522 316 88.646 0.00014492 0.00023211
387522 317 90.464 0.00014793 0.00023692
387522 318 89.355 0.00014615 0.00023404
387522 319 88.476 0.00014465 0.00023168
387522 320 89.545 0.00014639 0.00023448
387522 321 90.525 0.00014805 0.0002371
387522 322 90.09 0.00014727 0.0002359
387522 323 90.172 0.00014749 0.00023618
387522 324 86.578 0.0001436 0.00023
387522 325 89.673 0.00014665 0.00023486
387522 326 90.584 0.00014815 0.00023725
387522 327 90.051 0.00014727 0.00023585
387522 328 89.083 0.00014572 0.00023337
387522 329 90.577 0.00014817 0.00023725
387522 330 90.64 0.00014831 0.00023746
387522 331 88.445 0.00014464 0.00023162
387522 332 89.731 0.00014678 0.00023503
387522 333 88.415 0.00014459 0.00023156
387522 334 90.606 0.0001482 0.00023732
387522 335 89.961 0.00014715 0.00023563
387522 336 90.152 0.00014747 0.00023615
387522 337 87.8 0.00014578 0.00023345
387522 338 90.249 0.00014753 0.00023632
387522 339 90.74 0.00014844 0.00023768
387522 340 89.783 0.00014689 0.0002352
387522 341 89.876 0.00014695 0.00023535
387522 342 90.63 0.00014823 0.00023736
387522 343 89.321 0.0001461 0.00023396
387522 344 90.41 0.00014783 0.00023675
387522 345 88.879 0.00014541 0.00023283
387522 346 88.51 0.00014471 0.00023177
387522 347 88.51 0.00014474 0.00023179
387522 348 89.484 0.00014639 0.0002344
387522 349 88.511 0.00014477 0.00023182
387522 350 88.15 0.0001463 0.00023426
387522 351 88.487 0.00014473 0.00023177
387522 352 90.39 0.00014783 0.00023673
387522 353 89.511 0.00014636 0.00023441
387522 354 90.495 0.00014798 0.00023698
387522 355 90.234 0.00014758 0.00023633
387522 356 90.388 0.0001479 0.0002368
387522 357 88.669 0.00014495 0.00023216
387522 358 90.427 0.00014789 0.00023684
387522 359 88.344 0.00014442 0.00023132
387522 360 90.546 0.00014814 0.00023718
387522 361 90.065 0.00014734 0.00023593
387522 362 88.433 0.00014463 0.00023161
387522 363 88.021 0.00014605 0.00023389
387522 364 89.2 0.00014586 0.00023359
387522 365 90.529 0.00014798 0.00023703
387522 366 88.543 0.00014482 0.00023191
387522 367 90.427 0.00014786 0.0002368
387522 368 89.291 0.00014606 0.00023387
387522 369 89.473 0.00014631 0.00023433
387522 370 88.429 0.00014458 0.00023156
387522 371 88.974 0.00014546 0.00023298
387522 372 89.051 0.00014558 0.00023317
387522 373 88.443 0.00014461 0.0002316
387522 374 90.281 0.0001477 0.0002365
387522 375 90.453 0.00014784 0.00023682
387522 376 87.517 0.00014521 0.00023255
387522 377 90.243 0.00014763 0.00023638
387522 378 88.453 0.00014465 0.00023164
387522 379 90.047 0.00014729 0.00023586
387522 380 90.292 0.00014771 0.00023651
387522 381 89.062 0.00014564 0.00023325
387522 382 88.494 0.00014472 0.00023175
387522 383 88.656 0.00014495 0.00023215
387522 384 90.671 0.00014826 0.00023745
387522 385 88.724 0.00014511 0.00023238
387522 386 90.511 0.00014808 0.00023709
387522 387 90.498 0.00014804 0.00023705
387522 388 88.419 0.00014459 0.00023155
387522 389 86.172 0.0001431 0.00022915
387522 390 90.506 0.000148 0.00023702
387522 391 90.503 0.00014801 0.00023702
387522 392 90.137 0.00014743 0.00023609
387522 393 89.295 0.00014602 0.00023385
387522 394 90.254 0.00014762 0.00023639
387522 395 90.318 0.00014772 0.00023655
387522 396 90.377 0.00014781 0.0002367
387522 397 88.844 0.0001453 0.00023269
387522 398 90.641 0.0001483 0.00023744
387522 399 89.103 0.00014573 0.00023337
387522 400 88.753 0.00014519 0.00023247
387522 401 90.73 0.0001484 0.00023764
387522 402 86.07 0.00014282 0.00022871
387522 403 89.173 0.00014581 0.00023351
387522 404 90.12 0.0001474 0.00023603
387522 405 89.692 0.00014674 0.00023496
387522 406 90.686 0.0001483 0.00023749
387522 407 88.476 0.00014477 0.00023179
387522 408 89.24 0.000146 0.00023377
387522 409 88.975 0.00014559 0.00023309
387522 410 90.621 0.00014826 0.00023739
387522 411 89.772 0.00014687 0.00023515
387522 412 90.393 0.00014786 0.00023678
387522 413 88.672 0.00014505 0.00023225
387522 414 87.942 0.00014598 0.00023375
387522 415 90.541 0.00014814 0.00023721
387522 416 88.611 0.00014493 0.00023208
387522 417 88.481 0.00014468 0.00023171
387522 418 90.241 0.00014761 0.00023636
387522 419 90.242 0.00014755 0.00023631
387522 420 89.164 0.00014585 0.00023355
387522 421 88.681 0.00014501 0.00023223
387522 422 89.498 0.00014634 0.00023436
387522 423 90.018 0.00014725 0.00023579
387522 424 341.12 2.7883e-05 2.6978e-05
387522 425 90.568 0.00014807 0.00023716
387522 426 88.562 0.00014486 0.00023196
387522 427 110.87 0.00010089 9.9124e-05
387522 428 86.57 0.00014364 0.00023003
387522 429 88.503 0.00014469 0.00023174
387522 430 90.481 0.00014793 0.00023694
387522 431 88.411 0.00014459 0.00023155
387522 432 88.875 0.00014536 0.00023277
387522 433 90.186 0.00014746 0.00023617
387522 434 88.54 0.00014479 0.00023187
387522 435 88.728 0.0001451 0.00023238
387522 436 90.615 0.00014819 0.00023733
387522 437 89.952 0.00014714 0.0002356
387522 438 90.094 0.0001474 0.00023602
387522 439 88.285 0.0001444 0.00023123
387522 440 172.2 9.2928e-06 2.16e-05
387522 441 403.1 3.7992e-05 3.0613e-05
387522 442 87.195 0.0001448 0.00023179
387522 443 90.14 0.00014743 0.0002361
387522 444 88.451 0.00014466 0.00023165
387522 445 90.623 0.00014825 0.00023737
387522 446 89.927 0.00014711 0.00023556
387522 447 88.555 0.00014478 0.00023188
387522 448 90.477 0.00014793 0.00023693
387522 449 90.48 0.00014794 0.00023694
387522 450 89.116 0.00014568 0.00023334
387522 451 89.698 0.00014666 0.00023489
387522 452 89.398 0.00014617 0.00023411
387522 453 90.265 0.00014764 0.00023641
387522 454 89.247 0.00014591 0.0002337
387522 455 87.313 0.00014487 0.00023199
387522 456 89.786 0.00014685 0.00023517
387522 457 88.862 0.0001453 0.0002327
387522 458 90.547 0.00014814 0.00023719
387522 459 89.313 0.000146 0.00023386
387522 460 88.411 0.00014458 0.00023153
387522 461 90.185 0.00014757 0.00023627
387522 462 88.509 0.00014476 0.0002318
387522 463 88.489 0.00014472 0.00023174
387522 464 89.855 0.00014702 0.00023539
387522 465 88.916 0.00014542 0.00023287
387522 466 88.947 0.00014554 0.00023302
387522 467 88.94 0.00014542 0.0002329
387522 468 85.892 0.00014257 0.00022827
387522 469 88.762 0.00014517 0.00023248
387522 470 90.139 0.0001474 0.00023606
387522 471 90.48 0.00014797 0.00023696
387522 472 90.344 0.00014769 0.00023657
387522 473 88.59 0.00014491 0.00023204
387522 474 90.252 0.00014754 0.00023632
387522 475 88.302 0.00014441 0.00023126
387522 476 90.342 0.00014777 0.00023662
387522 477 88.809 0.00014529 0.00023264
387522 478 88.766 0.00014514 0.00023245
387522 479 90.19 0.00014751 0.00023622
387522 480 86.044 0.00014281 0.00022866
387522 481 90.652 0.00014828 0.00023743
387522 482 89.763 0.00014682 0.00023511
387522 483 90.255 0.0001476 0.00023637
387522 484 89.188 0.00014586 0.00023359
387522 485 88.705 0.00014505 0.0002323
387522 486 90.63 0.00014821 0.00023734
387522 487 89.475 0.00014642 0.00023442
387522 488 88.449 0.00014461 0.00023161
387522 489 89.164 0.00014578 0.00023348
387522 490 88.849 0.00014524 0.00023264
387522 491 90.31 0.00014766 0.00023649
387522 492 89.081 0.00014573 0.00023335
387522 493 86.296 0.00014318 0.00022929
387522 494 88.467 0.00014462 0.00023164
387522 495 89.679 0.00014665 0.00023487
387522 496 90.298 0.00014771 0.00023651
387522 497 88.565 0.00014487 0.00023198
387522 498 90.252 0.00014753 0.00023631
387522 499 89.575 0.00014655 0.00023464
387522 500 88.354 0.00014447 0.00023139
387522 501 90.537 0.00014807 0.00023712
387522 502 88.571 0.00014482 0.00023195
387522 503 90.581 0.00014813 0.00023722
387522 504 88.543 0.00014479 0.00023187
387522 505 89.654 0.0001466 0.00023479
387522 506 87.204 0.0001446 0.00023163
387522 507 90.48 0.00014793 0.00023692
387522 508 90.284 0.00014765 0.00023646
387522 509 90.066 0.00014727 0.00023585
387522 510 89.132 0.00014571 0.00023339
387522 511 90.676 0.00014824 0.00023742
387522 512 88.552 0.00014478 0.00023188
387522 513 90.542 0.00014805 0.00023711
387522 514 90.101 0.00014738 0.00023599
387522 515 89.591 0.00014656 0.00023468
387522 516 90.607 0.0001482 0.00023731
387522 517 90.609 0.00014821 0.00023732
387522 518 89.568 0.0001466 0.00023477
387522 519 86.916 0.00014423 0.00023096
387522 520 89.198 0.00014585 0.00023359
387522 521 88.174 0.00014421 0.00023093
387522 522 89.117 0.00014578 0.00023343
387522 523 90.167 0.00014745 0.00023615
387522 524 90.578 0.00014811 0.0002372
387522 525 89.162 0.00014574 0.00023345
387522 526 88.135 0.00014418 0.00023086
387522 527 88.731 0.00014515 0.00023241
387522 528 89.196 0.00014586 0.0002336
387522 529 90.6 0.00014817 0.00023728
387522 530 90.516 0.00014802 0.00023704
387522 531 89.707 0.00014673 0.00023497
387522 532 87.386 0.00014496 0.00023217
387522 533 88.98 0.00014549 0.00023302
387522 534 89.816 0.00014682 0.00023516
387522 535 88.966 0.00014554 0.00023303
387522 536 89.33 0.00014602 0.0002339
387522 537 90.166 0.00014741 0.0002361
387522 538 88.539 0.00014481 0.0002319
387522 539 90.486 0.00014794 0.00023694
387522 540 88.517 0.00014469 0.00023176
387522 541 89.583 0.00014646 0.00023458
387522 542 90.554 0.00014811 0.00023717
387522 543 88.519 0.00014473 0.00023179
387522 544 90.616 0.00014823 0.00023736
387522 545 86.747 0.00014391 0.00023047
387522 546 88.707 0.00014508 0.00023233
387522 547 89.129 0.00014571 0.00023338
387522 548 90.582 0.00014813 0.00023722
387522 549 89.018 0.00014562 0.00023318
387522 550 88.555 0.00014477 0.00023187
387522 551 90.268 0.00014763 0.00023642
387522 552 90.575 0.00014812 0.00023721
387522 553 88.408 0.00014457 0.00023152
387522 554 90.624 0.00014818 0.00023733
387522 555 90.523 0.00014808 0.00023711
387522 556 88.68 0.00014506 0.00023228
387522 557 90.25 0.00014762 0.00023638
387522 558 86.876 0.00014413 0.00023082
387522 559 89.343 0.00014608 0.00023397
387522 560 90.407 0.00014781 0.00023673
387522 561 88.779 0.00014519 0.0002325
387522 562 88.838 0.00014537 0.00023274
387522 563 90.662 0.00014834 0.0002375
387522 564 90.574 0.00014818 0.00023726
387522 565 88.483 0.00014469 0.00023172
387522 566 89.538 0.00014638 0.00023445
387522 567 90.393 0.00014779 0.00023671
387522 568 89.054 0.00014561 0.0002332
387522 569 89.913 0.00014702 0.00023546
387522 570 89.615 0.00014651 0.00023465
387522 571 87.37 0.00014503 0.00023227
387522 572 88.533 0.00014476 0.00023185
387522 573 90.542 0.00014801 0.00023707
387522 574 90.7 0.00014836 0.00023756
387522 575 89.847 0.00014695 0.00023533
387522 576 89.573 0.00014646 0.00023456
387522 577 89.278 0.00014602 0.00023383
387522 578 90.223 0.00014754 0.00023627
387522 579 89.541 0.00014645 0.00023451
387522 580 88.664 0.00014509 0.00023229
387522 581 88.408 0.00014466 0.0002316
387522 582 90.211 0.00014759 0.00023632
387522 583 90.538 0.00014802 0.00023707
387522 584 87.415 0.0001451 0.00023232
387522 585 90.584 0.00014816 0.00023726
387522 586 89.61 0.00014653 0.00023466
387522 587 90.102 0.00014735 0.00023598
387522 588 88.469 0.00014465 0.00023167
387522 589 90.537 0.0001481 0.00023714
387522 590 89.296 0.00014604 0.00023388
387522 591 90.596 0.00014809 0.0002372
387522 592 88.119 0.00014405 0.00023073
387522 593 90.602 0.00014822 0.00023734
387522 594 89.369 0.00014609 0.000234
387522 595 90.193 0.00014748 0.0002362
387522 596 90.154 0.00014741 0.00023608
387522 597 86.455 0.00014341 0.00022968
387522 598 90.358 0.00014777 0.00023665
387522 599 88.429 0.00014459 0.00023156
387522 600 90.441 0.00014789 0.00023685
387522 601 90.241 0.00014756 0.00023632
387522 602 89.855 0.00014693 0.0002353
387522 603 89.062 0.00014566 0.00023326
387522 604 90.568 0.00014809 0.00023716
387522 605 89.458 0.00014634 0.00023433
387522 606 90.181 0.00014746 0.00023616
387522 607 90.328 0.00014763 0.00023648
387522 608 89.107 0.00014576 0.0002334
387522 609 88.027 0.00014598 0.00023382
387522 610 89.531 0.0001464 0.00023446
387522 611 89.467 0.00014634 0.00023434
387522 612 90.174 0.00014743 0.00023612
387522 613 89.563 0.00014644 0.00023454
387522 614 89.635 0.00014663 0.00023479
387522 615 89.883 0.00014699 0.00023539
387522 616 88.641 0.00014498 0.00023217
387522 617 90.534 0.00014805 0.0002371
387522 618 90.142 0.00014741 0.00023608
387522 619 89.201 0.00014582 0.00023356
387522 620 89.904 0.00014697 0.0002354
387522 621 90.084 0.00014733 0.00023594
387522 622 86.846 0.00014407 0.00023073
387522 623 90.623 0.00014821 0.00023735
387522 624 88.885 0.0001454 0.00023282
387522 625 89.112 0.00014571 0.00023335
387522 626 90.083 0.00014733 0.00023594
387522 627 90.527 0.00014807 0.0002371
387522 628 90.787 0.00014843 0.00023772
387522 629 90.472 0.00014799 0.00023698
387522 630 326.72 2.8518e-05 2.6217e-05
387522 631 78.917 0.0001372 0.00021969
387522 632 88.502 0.00014467 0.00023172
387522 633 88.296 0.00014433 0.00023118
387522 634 89.56 0.00014643 0.00023453
387522 635 86.755 0.00014397 0.00023053
387522 636 90.564 0.00014807 0.00023716
387522 637 89.899 0.00014701 0.00023543
387522 638 89.853 0.0001469 0.00023528
387522 639 89.366 0.00014615 0.00023405
387522 640 90.477 0.00014797 0.00023696
387522 641 90.545 0.00014805 0.00023711
387522 642 90.604 0.00014822 0.00023732
387522 643 88.513 0.00014471 0.00023177
387522 644 90.675 0.00014835 0.00023754
387522 645 87.986 0.00014395 0.00023048
387522 646 89.852 0.00014701 0.00023537
387522 647 89.341 0.00014616 0.00023403
387522 648 86.687 0.00014384 0.00023034
387522 649 89.297 0.00014614 0.00023396
387522 650 89.118 0.00014585 0.00023354
387522 651 90.526 0.00014802 0.00023706
387522 652 88.881 0.00014535 0.00023278
387522 653 88.747 0.0001452 0.00023247
387522 654 88.936 0.00014551 0.00023298
387522 655 89.41 0.00014619 0.00023413
387522 656 88.626 0.00014492 0.00023209
387522 657 89.651 0.00014658 0.00023477
387522 658 89.539 0.00014636 0.00023444
387522 659 90.305 0.00014766 0.00023649
387522 660 88.522 0.00014471 0.00023178
387522 661 87.157 0.00014456 0.00023153
387522 662 89.221 0.00014594 0.0002337
387522 663 90.518 0.00014797 0.000237
387522 664 88.867 0.00014539 0.00023278
387522 665 89.311 0.00014609 0.00023393
387522 666 90.472 0.000148 0.00023698
387522 667 88.326 0.00014443 0.00023131
387522 668 89.692 0.00014663 0.00023486
387522 669 89.997 0.00014713 0.00023565
387522 670 89.891 0.00014704 0.00023545
387522 671 89.074 0.00014568 0.00023329
387522 672 89.658 0.00014661 0.0002348
387522 673 90.206 0.00014753 0.00023625
387522 674 86.651 0.00014376 0.00023022
387522 675 88.964 0.00014553 0.00023304
387522 676 89.576 0.00014645 0.00023456
387522 677 88.551 0.00014477 0.00023188
387522 678 90.496 0.00014797 0.00023698
387522 679 90.501 0.00014791 0.00023693
387522 680 89.581 0.00014651 0.00023462
387522 681 89.721 0.00014671 0.00023496
387522 682 90.196 0.00014748 0.00023619
387522 683 90.322 0.00014768 0.00023653
387522 684 88.403 0.00014455 0.0002315
387522 685 89.713 0.00014669 0.00023494
387522 686 90.164 0.00014751 0.00023617
387522 687 87.659 0.00014541 0.00023288
387522 688 89.244 0.00014597 0.00023375
387522 689 90.68 0.0001483 0.00023749
387522 690 90.034 0.00014739 0.00023599
387522 691 89.88 0.00014702 0.00023542
387522 692 90.049 0.0001473 0.00023586
387522 693 90.281 0.00014762 0.00023644
387522 694 89.735 0.00014678 0.00023504
387522 695 89.823 0.00014694 0.00023529
387522 696 89.482 0.00014639 0.0002344
387522 697 90.11 0.00014736 0.00023599
387522 698 89.684 0.0001467 0.00023492
387522 699 89.716 0.00014673 0.00023497
387522 700 86.973 0.00014436 0.00023115
387522 701 89.699 0.00014673 0.00023497
387522 702 89.78 0.00014682 0.00023512
387522 703 89.889 0.00014699 0.00023543
387522 704 90.102 0.00014742 0.00023604
387522 705 89.306 0.00014611 0.00023395
387522 706 89.898 0.00014701 0.00023545
387522 707 89.822 0.00014691 0.00023528
387522 708 89.588 0.00014658 0.0002347
387522 709 89.83 0.00014694 0.00023529
387522 710 89.705 0.00014674 0.00023497
387522 711 89.753 0.00014684 0.00023512
387522 712 89.382 0.00014611 0.00023404
387522 713 86.567 0.00014363 0.00023003
387522 714 89.651 0.00014663 0.00023481
387522 715 89.456 0.00014631 0.00023431
387522 716 89.106 0.00014578 0.00023343
387522 717 89.655 0.00014667 0.00023485
387522 718 89.52 0.00014638 0.00023443
387522 719 90.121 0.0001474 0.00023605
387522 720 89.175 0.00014588 0.00023359
387522 721 89.276 0.00014601 0.00023384
387522 722 89.996 0.00014725 0.00023575
387522 723 89.337 0.00014608 0.00023396
387522 724 89.931 0.00014709 0.00023556
387522 725 89.64 0.00014663 0.0002348
387522 726 86.926 0.00014432 0.00023106
387522 727 89.691 0.00014666 0.00023488
387522 728 89.566 0.00014653 0.00023462
387522 729 89.47 0.00014639 0.0002344
387522 730 89.483 0.00014636 0.00023437
387522 731 89.571 0.00014647 0.00023457
387522 732 89.692 0.0001467 0.00023494
387522 733 89.714 0.00014668 0.00023492
387522 734 89.59 0.0001465 0.00023464
387522 735 89.648 0.0001466 0.00023479
387522 736 89.928 0.00014708 0.00023553
387713 1 237.92 5.0991e-06 5.8271e-05
387713 2 20980.0 6.3644e-06 5.8447e-05
387713 3 34649.0 1.0894e-05 5.8759e-05
387713 4 34612.0 1.1012e-05 5.872e-05
387713 5 34613.0 1.0991e-05 5.8697e-05
387713 6 34607.0 1.103e-05 5.8683e-05
387713 7 34581.0 1.098e-05 5.8643e-05
387713 8 34533.0 1.1013e-05 5.8571e-05
387713 9 34526.0 1.1002e-05 5.855e-05
387713 10 34510.0 1.1058e-05 5.8521e-05
387713 11 34461.0 1.1048e-05 5.8445e-05
387713 12 34300.0 1.0848e-05 5.834e-05
387713 13 34427.0 1.1001e-05 5.838e-05
387713 14 34425.0 1.1058e-05 5.8385e-05
387713 15 33889.0 1.0814e-05 5.8293e-05
387713 16 34341.0 1.103e-05 5.8263e-05
387713 17 34385.0 1.0945e-05 5.8328e-05
387713 18 34373.0 1.1081e-05 5.8316e-05
387713 19 34356.0 1.1002e-05 5.8262e-05
387713 20 34373.0 1.0966e-05 5.828e-05
387713 21 34333.0 1.0944e-05 5.8222e-05
387713 22 34315.0 1.1008e-05 5.8178e-05
387713 23 34276.0 1.1048e-05 5.8128e-05
387713 24 34265.0 1.1124e-05 5.8112e-05
387713 25 34248.0 1.1013e-05 5.807e-05
387713 26 34159.0 1.0974e-05 5.7947e-05
387713 27 33654.0 1.0786e-05 5.7879e-05
387713 28 34173.0 1.1082e-05 5.7945e-05
387713 29 34153.0 1.1089e-05 5.7925e-05
387713 30 34094.0 1.1021e-05 5.7816e-05
387713 31 34088.0 1.1118e-05 5.7814e-05
387713 32 34149.0 1.1104e-05 5.7899e-05
387713 33 34119.0 1.0995e-05 5.7855e-05
387713 34 34099.0 1.0998e-05 5.782e-05
387713 35 10482.0 5.0774e-06 5.7368e-05
387713 36 5966.6 5.025e-06 5.7324e-05
387713 37 33872.0 1.1059e-05 5.7732e-05
387713 38 34017.0 1.1073e-05 5.7683e-05
387713 39 34002.0 1.1161e-05 5.7662e-05
387713 40 33985.0 1.1105e-05 5.7634e-05
387713 41 33918.0 1.1061e-05 5.7502e-05
387713 42 33370.0 1.0843e-05 5.7451e-05
387713 43 33925.0 1.1099e-05 5.7539e-05
387713 44 33900.0 1.1104e-05 5.7489e-05
387713 45 33848.0 1.1053e-05 5.7398e-05
387713 46 33854.0 1.1022e-05 5.7408e-05
387713 47 33871.0 1.1043e-05 5.7455e-05
387713 48 33884.0 1.1109e-05 5.7451e-05
387713 49 33859.0 1.1173e-05 5.7419e-05
387713 50 33841.0 1.0955e-05 5.7387e-05
387713 51 33833.0 1.1075e-05 5.7372e-05
387713 52 33788.0 1.1162e-05 5.7324e-05
387713 53 33762.0 1.1118e-05 5.7283e-05
387713 54 33753.0 1.1098e-05 5.7228e-05
387713 55 33258.0 1.09e-05 5.72e-05
387713 56 33664.0 1.1121e-05 5.7091e-05
387713 57 33631.0 1.0987e-05 5.71e-05
387713 58 33706.0 1.1071e-05 5.7147e-05
387713 59 33659.0 1.1158e-05 5.7089e-05
387713 60 33667.0 1.1138e-05 5.7099e-05
387713 61 33573.0 1.1116e-05 5.6931e-05
387713 62 33538.0 1.112e-05 5.6868e-05
387713 63 33627.0 1.107e-05 5.7019e-05
387713 64 33641.0 1.1111e-05 5.7039e-05
387713 65 33616.0 1.1109e-05 5.6998e-05
387713 66 33602.0 1.1103e-05 5.6972e-05
387713 67 33056.0 1.0804e-05 5.6933e-05
387713 68 33184.0 1.0996e-05 5.6903e-05
387713 69 33516.0 1.1047e-05 5.6839e-05
387713 70 33513.0 1.1096e-05 5.6813e-05
387713 71 33483.0 1.0983e-05 5.6769e-05
387713 72 33427.0 1.1102e-05 5.6697e-05
387713 73 33397.0 1.1101e-05 5.662e-05
387713 74 33332.0 1.1097e-05 5.667e-05
387713 75 33408.0 1.1125e-05 5.6668e-05
387713 76 33236.0 1.1071e-05 5.6596e-05
387713 77 33322.0 1.123e-05 5.6582e-05
387713 78 33409.0 1.1146e-05 5.664e-05
387713 79 33390.0 1.1077e-05 5.66e-05
387713 80 32881.0 1.0914e-05 5.6545e-05
387713 81 33352.0 1.1223e-05 5.6546e-05
387713 82 33339.0 1.1307e-05 5.6536e-05
387713 83 33307.0 1.115e-05 5.6471e-05
387713 84 33276.0 1.1149e-05 5.6422e-05
387713 85 33256.0 1.1166e-05 5.6388e-05
387713 86 33234.0 1.1242e-05 5.636e-05
387713 87 28305.0 9.0338e-06 5.6108e-05
387713 88 14755.0 5.305e-06 5.5787e-05
387713 89 32826.0 1.1086e-05 5.6257e-05
387713 90 33165.0 1.1176e-05 5.6231e-05
387713 91 33103.0 1.1158e-05 5.6151e-05
387713 92 33113.0 1.1088e-05 5.6144e-05
387713 93 32668.0 1.1e-05 5.619e-05
387713 94 33123.0 1.1203e-05 5.6173e-05
387713 95 33111.0 1.1301e-05 5.6146e-05
387713 96 33095.0 1.1282e-05 5.6119e-05
387713 97 33054.0 1.1242e-05 5.6102e-05
387713 98 33045.0 1.1145e-05 5.6038e-05
387713 99 33026.0 1.1253e-05 5.5999e-05
387713 100 33014.0 1.1093e-05 5.5966e-05
387713 101 32946.0 1.122e-05 5.5948e-05
387713 102 32913.0 1.1241e-05 5.5813e-05
387713 103 32912.0 1.1193e-05 5.5806e-05
387713 104 32943.0 1.1192e-05 5.5857e-05
387713 105 32919.0 1.1229e-05 5.5809e-05
387713 106 32406.0 1.0975e-05 5.5733e-05
387713 107 32886.0 1.115e-05 5.5763e-05
387713 108 32906.0 1.1188e-05 5.5794e-05
387713 109 32891.0 1.1213e-05 5.5765e-05
387713 110 32874.0 1.1287e-05 5.5738e-05
387713 111 32859.0 1.1154e-05 5.571e-05
387713 112 32848.0 1.1214e-05 5.5692e-05
387713 113 32805.0 1.1239e-05 5.5623e-05
387713 114 32789.0 1.1284e-05 5.5605e-05
387713 115 32764.0 1.1223e-05 5.5571e-05
387713 116 32737.0 1.1227e-05 5.552e-05
387713 117 32682.0 1.1372e-05 5.5419e-05
387713 118 32685.0 1.1269e-05 5.541e-05
387713 119 32219.0 1.1089e-05 5.5419e-05
387713 120 32657.0 1.1264e-05 5.5373e-05
387713 121 32611.0 1.1274e-05 5.5311e-05
387713 122 32654.0 1.1197e-05 5.5359e-05
387713 123 32648.0 1.1299e-05 5.5374e-05
387713 124 32630.0 1.1281e-05 5.5338e-05
387713 125 32616.0 1.1266e-05 5.5306e-05
387713 126 32627.0 1.1272e-05 5.5315e-05
387713 127 32600.0 1.1259e-05 5.5283e-05
387713 128 32569.0 1.134e-05 5.5239e-05
387713 129 32507.0 1.1233e-05 5.5201e-05
387713 130 32529.0 1.1363e-05 5.516e-05
387713 131 32483.0 1.121e-05 5.5083e-05
387713 132 31963.0 1.1169e-05 5.4989e-05
387713 133 32430.0 1.1217e-05 5.5018e-05
387713 134 32458.0 1.1202e-05 5.5035e-05
387713 135 32418.0 1.1346e-05 5.497e-05
387713 136 32389.0 1.1336e-05 5.4919e-05
387713 137 32437.0 1.129e-05 5.4999e-05
387713 138 32428.0 1.1222e-05 5.498e-05
387713 139 32406.0 1.1303e-05 5.495e-05
387713 140 32398.0 1.1348e-05 5.4927e-05
387713 141 32391.0 1.1386e-05 5.4917e-05
387713 142 32360.0 1.1219e-05 5.4868e-05
387713 143 32333.0 1.1247e-05 5.4819e-05
387713 144 32310.0 1.1263e-05 5.478e-05
387713 145 31816.0 1.1051e-05 5.4731e-05
387713 146 32147.0 1.142e-05 5.4653e-05
387713 147 32122.0 1.1291e-05 5.4596e-05
387713 148 32143.0 1.1346e-05 5.4648e-05
387713 149 32142.0 1.1336e-05 5.4626e-05
387713 150 32073.0 1.1293e-05 5.4512e-05
387713 151 32066.0 1.1252e-05 5.4495e-05
387713 152 32102.0 1.1408e-05 5.4595e-05
387713 153 31961.0 1.1185e-05 5.4549e-05
387713 154 32079.0 1.1294e-05 5.4537e-05
387713 155 32073.0 1.122e-05 5.4503e-05
387713 156 31840.0 1.118e-05 5.4498e-05
387713 157 31814.0 1.1196e-05 5.4455e-05
387713 158 31511.0 1.1138e-05 5.4418e-05
387713 159 32000.0 1.1346e-05 5.4383e-05
387713 160 31796.0 1.1293e-05 5.4353e-05
387713 161 31862.0 1.1184e-05 5.4213e-05
387713 162 31814.0 1.1384e-05 5.4219e-05
387713 163 31933.0 1.1273e-05 5.4262e-05
387713 164 31910.0 1.1408e-05 5.4231e-05
387713 165 31869.0 1.142e-05 5.4172e-05
387713 166 31880.0 1.1333e-05 5.4186e-05
387713 167 31903.0 1.1455e-05 5.4229e-05
387713 168 29976.0 1.0371e-05 5.4128e-05
387713 169 17723.0 5.8689e-06 5.3798e-05
387713 170 7557.1 4.7235e-06 5.3652e-05
387713 171 7428.8 4.7141e-06 5.363e-05
387713 172 31344.0 1.1025e-05 5.4018e-05
387713 173 31783.0 1.1407e-05 5.4018e-05
387713 174 31751.0 1.1481e-05 5.3986e-05
387713 175 31746.0 1.1324e-05 5.3938e-05
387713 176 31682.0 1.1355e-05 5.3835e-05
387713 177 31687.0 1.1378e-05 5.3846e-05
387713 178 31695.0 1.1505e-05 5.3895e-05
387713 179 31623.0 1.1364e-05 5.3835e-05
387713 180 31654.0 1.1432e-05 5.3792e-05
387713 181 31670.0 1.1387e-05 5.3826e-05
387713 182 31627.0 1.1317e-05 5.3831e-05
387713 183 8721.5 4.7193e-06 5.3328e-05
387713 184 31483.0 1.1237e-05 5.3778e-05
387713 185 31156.0 1.1227e-05 5.3751e-05
387713 186 31616.0 1.1382e-05 5.3732e-05
387713 187 31576.0 1.1356e-05 5.3682e-05
387713 188 25087.0 8.3728e-06 5.3522e-05
387713 189 31552.0 1.1467e-05 5.3615e-05
387713 190 31519.0 1.1337e-05 5.3561e-05
387713 191 31452.0 1.1444e-05 5.3449e-05
387713 192 14730.0 5.2345e-06 5.3032e-05
387713 193 0.0 0.0 0.0
387713 194 28811.0 1.007e-05 5.334e-05
387713 195 31296.0 1.1319e-05 5.3367e-05
387713 196 31503.0 1.1392e-05 5.3426e-05
387713 197 31514.0 1.1408e-05 5.3443e-05
387713 198 31462.0 1.1478e-05 5.3436e-05
387713 199 31045.0 1.1238e-05 5.3407e-05
387713 200 31426.0 1.1529e-05 5.3368e-05
387713 201 31447.0 1.1454e-05 5.3344e-05
387713 202 31459.0 1.1425e-05 5.336e-05
387713 203 31446.0 1.1477e-05 5.3331e-05
387713 204 31417.0 1.1616e-05 5.3292e-05
387713 205 31393.0 1.1359e-05 5.3237e-05
387713 206 31357.0 1.1428e-05 5.319e-05
387713 207 31312.0 1.1555e-05 5.3111e-05
387713 208 31273.0 1.1472e-05 5.3039e-05
387713 209 31297.0 1.1567e-05 5.3087e-05
387713 210 31264.0 1.1451e-05 5.3065e-05
387713 211 31232.0 1.1433e-05 5.2966e-05
387713 212 30743.0 1.1145e-05 5.2919e-05
387713 213 31240.0 1.1433e-05 5.3045e-05
387713 214 31258.0 1.1448e-05 5.3018e-05
387713 215 31253.0 1.1566e-05 5.3008e-05
387713 216 31196.0 1.1467e-05 5.2982e-05
387713 217 3045.1 4.618e-06 5.2455e-05
387713 218 7.0192 4.5955e-06 5.2412e-05
387713 219 3.3616 4.5924e-06 5.2373e-05
387713 220 24786.0 8.4721e-06 5.2641e-05
387713 221 31135.0 1.1548e-05 5.2816e-05
387713 222 31025.0 1.1555e-05 5.2697e-05
387713 223 31047.0 1.1525e-05 5.265e-05
387713 224 31096.0 1.1542e-05 5.2743e-05
387713 225 31075.0 1.1644e-05 5.271e-05
387713 226 31038.0 1.1582e-05 5.2648e-05
387713 227 30605.0 1.1236e-05 5.2653e-05
387713 228 31077.0 1.1475e-05 5.2723e-05
387713 229 31079.0 1.1545e-05 5.2704e-05
387713 230 31046.0 1.1472e-05 5.2676e-05
387713 231 31048.0 1.1503e-05 5.2649e-05
387713 232 31025.0 1.1593e-05 5.2624e-05
387713 233 30993.0 1.1627e-05 5.2565e-05
387713 234 30968.0 1.1612e-05 5.2523e-05
387713 235 30950.0 1.1568e-05 5.2501e-05
387713 236 30933.0 1.1569e-05 5.246e-05
387713 237 30859.0 1.1561e-05 5.235e-05
387713 238 30871.0 1.1618e-05 5.2363e-05
387713 239 30815.0 1.1488e-05 5.2402e-05
387713 240 30415.0 1.132e-05 5.2341e-05
387713 241 30830.0 1.1421e-05 5.2292e-05
387713 242 30856.0 1.1493e-05 5.2333e-05
387713 243 30868.0 1.1491e-05 5.2349e-05
387713 244 30793.0 1.1377e-05 5.2315e-05
387713 245 30843.0 1.1625e-05 5.2315e-05
387713 246 30821.0 1.1678e-05 5.2281e-05
387713 247 30749.0 1.1544e-05 5.2245e-05
387713 248 30758.0 1.1696e-05 5.2181e-05
387713 249 30754.0 1.1634e-05 5.2161e-05
387713 250 30738.0 1.1555e-05 5.2132e-05
387713 251 30689.0 1.1564e-05 5.2065e-05
387713 252 30634.0 1.1674e-05 5.1977e-05
387713 253 30212.0 1.1234e-05 5.1972e-05
387713 254 30666.0 1.1442e-05 5.2005e-05
387713 255 5836.6 4.5413e-06 5.1438e-05
387713 256 3.4256 4.5222e-06 5.1397e-05
387713 257 0.0 0.0 0.0
387713 258 27058.0 9.6822e-06 5.1849e-05
387713 259 5665.8 4.5387e-06 5.1428e-05
387713 260 30377.0 1.1481e-05 5.1929e-05
387713 261 30606.0 1.1528e-05 5.1907e-05
387713 262 30590.0 1.1719e-05 5.1888e-05
387713 263 30553.0 1.1657e-05 5.1837e-05
387713 264 30499.0 1.1724e-05 5.1811e-05
387713 265 30518.0 1.1654e-05 5.1765e-05
387713 266 30427.0 1.1645e-05 5.1668e-05
387713 267 30426.0 1.1675e-05 5.1609e-05
387713 268 3639.5 4.5198e-06 5.1123e-05
387713 269 6893.3 4.5231e-06 5.1129e-05
387713 270 29838.0 1.1357e-05 5.157e-05
387713 271 30396.0 1.1683e-05 5.1566e-05
387713 272 30446.0 1.1638e-05 5.1638e-05
387713 273 30422.0 1.1643e-05 5.1618e-05
387713 274 30415.0 1.1608e-05 5.1597e-05
387713 275 30407.0 1.1707e-05 5.158e-05
387713 276 30388.0 1.1667e-05 5.1548e-05
387713 277 30359.0 1.1718e-05 5.1511e-05
387713 278 30339.0 1.1799e-05 5.1467e-05
387713 279 25854.0 9.3742e-06 5.1273e-05
387713 280 3048.3 4.5037e-06 5.0859e-05
387713 281 2.9914 4.4645e-06 5.0768e-05
387713 282 34.266 4.4659e-06 5.0717e-05
387713 283 33.593 4.4728e-06 5.0786e-05
387713 284 34.127 4.467e-06 5.0753e-05
387713 285 33.899 4.4675e-06 5.0683e-05
387713 286 34.214 4.4674e-06 5.0691e-05
387713 287 34.107 4.4687e-06 5.0748e-05
387713 288 34.248 4.4698e-06 5.0722e-05
387713 289 1.5049 4.4651e-06 5.0706e-05
387710 1 325.45 9.4963e-06 9.6133e-05
387710 2 0.0 0.0 0.0
387710 3 0.0 0.0 0.0
387710 4 0.0 0.0 0.0
387710 5 0.0 0.0 0.0
387710 6 0.0 0.0 0.0
387710 7 0.0 0.0 0.0
387711 1 7.4384 9.3285e-06 9.4901e-05
387711 2 41430.0 9.9017e-06 9.4895e-05
387711 3 56396.0 1.1321e-05 9.4935e-05
387711 4 56343.0 1.1297e-05 9.4823e-05
387711 5 56300.0 1.1271e-05 9.4748e-05
387711 6 56324.0 1.1281e-05 9.4669e-05
387711 7 56273.0 1.1286e-05 9.4569e-05
387711 8 56208.0 1.1255e-05 9.4482e-05
387711 9 56150.0 1.1233e-05 9.4396e-05
387711 10 55585.0 1.1169e-05 9.4297e-05
387711 11 55768.0 1.1215e-05 9.4226e-05
387711 12 55687.0 1.118e-05 9.4155e-05
387711 13 55667.0 1.1202e-05 9.4056e-05
387711 14 55441.0 1.1176e-05 9.3985e-05
387711 15 54684.0 1.1122e-05 9.4044e-05
387711 16 55331.0 1.1184e-05 9.3837e-05
387711 17 55235.0 1.1156e-05 9.375e-05
387711 18 55246.0 1.1201e-05 9.3672e-05
387711 19 55203.0 1.1203e-05 9.3574e-05
387711 20 55089.0 1.1174e-05 9.3481e-05
387711 21 55123.0 1.116e-05 9.3415e-05
387711 22 21153.0 9.1193e-06 9.3077e-05
387711 23 0.0 0.0 0.0
387711 24 6.1533 9.0629e-06 9.2914e-05
387711 25 0.0 0.0 0.0
387711 26 48030.0 1.0283e-05 9.29e-05
387711 27 54828.0 1.1099e-05 9.287e-05
387711 28 54718.0 1.1085e-05 9.2809e-05
387711 29 54716.0 1.1143e-05 9.2696e-05
387711 30 54547.0 1.1055e-05 9.2574e-05
387711 31 53731.0 1.0934e-05 9.2489e-05
387711 32 54566.0 1.1137e-05 9.2435e-05
387711 33 54521.0 1.1132e-05 9.2351e-05
387711 34 54400.0 1.1058e-05 9.2229e-05
387711 35 54210.0 1.104e-05 9.2159e-05
387711 36 54379.0 1.1088e-05 9.2105e-05
387711 37 54334.0 1.1115e-05 9.2039e-05
387711 38 54282.0 1.1018e-05 9.1933e-05
387711 39 54229.0 1.1091e-05 9.1852e-05
387711 40 54149.0 1.1073e-05 9.1767e-05
387711 41 54127.0 1.1058e-05 9.1714e-05
387711 42 54128.0 1.1024e-05 9.1676e-05
387711 43 53340.0 1.092e-05 9.1624e-05
387711 44 53996.0 1.0999e-05 9.1559e-05
387711 45 54035.0 1.1024e-05 9.1482e-05
387711 46 53980.0 1.0991e-05 9.1399e-05
387711 47 54038.0 1.0999e-05 9.1528e-05
387711 48 54006.0 1.1039e-05 9.1446e-05
387711 49 53918.0 1.1004e-05 9.1324e-05
387711 50 53915.0 1.1028e-05 9.1317e-05
387711 51 53874.0 1.1037e-05 9.1238e-05
387711 52 53824.0 1.1016e-05 9.1147e-05
387711 53 53796.0 1.1017e-05 9.1096e-05
387711 54 53763.0 1.097e-05 9.1034e-05
387711 55 53720.0 1.101e-05 9.0969e-05
387711 56 52909.0 1.0873e-05 9.0873e-05
387711 57 53631.0 1.096e-05 9.0798e-05
387711 58 53585.0 1.097e-05 9.072e-05
387711 59 53553.0 1.0986e-05 9.0662e-05
387711 60 53501.0 1.0958e-05 9.0581e-05
387711 61 53464.0 1.0946e-05 9.0514e-05
387711 62 53349.0 1.0996e-05 9.0447e-05
387711 63 53384.0 1.0953e-05 9.0372e-05
387711 64 53344.0 1.0996e-05 9.0306e-05
387711 65 53302.0 1.0926e-05 9.0229e-05
387711 66 53273.0 1.0988e-05 9.0185e-05
387711 67 53210.0 1.0902e-05 9.0076e-05
387711 68 53192.0 1.0929e-05 9.0023e-05
387711 69 52366.0 1.0826e-05 8.9925e-05
387711 70 53035.0 1.0933e-05 8.986e-05
387711 71 53044.0 1.0891e-05 8.9765e-05
387711 72 52994.0 1.094e-05 8.9683e-05
387711 73 52948.0 1.087e-05 8.9626e-05
387711 74 52874.0 1.0874e-05 8.953e-05
387711 75 52740.0 1.0879e-05 8.9438e-05
387711 76 52815.0 1.0896e-05 8.9389e-05
387711 77 52714.0 1.0918e-05 8.9275e-05
387711 78 52677.0 1.0859e-05 8.9159e-05
387711 79 52615.0 1.0912e-05 8.9084e-05
387711 80 52596.0 1.0864e-05 8.9022e-05
387711 81 52549.0 1.0875e-05 8.8918e-05
387711 82 51761.0 1.0802e-05 8.8859e-05
387711 83 52447.0 1.0868e-05 8.879e-05
387711 84 52423.0 1.0792e-05 8.8705e-05
387711 85 52321.0 1.0865e-05 8.866e-05
387711 86 52359.0 1.0857e-05 8.8577e-05
387711 87 48656.0 1.0296e-05 8.8482e-05
387711 88 52255.0 1.0836e-05 8.8471e-05
387711 89 52234.0 1.0819e-05 8.8401e-05
387711 90 52219.0 1.0805e-05 8.8351e-05
387711 91 52172.0 1.0885e-05 8.8292e-05
387711 92 52122.0 1.0813e-05 8.8226e-05
387711 93 52095.0 1.086e-05 8.8163e-05
387711 94 52061.0 1.0869e-05 8.8074e-05
387711 95 51277.0 1.0673e-05 8.8006e-05
387711 96 51918.0 1.0794e-05 8.7944e-05
387711 97 51934.0 1.0814e-05 8.7865e-05
387711 98 51817.0 1.077e-05 8.7816e-05
387711 99 22616.0 8.4094e-06 8.7521e-05
387711 100 0.0 0.0 0.0
387711 101 50439.0 1.0586e-05 8.7592e-05
387711 102 51743.0 1.079e-05 8.7529e-05
387711 103 51693.0 1.0754e-05 8.744e-05
387711 104 51651.0 1.0779e-05 8.7397e-05
387711 105 51618.0 1.0815e-05 8.7311e-05
387711 106 51563.0 1.0771e-05 8.7213e-05
387711 107 51542.0 1.0799e-05 8.7163e-05
387711 108 51473.0 1.0831e-05 8.7103e-05
387711 109 50634.0 1.0666e-05 8.7012e-05
387711 110 51409.0 1.0795e-05 8.6976e-05
387711 111 31953.0 8.6363e-06 8.6704e-05
387711 112 0.0 0.0 0.0
387711 113 5.4724 8.2219e-06 8.6515e-05
387711 114 14484.0 8.2439e-06 8.6456e-05
387711 115 51250.0 1.0763e-05 8.668e-05
387711 116 51215.0 1.0777e-05 8.6639e-05
387711 117 51193.0 1.0745e-05 8.6576e-05
387711 118 51108.0 1.0742e-05 8.656e-05
387711 119 51061.0 1.0768e-05 8.649e-05
387711 120 51114.0 1.0744e-05 8.6443e-05
387711 121 51091.0 1.0741e-05 8.6396e-05
387711 122 51023.0 1.0725e-05 8.6303e-05
387711 123 51001.0 1.0778e-05 8.6252e-05
387711 124 50963.0 1.07e-05 8.6189e-05
387711 125 50166.0 1.0678e-05 8.6119e-05
387711 126 50893.0 1.0719e-05 8.606e-05
387711 127 50852.0 1.0701e-05 8.5999e-05
387711 128 50816.0 1.0724e-05 8.5921e-05
387711 129 50789.0 1.079e-05 8.5871e-05
387711 130 50749.0 1.0721e-05 8.5819e-05
387711 131 50695.0 1.0735e-05 8.5728e-05
387711 132 50644.0 1.0726e-05 8.5648e-05
387711 133 50620.0 1.0721e-05 8.559e-05
387711 134 50574.0 1.069e-05 8.5516e-05
387711 135 50529.0 1.0691e-05 8.5457e-05
387711 136 50488.0 1.067e-05 8.5365e-05
387711 137 49721.0 1.0569e-05 8.5283e-05
387711 138 50422.0 1.0691e-05 8.5242e-05
387711 139 50381.0 1.0712e-05 8.5181e-05
387711 140 50321.0 1.072e-05 8.5085e-05
387711 141 50296.0 1.0697e-05 8.5034e-05
387711 142 50209.0 1.0662e-05 8.4956e-05
387711 143 50214.0 1.0688e-05 8.4889e-05
387711 144 50185.0 1.0711e-05 8.4836e-05
387711 145 50125.0 1.0737e-05 8.4762e-05
387711 146 50076.0 1.0654e-05 8.4683e-05
387711 147 50038.0 1.0689e-05 8.4599e-05
387711 148 49996.0 1.0713e-05 8.4527e-05
387711 149 49938.0 1.0662e-05 8.4462e-05
387711 150 49179.0 1.0555e-05 8.4399e-05
387711 151 1803.7 7.9183e-06 8.4057e-05
387711 152 21127.0 7.974e-06 8.4017e-05
387711 153 49804.0 1.0628e-05 8.4198e-05
387711 154 49726.0 1.0597e-05 8.4141e-05
387711 155 49738.0 1.0653e-05 8.409e-05
387711 156 49713.0 1.0643e-05 8.4031e-05
387711 157 49664.0 1.0615e-05 8.3956e-05
387711 158 49614.0 1.0574e-05 8.3868e-05
387711 159 49565.0 1.0627e-05 8.3819e-05
387711 160 49520.0 1.0674e-05 8.3734e-05
387711 161 49444.0 1.0601e-05 8.3667e-05
387711 162 49439.0 1.0709e-05 8.36e-05
387711 163 49424.0 1.0658e-05 8.3555e-05
387711 164 48688.0 1.0493e-05 8.3477e-05
387711 165 49354.0 1.0639e-05 8.3431e-05
387711 166 49323.0 1.064e-05 8.3371e-05
387711 167 49254.0 1.0585e-05 8.3309e-05
387711 168 49197.0 1.0633e-05 8.3214e-05
387711 169 49196.0 1.0605e-05 8.3152e-05
387711 170 49164.0 1.0643e-05 8.3105e-05
387711 171 49088.0 1.0533e-05 8.2987e-05
387711 172 49018.0 1.0615e-05 8.2949e-05
387711 173 49021.0 1.0579e-05 8.2864e-05
387711 174 49012.0 1.0651e-05 8.2835e-05
387711 175 48992.0 1.0606e-05 8.2779e-05
387711 176 48875.0 1.0623e-05 8.2732e-05
387711 177 48220.0 1.0471e-05 8.2699e-05
387711 178 48928.0 1.0482e-05 8.2682e-05
387711 179 48917.0 1.0583e-05 8.2648e-05
387711 180 48698.0 1.0627e-05 8.2606e-05
387711 181 48685.0 1.0547e-05 8.2543e-05
387711 182 48695.0 1.0595e-05 8.2566e-05
387711 183 48555.0 1.0559e-05 8.2379e-05
387711 184 32878.0 8.332e-06 8.2162e-05
387711 185 48528.0 1.0642e-05 8.2298e-05
387711 186 48515.0 1.0565e-05 8.2276e-05
387711 187 48499.0 1.054e-05 8.2218e-05
387711 188 48464.0 1.0539e-05 8.2179e-05
387711 189 48451.0 1.0558e-05 8.2151e-05
387711 190 47738.0 1.0416e-05 8.2107e-05
387711 191 48394.0 1.0597e-05 8.2085e-05
387711 192 48403.0 1.0544e-05 8.2033e-05
387711 193 48357.0 1.055e-05 8.1979e-05
387711 194 48274.0 1.0542e-05 8.1951e-05
387711 195 48324.0 1.0517e-05 8.1904e-05
387711 196 48279.0 1.0549e-05 8.1834e-05
387711 197 48251.0 1.0617e-05 8.1791e-05
387711 198 48215.0 1.0574e-05 8.171e-05
387711 199 48173.0 1.0536e-05 8.1649e-05
387711 200 48162.0 1.0507e-05 8.1619e-05
387711 201 48102.0 1.0488e-05 8.1547e-05
387711 202 48076.0 1.057e-05 8.1485e-05
387711 203 47358.0 1.0375e-05 8.1411e-05
387711 204 47989.0 1.0519e-05 8.1358e-05
387711 205 47984.0 1.0557e-05 8.132e-05
387711 206 47936.0 1.0497e-05 8.1263e-05
387711 207 47997.0 1.0509e-05 8.1312e-05
387711 208 47876.0 1.054e-05 8.1154e-05
387711 209 47857.0 1.0493e-05 8.1101e-05
387711 210 47750.0 1.0468e-05 8.1022e-05
387711 211 47790.0 1.0506e-05 8.0967e-05
387711 212 47741.0 1.0557e-05 8.09e-05
387711 213 47710.0 1.0518e-05 8.084e-05
387711 214 47664.0 1.0507e-05 8.0789e-05
387711 215 47622.0 1.0511e-05 8.0712e-05
387711 216 46840.0 1.0406e-05 8.0612e-05
387711 217 47515.0 1.0562e-05 8.0581e-05
387711 218 47540.0 1.0472e-05 8.0537e-05
387711 219 47511.0 1.0537e-05 8.0491e-05
387711 220 47470.0 1.0444e-05 8.0413e-05
387711 221 47422.0 1.0516e-05 8.0334e-05
387711 222 47387.0 1.0528e-05 8.0296e-05
387711 223 47381.0 1.0477e-05 8.0262e-05
387711 224 47339.0 1.0458e-05 8.0201e-05
387711 225 47294.0 1.0509e-05 8.0145e-05
387711 226 47275.0 1.0439e-05 8.0106e-05
387711 227 47195.0 1.0538e-05 8.0042e-05
387711 228 47221.0 1.0507e-05 7.998e-05
387711 229 46491.0 1.0368e-05 7.9896e-05
387711 230 47135.0 1.0529e-05 7.9837e-05
387711 231 47085.0 1.051e-05 7.9795e-05
387711 232 47058.0 1.0473e-05 7.9728e-05
387711 233 47025.0 1.0496e-05 7.9663e-05
387711 234 47005.0 1.0518e-05 7.9603e-05
387711 235 46960.0 1.0522e-05 7.956e-05
387711 236 46932.0 1.0478e-05 7.9503e-05
387711 237 46914.0 1.047e-05 7.9436e-05
387711 238 46871.0 1.0523e-05 7.9371e-05
387711 239 46819.0 1.0475e-05 7.9286e-05
387711 240 46789.0 1.0485e-05 7.9235e-05
387711 241 46742.0 1.0441e-05 7.9188e-05
387711 242 46042.0 1.0291e-05 7.9129e-05
387711 243 46710.0 1.0539e-05 7.9092e-05
387711 244 46733.0 1.0479e-05 7.9122e-05
387711 245 14521.0 7.27e-06 7.8674e-05
387711 246 46607.0 1.0507e-05 7.8906e-05
387711 247 46579.0 1.0489e-05 7.8854e-05
387711 248 46627.0 1.0446e-05 7.8946e-05
387711 249 46514.0 1.0529e-05 7.8749e-05
387711 250 46468.0 1.0542e-05 7.8675e-05
387711 251 46425.0 1.044e-05 7.8597e-05
387711 252 46390.0 1.0455e-05 7.8533e-05
387711 253 46355.0 1.0571e-05 7.8501e-05
387711 254 46351.0 1.0502e-05 7.8461e-05
387711 255 45646.0 1.0385e-05 7.8388e-05
387711 256 46270.0 1.0509e-05 7.8345e-05
387711 257 46250.0 1.0454e-05 7.8301e-05
387711 258 46206.0 1.0406e-05 7.822e-05
387711 259 46197.0 1.0381e-05 7.8191e-05
387711 260 46157.0 1.0476e-05 7.8132e-05
387711 261 46134.0 1.0495e-05 7.8094e-05
387711 262 46097.0 1.0489e-05 7.8035e-05
387711 263 46069.0 1.0451e-05 7.7977e-05
387711 264 46019.0 1.0521e-05 7.7898e-05
387711 265 45992.0 1.049e-05 7.7852e-05
387711 266 45935.0 1.0439e-05 7.7776e-05
387711 267 45895.0 1.0472e-05 7.7701e-05
387711 268 45150.0 1.0345e-05 7.7656e-05
387711 269 45857.0 1.0525e-05 7.7623e-05
387711 270 45757.0 1.0447e-05 7.7562e-05
387711 271 45726.0 1.0488e-05 7.7518e-05
387711 272 45694.0 1.0414e-05 7.7448e-05
387711 273 45593.0 1.0442e-05 7.7402e-05
387711 274 45623.0 1.0479e-05 7.7345e-05
387711 275 45595.0 1.0356e-05 7.7277e-05
387711 276 45571.0 1.0408e-05 7.7241e-05
387711 277 45535.0 1.0393e-05 7.7181e-05
387711 278 45505.0 1.0467e-05 7.7137e-05
387711 279 23147.0 7.266e-06 7.6855e-05
387711 280 45485.0 1.0463e-05 7.708e-05
387711 281 44780.0 1.0285e-05 7.704e-05
387711 282 45451.0 1.0428e-05 7.7021e-05
387711 283 45403.0 1.0478e-05 7.6936e-05
387711 284 45368.0 1.0411e-05 7.6918e-05
387711 285 45371.0 1.0431e-05 7.6885e-05
387711 286 45328.0 1.0476e-05 7.6822e-05
387711 287 45260.0 1.0425e-05 7.6807e-05
387711 288 45257.0 1.0408e-05 7.6785e-05
387711 289 45262.0 1.0396e-05 7.6711e-05
387711 290 45262.0 1.0449e-05 7.6738e-05
387711 291 45185.0 1.0386e-05 7.6699e-05
387711 292 45258.0 1.0322e-05 7.6669e-05
387711 293 45231.0 1.0515e-05 7.6647e-05
387711 294 44550.0 1.0352e-05 7.6587e-05
387711 295 45175.0 1.0467e-05 7.6543e-05
387711 296 45161.0 1.0367e-05 7.6505e-05
387711 297 45119.0 1.0459e-05 7.6456e-05
387711 298 45106.0 1.0371e-05 7.6407e-05
387711 299 45072.0 1.0422e-05 7.6358e-05
387711 300 45059.0 1.0455e-05 7.634e-05
387711 301 45040.0 1.0448e-05 7.6301e-05
387711 302 45000.0 1.0428e-05 7.6243e-05
387711 303 44975.0 1.0443e-05 7.6191e-05
387711 304 44927.0 1.0525e-05 7.6164e-05
387711 305 44929.0 1.0471e-05 7.6109e-05
387711 306 44836.0 1.0434e-05 7.6036e-05
387711 307 44180.0 1.026e-05 7.5928e-05
387711 308 44831.0 1.045e-05 7.5941e-05
387711 309 44770.0 1.04e-05 7.5857e-05
387711 310 44770.0 1.0437e-05 7.5819e-05
387711 311 44668.0 1.0368e-05 7.5755e-05
387711 312 44663.0 1.0398e-05 7.57e-05
387711 313 44652.0 1.0465e-05 7.5635e-05
387711 314 44602.0 1.0473e-05 7.5549e-05
387711 315 44555.0 1.0352e-05 7.5505e-05
387711 316 44551.0 1.0475e-05 7.5461e-05
387711 317 44511.0 1.0453e-05 7.5401e-05
387711 318 44447.0 1.0431e-05 7.5321e-05
387711 319 44383.0 1.0432e-05 7.5162e-05
387711 320 43566.0 1.031e-05 7.499e-05
387711 321 44399.0 1.0384e-05 7.5186e-05
387711 322 44534.0 1.0476e-05 7.5444e-05
387711 323 44477.0 1.0321e-05 7.5501e-05
387711 324 44587.0 1.0466e-05 7.551e-05
387711 325 44566.0 1.046e-05 7.554e-05
387711 326 44587.0 1.045e-05 7.5513e-05
387711 327 44543.0 1.0436e-05 7.5445e-05
387711 328 44483.0 1.0369e-05 7.5441e-05
387711 329 44600.0 1.0438e-05 7.5538e-05
387711 330 44596.0 1.0479e-05 7.5533e-05
387711 331 44533.0 1.0445e-05 7.5539e-05
387711 332 44577.0 1.042e-05 7.5495e-05
387711 333 43869.0 1.0241e-05 7.5437e-05
387711 334 44478.0 1.0393e-05 7.5318e-05
387711 335 44417.0 1.0395e-05 7.5243e-05
387711 336 44230.0 1.0414e-05 7.5029e-05
387711 337 44244.0 1.0477e-05 7.4935e-05
387711 338 44156.0 1.0395e-05 7.4943e-05
387711 339 44262.0 1.035e-05 7.4939e-05
387711 340 44046.0 1.0458e-05 7.4693e-05
387711 341 44147.0 1.0479e-05 7.4775e-05
387711 342 44228.0 1.0432e-05 7.489e-05
387711 343 44197.0 1.0402e-05 7.4841e-05
387711 344 44160.0 1.0488e-05 7.4786e-05
387711 345 44180.0 1.0469e-05 7.4826e-05
387711 346 43550.0 1.0279e-05 7.4806e-05
387711 347 44167.0 1.037e-05 7.4768e-05
387711 348 44131.0 1.038e-05 7.4727e-05
387711 349 44067.0 1.0441e-05 7.4609e-05
387711 350 44009.0 1.0458e-05 7.4545e-05
387711 351 43919.0 1.0409e-05 7.4356e-05
387711 352 43860.0 1.0489e-05 7.4363e-05
387711 353 43763.0 1.0388e-05 7.4329e-05
387711 354 43792.0 1.0483e-05 7.4198e-05
387711 355 43739.0 1.0426e-05 7.4038e-05
387711 356 43809.0 1.0434e-05 7.4169e-05
387711 357 43824.0 1.0404e-05 7.4187e-05
387711 358 43159.0 1.0293e-05 7.413e-05
387711 359 43778.0 1.0441e-05 7.4118e-05
387711 360 43760.0 1.0437e-05 7.4157e-05
387711 361 43791.0 1.0478e-05 7.4141e-05
387711 362 43700.0 1.0357e-05 7.4076e-05
387711 363 43724.0 1.0436e-05 7.4027e-05
387711 364 43676.0 1.0378e-05 7.3937e-05
387711 365 43609.0 1.045e-05 7.3832e-05
387711 366 43527.0 1.0451e-05 7.3708e-05
387711 367 43516.0 1.0467e-05 7.3694e-05
387711 368 43513.0 1.0474e-05 7.3668e-05
387711 369 43406.0 1.0468e-05 7.3509e-05
387711 370 43369.0 1.054e-05 7.3408e-05
387711 371 42809.0 1.0301e-05 7.352e-05
387711 372 43433.0 1.0381e-05 7.3514e-05
387711 373 43392.0 1.0467e-05 7.3457e-05
387711 374 43367.0 1.046e-05 7.3417e-05
387711 375 43409.0 1.0415e-05 7.3476e-05
387711 376 43263.0 1.0426e-05 7.3431e-05
387711 377 43361.0 1.039e-05 7.3388e-05
387711 378 43308.0 1.0318e-05 7.3307e-05
387711 379 43257.0 1.0458e-05 7.3231e-05
387711 380 43105.0 1.0429e-05 7.3089e-05
387711 381 43150.0 1.0459e-05 7.3051e-05
387711 382 43144.0 1.0448e-05 7.306e-05
387711 383 43140.0 1.048e-05 7.3017e-05
387711 384 42348.0 1.024e-05 7.2789e-05
387711 385 42996.0 1.0462e-05 7.2777e-05
387711 386 43083.0 1.0424e-05 7.2934e-05
387711 387 43055.0 1.0402e-05 7.2874e-05
387711 388 43016.0 1.0452e-05 7.2807e-05
387711 389 42999.0 1.0444e-05 7.2812e-05
387711 390 43035.0 1.0431e-05 7.2837e-05
387711 391 43013.0 1.0337e-05 7.2797e-05
387711 392 42997.0 1.0527e-05 7.2773e-05
387711 393 42924.0 1.0412e-05 7.2666e-05
387711 394 42890.0 1.0466e-05 7.2594e-05
387711 395 9063.0 6.5033e-06 7.2076e-05
387711 396 15508.0 6.5282e-06 7.2049e-05
387711 397 42748.0 1.0431e-05 7.2349e-05
387711 398 42094.0 1.0305e-05 7.2264e-05
387711 399 42530.0 1.0437e-05 7.2064e-05
387711 400 42561.0 1.0468e-05 7.2106e-05
387711 401 42621.0 1.0511e-05 7.2219e-05
387711 402 42573.0 1.0502e-05 7.2153e-05
387711 403 42541.0 1.0435e-05 7.209e-05
387711 404 42542.0 1.049e-05 7.2133e-05
387711 405 42560.0 1.043e-05 7.2135e-05
387711 406 42575.0 1.0464e-05 7.2134e-05
387711 407 42537.0 1.0423e-05 7.209e-05
387711 408 42489.0 1.0446e-05 7.2016e-05
387711 409 42474.0 1.0426e-05 7.1966e-05
387711 410 42403.0 1.0404e-05 7.1859e-05
387711 411 41735.0 1.0244e-05 7.1786e-05
387711 412 36531.0 8.9385e-06 7.1553e-05
387711 413 0.0 0.0 0.0
387711 414 41666.0 1.0278e-05 7.1627e-05
387711 415 42201.0 1.041e-05 7.1504e-05
387711 416 42084.0 1.0432e-05 7.1405e-05
387711 417 42207.0 1.0465e-05 7.1542e-05
387711 418 42185.0 1.0377e-05 7.1536e-05
387711 419 42193.0 1.0487e-05 7.1481e-05
387711 420 42166.0 1.046e-05 7.1439e-05
387711 421 6578.9 6.4099e-06 7.1144e-05
387711 422 41230.0 1.021e-05 7.1426e-05
387711 423 42152.0 1.0448e-05 7.1408e-05
387711 424 42120.0 1.0419e-05 7.1342e-05
387711 425 42056.0 1.048e-05 7.1257e-05
387711 426 41368.0 1.0236e-05 7.1125e-05
387711 427 41943.0 1.0482e-05 7.1045e-05
387711 428 41943.0 1.0439e-05 7.1045e-05
387711 429 41918.0 1.0435e-05 7.1005e-05
387711 430 41804.0 1.0384e-05 7.0842e-05
387711 431 41737.0 1.0474e-05 7.0758e-05
387711 432 41875.0 1.0501e-05 7.0925e-05
387711 433 41848.0 1.0468e-05 7.0884e-05
387711 434 41799.0 1.0488e-05 7.0817e-05
387711 435 41796.0 1.0432e-05 7.0799e-05
387711 436 41831.0 1.0456e-05 7.0856e-05
387711 437 41795.0 1.0402e-05 7.0816e-05
387711 438 41787.0 1.0456e-05 7.0781e-05
387711 439 41144.0 1.0327e-05 7.0696e-05
387711 440 41696.0 1.0446e-05 7.0617e-05
387711 441 41490.0 1.0463e-05 7.0483e-05
387711 442 41563.0 1.0498e-05 7.04e-05
387711 443 41556.0 1.0487e-05 7.0398e-05
387711 444 41519.0 1.0516e-05 7.0352e-05
387711 445 41402.0 1.049e-05 7.012e-05
387711 446 41387.0 1.0537e-05 7.0115e-05
387711 447 41500.0 1.0468e-05 7.0275e-05
387711 448 41468.0 1.0402e-05 7.0225e-05
387711 449 41421.0 1.0485e-05 7.018e-05
387711 450 41443.0 1.04e-05 7.0183e-05
387711 451 41436.0 1.0489e-05 7.0211e-05
387711 452 36320.0 9.0996e-06 7.0093e-05
387711 453 37102.0 9.2372e-06 7.0079e-05
387711 454 41366.0 1.0493e-05 7.0055e-05
387711 455 41274.0 1.0492e-05 6.9994e-05
387711 456 41230.0 1.044e-05 6.9828e-05
387711 457 41213.0 1.0441e-05 6.9789e-05
387711 458 41219.0 1.0416e-05 6.979e-05
387711 459 41160.0 1.0501e-05 6.9713e-05
387711 460 41076.0 1.0403e-05 6.9551e-05
387711 461 41108.0 1.0453e-05 6.9606e-05
387711 462 41151.0 1.0528e-05 6.97e-05
387711 463 41120.0 1.0491e-05 6.9649e-05
387711 464 41085.0 1.0539e-05 6.9585e-05
387711 465 40496.0 1.0247e-05 6.9598e-05
387711 466 30021.0 7.7184e-06 6.9412e-05
387711 467 41092.0 1.0551e-05 6.958e-05
387711 468 41065.0 1.0473e-05 6.9531e-05
387711 469 40995.0 1.0564e-05 6.9426e-05
387711 470 40938.0 1.0459e-05 6.9363e-05
387711 471 40859.0 1.0459e-05 6.9198e-05
387711 472 40847.0 1.0513e-05 6.9181e-05
387711 473 40790.0 1.049e-05 6.9166e-05
387711 474 40764.0 1.0525e-05 6.905e-05
387711 475 40672.0 1.0488e-05 6.893e-05
387711 476 40771.0 1.0516e-05 6.9041e-05
387711 477 40800.0 1.0568e-05 6.9081e-05
387711 478 40190.0 1.0242e-05 6.902e-05
387711 479 40769.0 1.0562e-05 6.9029e-05
387711 480 40784.0 1.0562e-05 6.9071e-05
387711 481 40782.0 1.0545e-05 6.9045e-05
387711 482 40760.0 1.0501e-05 6.901e-05
387711 483 40713.0 1.0441e-05 6.8945e-05
387711 484 40677.0 1.0538e-05 6.8859e-05
387711 485 40615.0 1.0541e-05 6.8755e-05
387711 486 40484.0 1.0477e-05 6.8621e-05
387711 487 40487.0 1.0509e-05 6.8635e-05
387711 488 40467.0 1.0399e-05 6.8592e-05
387711 489 40303.0 1.0409e-05 6.8424e-05
387711 490 27175.0 7.2871e-06 6.8108e-05
387711 491 0.0 0.0 0.0
387711 492 4.507 6.0606e-06 6.8123e-05
387711 493 13.964 6.0564e-06 6.8077e-05
387711 494 12.476 6.0556e-06 6.8046e-05
387711 495 14096.0 6.1176e-06 6.8115e-05
387711 496 40363.0 1.0506e-05 6.8431e-05
387711 497 40362.0 1.0521e-05 6.8422e-05
387711 498 40335.0 1.0534e-05 6.8365e-05
387711 499 40284.0 1.0532e-05 6.8308e-05
387711 500 40260.0 1.0552e-05 6.8251e-05
387711 501 40244.0 1.0521e-05 6.8208e-05
387711 502 40138.0 1.0514e-05 6.8045e-05
387711 503 40126.0 1.0421e-05 6.7997e-05
387711 504 40166.0 1.0574e-05 6.8094e-05
387711 505 40145.0 1.0566e-05 6.8042e-05
387711 506 39511.0 1.0368e-05 6.7923e-05
387711 507 40090.0 1.0545e-05 6.7954e-05
387711 508 40114.0 1.0476e-05 6.7995e-05
387711 509 40090.0 1.0542e-05 6.7952e-05
387711 510 40066.0 1.052e-05 6.7903e-05
387711 511 40047.0 1.0545e-05 6.7877e-05
387711 512 40030.0 1.0527e-05 6.7843e-05
387711 513 39971.0 1.049e-05 6.774e-05
387711 514 39934.0 1.0486e-05 6.7687e-05
387711 515 39922.0 1.0533e-05 6.766e-05
387711 516 39891.0 1.0508e-05 6.7596e-05
387711 517 39796.0 1.0546e-05 6.7437e-05
387711 518 39766.0 1.0485e-05 6.7437e-05
387711 519 39215.0 1.0309e-05 6.747e-05
387711 520 39672.0 1.0535e-05 6.7424e-05
387711 521 39741.0 1.0544e-05 6.7342e-05
387711 522 39760.0 1.0566e-05 6.7375e-05
387711 523 39768.0 1.0534e-05 6.7396e-05
387711 524 39744.0 1.0565e-05 6.7354e-05
387711 525 39711.0 1.058e-05 6.7313e-05
387711 526 39706.0 1.0551e-05 6.7288e-05
387711 527 39697.0 1.0554e-05 6.7254e-05
387711 528 39641.0 1.0552e-05 6.7168e-05
387711 529 39618.0 1.055e-05 6.7132e-05
387711 530 39572.0 1.0564e-05 6.7062e-05
387711 531 39505.0 1.0523e-05 6.6973e-05
387711 532 38826.0 1.036e-05 6.683e-05
387711 533 39430.0 1.0517e-05 6.6854e-05
387711 534 39408.0 1.0477e-05 6.6854e-05
387711 535 39378.0 1.0501e-05 6.6756e-05
387711 536 34320.0 8.9914e-06 6.6573e-05
387711 537 3.9746 5.8842e-06 6.6406e-05
387711 538 16224.0 6.0389e-06 6.6442e-05
387711 539 39391.0 1.0639e-05 6.6738e-05
387711 540 39349.0 1.0543e-05 6.6696e-05
387711 541 39365.0 1.0595e-05 6.6705e-05
387711 542 39352.0 1.0555e-05 6.6663e-05
387711 543 39309.0 1.0592e-05 6.6613e-05
387711 544 39281.0 1.053e-05 6.6547e-05
387711 545 39234.0 1.053e-05 6.6473e-05
387711 546 38599.0 1.0459e-05 6.635e-05
387711 547 39091.0 1.0611e-05 6.625e-05
387711 548 39138.0 1.0574e-05 6.6306e-05
387711 549 39137.0 1.0599e-05 6.6306e-05
387711 550 39084.0 1.066e-05 6.6204e-05
387711 551 39034.0 1.0578e-05 6.6145e-05
387711 552 39117.0 1.0549e-05 6.6272e-05
387711 553 39094.0 1.063e-05 6.6238e-05
387711 554 39073.0 1.0586e-05 6.6203e-05
387711 555 38976.0 1.0667e-05 6.617e-05
387711 556 39039.0 1.0638e-05 6.6134e-05
387711 557 38995.0 1.0616e-05 6.6058e-05
387711 558 38947.0 1.0451e-05 6.5984e-05
387711 559 38372.0 1.0406e-05 6.5934e-05
387711 560 38903.0 1.0649e-05 6.5908e-05
387711 561 38807.0 1.059e-05 6.5743e-05
387711 562 38706.0 1.0567e-05 6.5682e-05
387711 563 38832.0 1.059e-05 6.5778e-05
387711 564 38804.0 1.0643e-05 6.5744e-05
387711 565 38739.0 1.0615e-05 6.5619e-05
387711 566 38737.0 1.0629e-05 6.5616e-05
387711 567 38760.0 1.0556e-05 6.5698e-05
387711 568 38767.0 1.0609e-05 6.5671e-05
387711 569 38746.0 1.0623e-05 6.5637e-05
387711 570 38729.0 1.0643e-05 6.5609e-05
387711 571 38709.0 1.064e-05 6.5574e-05
387711 572 38107.0 1.0372e-05 6.5493e-05
387711 573 38648.0 1.0664e-05 6.5476e-05
387711 574 38616.0 1.0646e-05 6.5402e-05
387711 575 38578.0 1.0592e-05 6.5353e-05
387711 576 38468.0 1.0634e-05 6.5154e-05
387711 577 38469.0 1.07e-05 6.5168e-05
387711 578 38491.0 1.0539e-05 6.5184e-05
387711 579 38444.0 1.0586e-05 6.5113e-05
387711 580 38377.0 1.0721e-05 6.5006e-05
387711 581 38394.0 1.0613e-05 6.5058e-05
387711 582 38458.0 1.0694e-05 6.5137e-05
387711 583 38444.0 1.0571e-05 6.5104e-05
387711 584 38423.0 1.0556e-05 6.5102e-05
387711 585 37840.0 1.041e-05 6.5027e-05
387711 586 38385.0 1.06e-05 6.5007e-05
387711 587 38396.0 1.0636e-05 6.5038e-05
387711 588 38380.0 1.0631e-05 6.5006e-05
387711 589 38336.0 1.0665e-05 6.4939e-05
387711 590 38303.0 1.0597e-05 6.4882e-05
387711 591 38271.0 1.0678e-05 6.4812e-05
387711 592 38202.0 1.0597e-05 6.4717e-05
387711 593 38131.0 1.066e-05 6.4585e-05
387711 594 38166.0 1.0604e-05 6.4634e-05
387711 595 38161.0 1.0689e-05 6.4649e-05
387711 596 38111.0 1.0689e-05 6.4549e-05
387711 597 38092.0 1.0625e-05 6.4497e-05
387711 598 37602.0 1.0439e-05 6.461e-05
387711 599 38150.0 1.064e-05 6.4603e-05
387711 600 38125.0 1.0568e-05 6.4578e-05
387711 601 38045.0 1.0773e-05 6.4556e-05
387711 602 38088.0 1.0696e-05 6.4514e-05
387711 603 38057.0 1.0716e-05 6.4454e-05
387711 604 38075.0 1.0642e-05 6.4473e-05
387711 605 37955.0 1.068e-05 6.4296e-05
387711 606 37910.0 1.0606e-05 6.4214e-05
387711 607 37937.0 1.0643e-05 6.4234e-05
387711 608 37913.0 1.0663e-05 6.4211e-05
387711 609 37806.0 1.0612e-05 6.4035e-05
387711 610 37777.0 1.0672e-05 6.3968e-05
387711 611 37285.0 1.0445e-05 6.4064e-05
387711 612 37807.0 1.0637e-05 6.4028e-05
387711 613 37752.0 1.0679e-05 6.3936e-05
387711 614 37730.0 1.0611e-05 6.3943e-05
387711 615 37815.0 1.0688e-05 6.4033e-05
387711 616 37753.0 1.0615e-05 6.399e-05
387711 617 37739.0 1.0697e-05 6.3973e-05
387711 618 37751.0 1.0653e-05 6.3929e-05
387711 619 37729.0 1.0726e-05 6.39e-05
387711 620 37683.0 1.0671e-05 6.382e-05
387711 621 37650.0 1.0768e-05 6.378e-05
387711 622 37627.0 1.0647e-05 6.3713e-05
387711 623 37581.0 1.0681e-05 6.365e-05
387711 624 36910.0 1.0565e-05 6.3461e-05
387711 625 37479.0 1.0672e-05 6.3486e-05
387711 626 37531.0 1.0755e-05 6.3555e-05
387711 627 37465.0 1.0761e-05 6.3482e-05
387711 628 37427.0 1.0712e-05 6.3396e-05
387711 629 37438.0 1.0611e-05 6.3437e-05
387711 630 37486.0 1.0661e-05 6.3477e-05
387711 631 37457.0 1.0638e-05 6.345e-05
387711 632 37457.0 1.065e-05 6.3425e-05
387711 633 37424.0 1.0713e-05 6.3392e-05
387711 634 37418.0 1.0681e-05 6.3364e-05
387711 635 37368.0 1.0741e-05 6.3285e-05
387711 636 36810.0 1.0499e-05 6.3232e-05
387711 637 37302.0 1.0607e-05 6.3147e-05
387711 638 37183.0 1.0721e-05 6.3062e-05
387711 639 37153.0 1.0803e-05 6.2915e-05
387711 640 37170.0 1.0677e-05 6.2935e-05
387711 641 37185.0 1.0742e-05 6.2972e-05
387711 642 37144.0 1.0657e-05 6.2887e-05
387711 643 37109.0 1.0798e-05 6.2848e-05
387711 644 37190.0 1.0681e-05 6.298e-05
387711 645 37229.0 1.0691e-05 6.3031e-05
387711 646 37206.0 1.0657e-05 6.3016e-05
387711 647 37184.0 1.0764e-05 6.2992e-05
387711 648 37152.0 1.0809e-05 6.2916e-05
387711 649 36595.0 1.0552e-05 6.2888e-05
387711 650 37131.0 1.071e-05 6.2897e-05
387711 651 37094.0 1.0666e-05 6.2832e-05
387711 652 37061.0 1.0751e-05 6.2774e-05
387711 653 37067.0 1.0754e-05 6.2769e-05
387711 654 37032.0 1.0738e-05 6.2752e-05
387711 655 36937.0 1.0731e-05 6.2649e-05
387711 656 36958.0 1.0745e-05 6.2588e-05
387711 657 36985.0 1.0779e-05 6.2632e-05
387711 658 36975.0 1.0738e-05 6.2604e-05
387711 659 36908.0 1.0784e-05 6.25e-05
387711 660 36909.0 1.0752e-05 6.2491e-05
387711 661 36928.0 1.0751e-05 6.2528e-05
387711 662 36352.0 1.0617e-05 6.2463e-05
387711 663 36860.0 1.0724e-05 6.2411e-05
387711 664 36850.0 1.0713e-05 6.24e-05
387711 665 36847.0 1.0813e-05 6.2397e-05
387711 666 36808.0 1.0744e-05 6.2321e-05
387711 667 36731.0 1.0808e-05 6.2284e-05
387711 668 36777.0 1.0825e-05 6.2276e-05
387711 669 36757.0 1.0738e-05 6.2237e-05
387711 670 36686.0 1.0787e-05 6.2127e-05
387711 671 36665.0 1.0728e-05 6.2101e-05
387711 672 36690.0 1.0788e-05 6.2131e-05
387711 673 36653.0 1.0866e-05 6.208e-05
387711 674 36612.0 1.0777e-05 6.1985e-05
387711 675 36075.0 1.0596e-05 6.1978e-05
387711 676 36551.0 1.0858e-05 6.2018e-05
387711 677 36500.0 1.0796e-05 6.1961e-05
387711 678 36468.0 1.0776e-05 6.1903e-05
387711 679 36475.0 1.0743e-05 6.1913e-05
387711 680 36472.0 1.0841e-05 6.1913e-05
387711 681 36399.0 1.0672e-05 6.1837e-05
387711 682 36372.0 1.0755e-05 6.1808e-05
387711 683 36415.0 1.0773e-05 6.1778e-05
387711 684 36386.0 1.0744e-05 6.1723e-05
387711 685 36323.0 1.0808e-05 6.1617e-05
387711 686 36317.0 1.0769e-05 6.1607e-05
387711 687 36326.0 1.0794e-05 6.1616e-05
387711 688 35755.0 1.0592e-05 6.1527e-05
387711 689 36224.0 1.0776e-05 6.1459e-05
387711 690 36253.0 1.08e-05 6.1509e-05
387711 691 36211.0 1.0712e-05 6.1511e-05
387711 692 36203.0 1.0718e-05 6.1445e-05
387711 693 36192.0 1.0728e-05 6.1403e-05
387711 694 36215.0 1.0834e-05 6.1449e-05
387711 695 36223.0 1.0776e-05 6.1459e-05
387711 696 36145.0 1.0818e-05 6.1409e-05
387711 697 36182.0 1.0855e-05 6.1379e-05
387711 698 36153.0 1.0836e-05 6.1333e-05
387711 699 36117.0 1.0851e-05 6.1264e-05
387711 700 36063.0 1.0844e-05 6.1175e-05
387711 701 35574.0 1.0598e-05 6.1201e-05
387711 702 36097.0 1.0855e-05 6.1228e-05
387711 703 36042.0 1.0696e-05 6.1132e-05
387711 704 35968.0 1.0689e-05 6.1091e-05
387711 705 36056.0 1.0793e-05 6.1157e-05
387711 706 36042.0 1.0875e-05 6.1142e-05
387711 707 36010.0 1.0826e-05 6.1075e-05
387711 708 35990.0 1.0904e-05 6.105e-05
387711 709 35987.0 1.09e-05 6.1054e-05
387711 710 35953.0 1.0796e-05 6.0998e-05
387711 711 35962.0 1.0899e-05 6.1017e-05
387711 712 35863.0 1.0858e-05 6.0836e-05
387711 713 35817.0 1.087e-05 6.0753e-05
387711 714 35346.0 1.0634e-05 6.0815e-05
387711 715 35857.0 1.0755e-05 6.0822e-05
387711 716 35794.0 1.0757e-05 6.0715e-05
387711 717 35774.0 1.0731e-05 6.0663e-05
387711 718 35794.0 1.0839e-05 6.0719e-05
387711 719 35755.0 1.0877e-05 6.0679e-05
387711 720 35709.0 1.0921e-05 6.0581e-05
387711 721 35717.0 1.0828e-05 6.0577e-05
387711 722 35720.0 1.0954e-05 6.0629e-05
387711 723 35718.0 1.0895e-05 6.0583e-05
387711 724 35684.0 1.0806e-05 6.0524e-05
387711 725 35698.0 1.0806e-05 6.0525e-05
387711 726 35674.0 1.0867e-05 6.0519e-05
387711 727 35137.0 1.0596e-05 6.0431e-05
387711 728 35545.0 1.0827e-05 6.0403e-05
387711 729 35655.0 1.0889e-05 6.0471e-05
387711 730 35586.0 1.0929e-05 6.0366e-05
387711 731 35500.0 1.0794e-05 6.0223e-05
387711 732 35506.0 1.0972e-05 6.023e-05
387711 733 1690.9 5.2587e-06 5.9815e-05
387711 734 16158.0 5.595e-06 5.9814e-05
387711 735 20802.0 6.2613e-06 5.9797e-05
387711 736 214.99 5.2315e-06 5.972e-05
387711 737 31036.0 9.1101e-06 6.0039e-05
387711 738 35445.0 1.0812e-05 6.0095e-05
387711 739 35009.0 1.0702e-05 6.0054e-05
387711 740 15449.0 5.5207e-06 5.9686e-05
387711 741 5935.5 5.2414e-06 5.9611e-05
387711 742 32627.0 9.767e-06 5.9905e-05
387711 743 3.7102 5.2077e-06 5.9521e-05
387711 744 8.1883 5.2035e-06 5.9498e-05
387711 745 3.5887 5.2046e-06 5.9441e-05
387711 746 23295.0 6.8257e-06 5.9501e-05
387711 747 35254.0 1.0909e-05 5.9789e-05
387711 748 35236.0 1.0827e-05 5.9778e-05
387711 749 35194.0 1.0891e-05 5.9687e-05
387711 750 35160.0 1.0956e-05 5.964e-05
387711 751 35201.0 1.0912e-05 5.9698e-05
387711 752 35192.0 1.0964e-05 5.9698e-05
387711 753 35148.0 1.0946e-05 5.9637e-05
387711 754 35149.0 1.0914e-05 5.9606e-05
387711 755 25255.0 7.3822e-06 5.9378e-05
387711 756 3.6761 5.179e-06 5.9147e-05
387711 757 17299.0 5.7103e-06 5.9233e-05
387711 758 13627.0 5.3618e-06 5.9053e-05
387570 1 88.713 0.00014466 0.00023134
387570 2 90.591 0.0001484 0.00023736
387570 3 91.475 0.00014924 0.00023858
387570 4 91.586 0.00014925 0.00023871
387570 5 91.674 0.00014946 0.000239
387570 6 90.68 0.00014873 0.00023787
387570 7 89.831 0.00014729 0.00023559
387570 8 90.853 0.00014907 0.00023837
387570 9 90.505 0.00014855 0.00023756
387570 10 90.952 0.00014919 0.00023859
387570 11 90.44 0.00014834 0.00023724
387570 12 62.476 0.00012353 0.00019756
387570 13 0.10102 5.4422e-07 1.54e-05
387570 14 80.945 6.8386e-05 6.0193e-05
387570 15 86.366 0.00014372 0.00022984
387570 16 88.803 0.00014641 0.00023414
387570 17 88.984 0.00014603 0.00023348
387570 18 91.231 0.00014961 0.00023928
387570 19 91.141 0.00014953 0.00023911
387570 20 90.421 0.00014836 0.00023723
387570 21 90.122 0.0001478 0.00023639
387570 22 90.17 0.00014791 0.00023653
387570 23 89.068 0.00014606 0.00023361
387570 24 90.756 0.00014896 0.00023816
387570 25 91.255 0.00014973 0.00023941
387570 26 89.791 0.00014732 0.00023558
387570 27 86.38 0.00014376 0.00022989
387570 28 90.776 0.0001489 0.00023813
387570 29 90.479 0.00014839 0.00023734
387570 30 90.79 0.00014899 0.00023822
387570 31 90.419 0.00014838 0.00023725
387570 32 88.91 0.00014583 0.00023322
387570 33 90.58 0.00014856 0.00023759
387570 34 88.876 0.00014576 0.00023312
387570 35 89.477 0.00014676 0.0002347
387570 36 89.385 0.00014662 0.00023448
387570 37 89.048 0.00014611 0.00023364
387570 38 89.596 0.00014699 0.00023505
387570 39 90.392 0.0001483 0.00023715
387570 40 88.095 0.00014662 0.00023447
387570 41 89.011 0.000146 0.00023349
387570 42 89.771 0.00014735 0.00023558
387570 43 90.921 0.00014907 0.00023844
387570 44 90.211 0.00014792 0.00023661
387570 45 89.359 0.00014659 0.00023442
387570 46 91.05 0.00014931 0.00023881
387570 47 89.944 0.00014748 0.0002359
387570 48 89.68 0.0001472 0.0002354
387570 49 90.12 0.00014784 0.00023643
387570 50 91.112 0.00014945 0.00023901
387570 51 88.891 0.00014583 0.0002332
387570 52 89.901 0.00014748 0.00023585
387570 53 88.205 0.00014686 0.00023481
387570 54 90.261 0.00014807 0.00023679
387570 55 91.083 0.00014946 0.00023898
387570 56 90.136 0.00014783 0.00023643
387570 57 90.294 0.00014819 0.00023694
387570 58 89.57 0.00014693 0.00023496
387570 59 91.024 0.00014935 0.00023882
387570 60 91.1 0.00014947 0.00023902
387570 61 88.914 0.00014579 0.00023319
387570 62 90.334 0.00014815 0.00023695
387570 63 90.867 0.00014899 0.00023831
387570 64 88.982 0.00014604 0.00023348
387570 65 90.774 0.00014891 0.00023814
387570 66 88.626 0.00014754 0.00023591
387570 67 90.136 0.0001479 0.00023649
387570 68 89.737 0.00014724 0.00023544
387570 69 88.958 0.00014595 0.00023338
387570 70 90.088 0.00014781 0.00023636
387570 71 90.342 0.0001483 0.00023708
387570 72 89.547 0.00014695 0.00023495
387570 73 89.47 0.00014677 0.00023471
387570 74 89.011 0.00014602 0.0002335
387570 75 91.081 0.00014946 0.00023898
387570 76 88.986 0.00014607 0.00023352
387570 77 90.164 0.00014791 0.00023653
387570 78 91.08 0.00014943 0.00023896
387570 79 87.601 0.00014581 0.00023316
387570 80 89.903 0.00014751 0.00023588
387570 81 90.671 0.00014876 0.00023787
387570 82 91.071 0.00014941 0.00023892
387570 83 89.408 0.00014662 0.00023451
387570 84 91.03 0.00014927 0.00023875
387570 85 90.257 0.00014804 0.00023677
387570 86 91.122 0.00014942 0.00023899
387570 87 90.212 0.00014805 0.00023671
387570 88 90.753 0.0001489 0.0002381
387570 89 91.239 0.0001497 0.00023937
387570 90 91.012 0.00014927 0.00023873
387570 91 89.056 0.00014622 0.00023374
387570 92 87.477 0.00014554 0.00023277
387570 93 90.262 0.0001481 0.00023682
387570 94 90.782 0.00014893 0.00023815
387570 95 88.874 0.00014575 0.0002331
387570 96 90.129 0.00014792 0.0002365
387570 97 90.605 0.00014865 0.0002377
387570 98 89.76 0.00014725 0.00023548
387570 99 89.533 0.00014687 0.00023487
387570 100 90.766 0.00014892 0.00023812
387570 101 90.333 0.00014825 0.00023703
387570 102 90.805 0.00014889 0.00023814
387570 103 90.949 0.00014915 0.00023856
387570 104 90.709 0.000149 0.00023829
387570 105 86.997 0.00014478 0.00023153
387570 106 89.941 0.00014747 0.00023589
387570 107 91.037 0.00014936 0.00023884
387570 108 88.958 0.00014591 0.00023334
387570 109 89.097 0.00014613 0.00023371
387570 110 88.84 0.00014566 0.00023299
387570 111 89.355 0.0001466 0.00023443
387570 112 90.79 0.00014892 0.00023815
387570 113 89.383 0.00014656 0.00023442
387570 114 89.219 0.0001463 0.00023401
387570 115 88.979 0.00014593 0.00023339
387570 116 91.073 0.00014939 0.00023891
387570 117 89.093 0.00014616 0.00023372
387570 118 87.473 0.00014554 0.00023277
387570 119 90.416 0.00014828 0.00023717
387570 120 91.175 0.00014959 0.0002392
387570 121 90.257 0.00014804 0.00023676
387570 122 88.837 0.00014567 0.00023299
387570 123 91.18 0.00014954 0.00023916
387570 124 90.436 0.00014834 0.00023724
387570 125 90.96 0.00014919 0.0002386
387570 126 90.982 0.00014916 0.0002386
387570 127 89.619 0.00014699 0.00023509
387570 128 90.531 0.00014849 0.00023747
387570 129 90.756 0.00014889 0.0002381
387570 130 89.573 0.00014691 0.00023495
387570 131 88.539 0.00014745 0.00023579
387570 132 89.819 0.00014735 0.00023564
387570 133 89.693 0.00014707 0.00023525
387570 134 89.328 0.00014649 0.0002343
387570 135 89.253 0.00014639 0.00023412
387570 136 91.082 0.00014933 0.00023886
387570 137 88.889 0.00014581 0.00023319
387570 138 91.094 0.00014941 0.00023895
387570 139 89.952 0.00014754 0.00023596
387570 140 90.767 0.00014883 0.00023806
387570 141 91.141 0.00014954 0.00023911
387570 142 90.24 0.00014802 0.00023673
387570 143 89.473 0.00014684 0.00023477
387570 144 88.511 0.0001473 0.00023556
387570 145 90.376 0.00014834 0.00023716
387570 146 91.187 0.00014959 0.00023921
387570 147 89.427 0.00014668 0.00023459
387570 148 90.867 0.00014896 0.00023828
387570 149 89.504 0.00014683 0.00023479
387570 150 90.955 0.00014919 0.00023859
387570 151 88.432 0.00014496 0.00023189
387570 152 90.735 0.00014906 0.00023838
387570 153 90.148 0.00014785 0.00023646
387570 154 89.872 0.00014763 0.00023609
387570 155 89.265 0.00014649 0.00023423
387570 156 88.323 0.00014702 0.00023509
387570 157 89.108 0.00014614 0.00023373
387570 158 90.142 0.0001479 0.0002365
387570 159 91.016 0.0001493 0.00023876
387570 160 89.615 0.00014725 0.00023547
387570 161 89.61 0.00014697 0.00023505
387570 162 91.045 0.00014929 0.00023878
387570 163 88.924 0.00014591 0.00023331
387570 164 89.291 0.00014641 0.00023418
387570 165 88.791 0.00014555 0.00023285
387570 166 90.83 0.00014899 0.00023827
387570 167 91.094 0.00014939 0.00023893
387570 168 88.963 0.00014593 0.00023338
387570 169 88.087 0.0001466 0.00023444
387570 170 90.859 0.00014905 0.00023836
387570 171 88.892 0.00014581 0.00023318
387570 172 90.915 0.00014914 0.0002385
387570 173 89.663 0.00014704 0.00023518
387570 174 90.976 0.00014922 0.00023864
387570 175 91.045 0.00014934 0.00023883
387570 176 90.658 0.00014873 0.00023784
387570 177 90.453 0.00014834 0.00023725
387570 178 90.71 0.00014879 0.00023796
387570 179 90.943 0.00014912 0.00023852
387570 180 90.965 0.00014917 0.00023858
387570 181 90.366 0.00014822 0.00023705
387570 182 86.963 0.00014475 0.00023146
387570 183 88.923 0.00014586 0.00023327
387570 184 91.087 0.00014935 0.00023888
387570 185 91.039 0.00014929 0.00023877
387570 186 91.0 0.00014923 0.00023869
387570 187 88.829 0.00014565 0.00023296
387570 188 90.064 0.00014766 0.0002362
387570 189 90.204 0.00014791 0.00023658
387570 190 88.913 0.0001458 0.00023319
387570 191 90.016 0.00014752 0.00023603
387570 192 90.61 0.00014855 0.00023762
387570 193 90.324 0.00014814 0.00023692
387570 194 89.296 0.0001464 0.00023419
387570 195 87.449 0.00014569 0.00023303
387570 196 90.946 0.00014911 0.00023852
387570 197 89.053 0.0001461 0.00023362
387570 198 91.078 0.00014934 0.00023886
387570 199 89.056 0.00014606 0.00023361
387570 200 88.62 0.00014531 0.00023242
387570 201 89.22 0.00014638 0.00023407
387570 202 90.968 0.00014925 0.00023866
387570 203 90.389 0.00014821 0.00023707
387570 204 89.363 0.00014656 0.00023441
387570 205 91.008 0.00014925 0.0002387
387570 206 90.071 0.00014778 0.00023631
387570 207 91.165 0.00014953 0.00023913
387570 208 86.689 0.00014423 0.00023068
387570 209 90.058 0.00014772 0.00023625
387570 210 91.071 0.00014944 0.00023894
387570 211 91.122 0.0001495 0.00023906
387570 212 90.106 0.00014781 0.00023638
387570 213 88.356 0.00014493 0.00023177
387570 214 89.76 0.00014722 0.00023545
387570 215 90.935 0.00014916 0.00023854
387570 216 88.874 0.0001457 0.00023307
387570 217 90.99 0.00014916 0.00023862
387570 218 89.062 0.00014606 0.0002336
387570 219 89.799 0.00014732 0.00023559
387570 220 90.745 0.00014887 0.00023805
387570 221 88.005 0.00014645 0.0002342
387570 222 89.744 0.00014714 0.00023537
387570 223 90.542 0.00014846 0.00023746
387570 224 89.261 0.00014638 0.00023413
387570 225 91.055 0.00014929 0.0002388
387570 226 89.741 0.00014718 0.00023538
387570 227 90.175 0.00014795 0.00023659
387570 228 88.989 0.00014593 0.0002334
387570 229 90.977 0.0001492 0.00023863
387570 230 88.807 0.00014562 0.00023292
387570 231 90.824 0.00014896 0.00023823
387570 232 90.544 0.00014849 0.0002375
387570 233 89.447 0.00014668 0.0002346
387570 234 87.86 0.00014614 0.00023376
387570 235 90.816 0.00014897 0.00023825
387570 236 89.965 0.00014759 0.00023601
387570 237 90.988 0.0001492 0.00023865
387570 238 90.805 0.00014896 0.0002382
387570 239 89.081 0.00014615 0.0002337
387570 240 88.849 0.00014583 0.00023315
387570 241 90.648 0.00014876 0.00023785
387570 242 89.785 0.00014733 0.00023558
387570 243 89.735 0.00014721 0.0002354
387570 244 91.019 0.00014925 0.00023872
387570 245 88.774 0.00014556 0.00023283
387570 246 91.126 0.00014939 0.00023897
387570 247 88.518 0.00014731 0.00023557
387570 248 89.761 0.00014722 0.00023546
387570 249 88.385 0.00014496 0.00023183
387570 250 89.733 0.00014717 0.00023538
387570 251 89.719 0.00014706 0.00023525
387570 252 89.437 0.00014661 0.00023453
387570 253 90.749 0.00014886 0.00023807
387570 254 88.39 0.00014495 0.00023183
387570 255 89.235 0.00014632 0.00023404
387570 256 90.383 0.0001482 0.00023704
387570 257 90.942 0.00014909 0.00023849
387570 258 90.112 0.00014773 0.00023633
387570 259 90.504 0.00014836 0.00023732
387570 260 88.174 0.00014668 0.00023462
387570 261 90.974 0.00014926 0.00023867
387570 262 90.948 0.00014914 0.00023854
387570 263 88.941 0.00014586 0.00023329
387570 264 89.874 0.00014744 0.00023577
387570 265 88.845 0.00014574 0.00023306
387570 266 89.625 0.00014699 0.00023509
387570 267 91.041 0.00014933 0.00023881
387570 268 90.785 0.00014892 0.00023816
387570 269 91.078 0.00014937 0.00023889
387570 270 88.742 0.00014597 0.00023345
387570 271 90.117 0.00014789 0.00023646
387570 272 90.241 0.00014801 0.00023671
387570 273 87.815 0.00014625 0.0002339
387570 274 91.065 0.00014939 0.00023889
387570 275 89.097 0.00014615 0.00023372
387570 276 90.333 0.0001482 0.00023699
387570 277 90.188 0.00014854 0.00023758
387570 278 89.903 0.00014747 0.00023584
387570 279 88.81 0.00014562 0.00023291
387570 280 90.753 0.00014883 0.00023804
387570 281 90.374 0.00014826 0.00023709
387570 282 91.021 0.00014927 0.00023874
387570 283 90.454 0.00014827 0.00023719
387570 284 91.064 0.00014939 0.0002389
387570 285 86.54 0.000144 0.0002303
387570 286 90.887 0.00014901 0.00023836
387570 287 30.684 8.6509e-05 0.00013837
387571 1 87.131 0.00014312 0.00022888
387571 2 90.988 0.00014928 0.0002387
387571 3 90.225 0.00014801 0.0002367
387571 4 90.084 0.0001478 0.00023634
387571 5 89.89 0.00014741 0.00023577
387571 6 89.374 0.00014659 0.00023445
387571 7 90.835 0.00014903 0.00023831
387571 8 90.484 0.00014842 0.00023736
387571 9 91.076 0.00014943 0.00023894
387571 10 88.879 0.00014593 0.00023333
387571 11 91.023 0.00014937 0.00023883
387571 12 88.889 0.00014588 0.00023324
387571 13 86.689 0.00014433 0.00023077
387571 14 88.868 0.00014576 0.0002331
387571 15 9.5787 7.0847e-07 1.4007e-05
387571 16 147.65 1.6413e-05 1.7854e-05
387571 17 88.971 0.00014593 0.00023337
387571 18 91.062 0.00014939 0.00023889
387571 19 88.437 0.00014519 0.0002321
387571 20 90.908 0.00014919 0.00023852
387571 21 91.044 0.00014941 0.00023889
387571 22 91.007 0.00014935 0.00023879
387571 23 91.016 0.00014935 0.0002388
387571 24 88.839 0.00014577 0.00023308
387571 25 88.731 0.00014555 0.00023276
387571 26 89.174 0.00014624 0.0002339
387571 27 89.066 0.00014613 0.00023366
387571 28 87.432 0.00014562 0.00023284
387571 29 90.278 0.00014807 0.00023682
387571 30 90.995 0.00014923 0.00023867
387571 31 88.905 0.00014589 0.00023327
387571 32 90.473 0.00014841 0.00023733
387571 33 90.953 0.0001492 0.00023859
387571 34 89.95 0.00014756 0.00023598
387571 35 90.874 0.00014901 0.00023833
387571 36 90.767 0.00014886 0.00023808
387571 37 89.056 0.00014607 0.00023361
387571 38 90.055 0.00014769 0.00023621
387571 39 89.594 0.00014705 0.00023511
387571 40 89.869 0.00014745 0.00023578
387571 41 88.425 0.00014717 0.00023534
387571 42 91.051 0.00014932 0.00023882
387571 43 91.007 0.00014926 0.00023871
387571 44 90.677 0.00014879 0.00023792
387571 45 89.024 0.00014604 0.00023354
387571 46 90.828 0.00014903 0.00023829
387571 47 90.262 0.00014811 0.00023683
387571 48 88.996 0.00014604 0.0002335
387571 49 90.926 0.00014921 0.00023858
387571 50 90.673 0.00014878 0.00023789
387571 51 91.127 0.00014947 0.00023904
387571 52 89.99 0.00014767 0.00023612
387571 53 87.256 0.00014529 0.00023228
387571 54 89.265 0.00014646 0.00023419
387571 55 90.998 0.00014929 0.00023874
387571 56 88.825 0.00014567 0.00023297
387571 57 91.216 0.00014967 0.00023932
387571 58 89.784 0.00014724 0.00023549
387571 59 90.681 0.00014879 0.00023791
387571 60 89.46 0.00014679 0.00023472
387571 61 89.216 0.00014628 0.00023398
387571 62 89.171 0.00014628 0.00023393
387571 63 90.705 0.00014876 0.00023791
387571 64 88.866 0.00014574 0.00023308
387571 65 89.615 0.00014695 0.00023504
387571 66 88.218 0.00014691 0.00023493
387571 67 90.012 0.00014762 0.00023612
387571 68 90.345 0.00014822 0.00023703
387571 69 90.411 0.00014833 0.0002372
387571 70 90.475 0.0001484 0.00023734
387571 71 89.774 0.0001472 0.00023545
387571 72 90.045 0.00014777 0.00023628
387571 73 90.222 0.00014797 0.00023667
387571 74 90.405 0.0001483 0.00023717
387571 75 89.51 0.00014679 0.00023479
387571 76 90.033 0.00014773 0.00023622
387571 77 90.161 0.00014787 0.0002365
387571 78 90.128 0.00014788 0.00023648
387571 79 87.673 0.00014595 0.0002334
387571 80 90.42 0.00014827 0.00023718
387571 81 89.98 0.00014769 0.00023613
387571 82 90.379 0.00014823 0.00023708
387571 83 90.018 0.00014768 0.00023618
387571 84 90.302 0.00014812 0.00023688
387571 85 90.027 0.00014775 0.00023625
387571 86 90.128 0.00014786 0.00023645
387571 87 90.236 0.00014798 0.00023668
387571 88 90.244 0.00014808 0.0002368
387571 89 90.194 0.00014791 0.00023658
387574 20 1024.4 1.1629e-05 0.00011833
387574 21 9182.0 1.5959e-05 0.0001187
387574 22 9682.4 1.7057e-05 0.00011849
387574 23 9653.8 1.7009e-05 0.00011814
387574 24 9627.5 1.7267e-05 0.00011784
387574 25 9606.6 1.6624e-05 0.00011739
387574 26 10850.0 1.7169e-05 0.00011705
387574 27 10654.0 1.6802e-05 0.00011665
387574 28 10796.0 1.7156e-05 0.00011644
387574 29 10880.0 1.7214e-05 0.00011741
387574 30 8766.5 1.3621e-05 0.00011694
387574 31 10808.0 1.7198e-05 0.00011661
387574 32 10711.0 1.7052e-05 0.00011551
387574 33 10790.0 1.7194e-05 0.00011638
387574 34 10785.0 1.7017e-05 0.00011631
387574 35 10691.0 1.7083e-05 0.00011528
387574 36 10659.0 1.6788e-05 0.00011491
387574 37 10594.0 1.7173e-05 0.00011425
387574 38 6850.2 1.3941e-05 9.1101e-05
387574 39 91.239 0.00014914 0.00023855
387574 40 88.073 0.00014603 0.00023355
387574 41 91.198 0.00014907 0.00023846
387574 42 4162.8 3.1327e-05 4.7907e-05
387574 43 9252.9 1.8087e-05 9.991e-05
387574 44 9471.5 1.7723e-05 0.00010219
387574 45 4578.3 2.9426e-05 5.1875e-05
387574 46 89.891 0.000147 0.00023512
387574 47 91.248 0.00014912 0.00023851
387574 48 91.233 0.00014901 0.00023839
387574 49 5686.4 2.5441e-05 6.2871e-05
387574 50 91.017 0.00014872 0.00023788
387574 51 90.052 0.0001472 0.00023545
387574 52 2851.1 3.8619e-05 3.9343e-05
387574 53 7284.8 2.0489e-05 8.0254e-05
387574 54 9850.0 1.7534e-05 0.00010621
387574 55 8283.1 1.9528e-05 8.9654e-05
387574 56 4608.8 2.9179e-05 5.2153e-05
387574 57 91.192 0.00014911 0.00023852
387574 58 91.364 0.00014929 0.0002388
387574 59 3887.2 3.1843e-05 4.5108e-05
387574 60 10139.0 1.6979e-05 0.00010926
387574 61 10158.0 1.7068e-05 0.00010945
387574 62 10153.0 1.7184e-05 0.00010942
387574 63 10118.0 1.7226e-05 0.00010905
387574 64 10029.0 1.7332e-05 0.00010809
387574 65 9962.8 1.7201e-05 0.00010736
387574 66 8769.0 1.6676e-05 0.00010771
387574 67 8920.3 1.7061e-05 0.00010802
387574 68 8902.3 1.6495e-05 0.00010779
387574 69 8891.8 1.7063e-05 0.00010766
387574 70 8796.9 1.7197e-05 0.00010649
387574 71 8820.8 1.6943e-05 0.00010668
387574 72 2447.0 9.0283e-06 0.0001051
387574 73 0.0 0.0 0.0
387574 74 3553.4 8.8388e-06 0.00010433
387574 75 8700.1 1.7214e-05 0.00010517
387574 76 8684.9 1.6717e-05 0.00010483
387574 77 8677.3 1.7217e-05 0.00010485
387574 78 8680.0 1.6843e-05 0.00010485
387574 79 8675.0 1.6935e-05 0.00010477
387574 80 8605.5 1.7348e-05 0.00010391
387574 81 8456.4 1.6588e-05 0.00010351
387574 82 8549.9 1.7156e-05 0.00010327
387574 83 8538.0 1.6983e-05 0.00010293
387574 84 8512.8 1.7152e-05 0.00010259
387574 85 7780.2 1.8429e-05 9.3294e-05
387574 86 8000.9 1.7407e-05 9.5947e-05
387574 87 7770.9 1.8579e-05 9.3097e-05
387574 88 7847.6 1.8116e-05 9.4082e-05
387574 89 8386.9 1.7359e-05 0.00010095
387574 90 8361.7 1.7513e-05 0.00010063
387574 91 8330.0 1.6906e-05 0.00010018
387574 92 8303.1 1.7464e-05 9.983e-05
387574 93 8284.0 1.6791e-05 9.9537e-05
387574 94 8135.5 1.7215e-05 9.9284e-05
387574 95 8236.7 1.768e-05 9.901e-05
387574 96 8213.2 1.7183e-05 9.8638e-05
387574 97 8188.8 1.7694e-05 9.8367e-05
387574 98 4186.9 2.9119e-05 5.0871e-05
387574 99 753.7 7.1847e-05 5.2615e-05
387574 100 584.14 8.1827e-05 6.0122e-05
387574 101 826.93 6.6519e-05 4.8856e-05
387574 102 570.86 8.1678e-05 5.9989e-05
387574 103 584.0 8.0285e-05 5.8959e-05
387574 104 560.82 8.1786e-05 6.0105e-05
387574 105 472.82 8.9983e-05 6.7213e-05
387574 106 573.31 8.0262e-05 5.8972e-05
387574 107 650.01 7.4186e-05 5.4218e-05
387574 108 559.46 8.1577e-05 5.9946e-05
387574 109 462.33 8.9874e-05 6.7277e-05
387574 110 407.29 9.5826e-05 7.3167e-05
387574 111 412.82 9.4458e-05 7.1951e-05
387574 112 357.07 0.00010095 7.9131e-05
387574 113 3275.8 3.2949e-05 4.1164e-05
387574 114 1736.8 4.8221e-05 4.0919e-05
387574 115 1500.1 5.2644e-05 4.2846e-05
387574 116 1764.7 4.6181e-05 3.9612e-05
387574 117 1373.8 5.448e-05 4.3499e-05
387574 118 1269.2 5.7038e-05 4.47e-05
387574 119 1336.9 5.4345e-05 4.3246e-05
387574 120 1586.3 4.7056e-05 3.9617e-05
387574 121 1533.4 4.8373e-05 4.0067e-05
387574 122 1203.4 5.679e-05 4.4356e-05
387574 123 1149.1 5.8124e-05 4.4979e-05
387574 124 1034.3 6.1628e-05 4.6919e-05
387574 125 774.77 7.2001e-05 5.3729e-05
387574 126 1066.4 5.9725e-05 4.5688e-05
387574 127 867.19 6.7419e-05 5.0431e-05
387574 128 4990.2 2.5473e-05 5.9678e-05
387574 129 7730.1 1.8183e-05 9.2481e-05
387574 130 7711.4 1.8453e-05 9.2277e-05
387574 131 7696.5 1.8079e-05 9.1995e-05
387574 132 7558.1 1.807e-05 9.1684e-05
387574 133 2975.3 3.6424e-05 3.9053e-05
387574 134 98.999 0.00015095 0.00020617
387574 135 92.761 0.00015159 0.00022088
387574 136 97.343 0.00014784 0.00020182
387574 137 92.441 0.00015115 0.00022029
387574 138 96.447 0.00014635 0.00019973
387574 139 85.8 0.00014773 0.00023635
387574 140 86.079 0.00014834 0.00023723
387574 141 85.88 0.00014786 0.00023651
387574 142 86.344 0.00014869 0.00023783
387574 143 86.534 0.00014908 0.00023844
387574 144 86.152 0.00014842 0.00023735
387574 145 97.046 0.00015019 0.00020518
387574 146 353.9 6.3252e-05 4.6621e-05
387574 147 85.974 0.00014807 0.00023685
387574 148 2771.4 3.8228e-05 3.8319e-05
387574 149 513.5 8.2878e-05 6.2058e-05
387574 150 383.82 9.7673e-05 7.6011e-05
387574 151 454.77 8.6711e-05 6.5809e-05
387574 152 381.37 9.7461e-05 7.5771e-05
387574 153 413.68 9.2002e-05 7.0565e-05
387574 154 380.45 9.7416e-05 7.5702e-05
387574 155 348.9 0.00010058 7.9411e-05
387574 156 375.94 9.6106e-05 7.4704e-05
387574 157 342.04 0.00010144 8.0379e-05
387574 158 371.31 9.577e-05 7.4449e-05
387574 159 327.48 0.0001036 8.2902e-05
387574 160 315.63 0.00010588 8.5664e-05
387574 161 382.95 9.5152e-05 7.3731e-05
387574 162 344.11 0.00010226 8.0996e-05
387574 163 5220.3 2.4464e-05 6.2301e-05
387574 164 7303.8 1.9179e-05 8.7201e-05
387574 165 7285.5 1.9194e-05 8.7054e-05
387574 166 7279.9 1.8113e-05 8.6718e-05
387574 167 7268.5 1.9268e-05 8.6692e-05
387574 168 7247.4 1.9362e-05 8.6514e-05
387574 169 7236.3 1.9054e-05 8.6297e-05
387574 170 7221.6 1.9315e-05 8.6151e-05
387574 171 7103.3 1.8344e-05 8.5822e-05
387574 172 7196.5 1.9424e-05 8.58e-05
387574 173 7177.6 1.8887e-05 8.5546e-05
387574 174 7165.1 1.9009e-05 8.5365e-05
387574 175 7151.0 1.9549e-05 8.5267e-05
387574 176 7135.6 1.8663e-05 8.4982e-05
387574 177 7128.6 1.9609e-05 8.4922e-05
387574 178 7109.5 1.918e-05 8.4702e-05
387574 179 7096.2 1.9532e-05 8.4606e-05
387574 180 7087.3 1.9675e-05 8.4449e-05
387574 181 7067.0 1.9096e-05 8.4152e-05
387574 182 7053.9 1.9741e-05 8.4035e-05
387574 183 7038.0 1.9349e-05 8.3811e-05
387574 184 6922.5 1.9276e-05 8.3628e-05
387574 185 7009.6 2.0086e-05 8.3561e-05
387574 186 6996.1 1.9115e-05 8.3243e-05
387574 187 6983.9 1.9909e-05 8.318e-05
387574 188 6971.3 1.9503e-05 8.2962e-05
387574 189 6954.3 1.9906e-05 8.2855e-05
387574 190 6944.8 2.018e-05 8.2731e-05
387574 191 6936.5 1.9419e-05 8.2559e-05
387574 192 6918.8 2.0151e-05 8.2383e-05
387574 193 6903.0 1.9791e-05 8.2158e-05
387574 194 6889.2 1.9945e-05 8.2006e-05
387574 195 6873.0 2.0295e-05 8.1853e-05
387574 196 6857.0 1.978e-05 8.1584e-05
387574 197 6741.0 1.9576e-05 8.1341e-05
387574 198 6823.9 1.9514e-05 8.1156e-05
387574 199 6805.7 2.0021e-05 8.1012e-05
387574 200 6790.4 2.0366e-05 8.0842e-05
387574 201 6774.4 1.9844e-05 8.059e-05
387574 202 6763.9 2.0616e-05 8.0504e-05
387574 203 6744.1 1.9515e-05 8.0176e-05
387574 204 6732.0 2.0469e-05 8.013e-05
387574 205 6714.0 2.0761e-05 7.9957e-05
387574 206 6693.2 1.9891e-05 7.9652e-05
387574 207 6687.7 2.0792e-05 7.9594e-05
387574 208 6669.3 2.032e-05 7.9332e-05
387574 209 6653.0 2.0307e-05 7.9151e-05
387574 210 6542.1 1.9822e-05 7.8907e-05
387574 211 6623.3 2.0199e-05 7.8781e-05
387574 212 6611.1 2.0823e-05 7.8693e-05
387574 213 6588.9 2.0844e-05 7.8514e-05
387574 214 6579.7 2.0826e-05 7.8327e-05
387574 215 6567.0 2.1245e-05 7.8194e-05
387574 216 6553.2 2.0095e-05 7.7873e-05
387574 217 6539.9 2.1371e-05 7.7871e-05
387574 218 6523.7 2.0922e-05 7.7626e-05
387574 219 6509.1 2.0768e-05 7.7442e-05
387574 220 6495.6 2.1232e-05 7.7343e-05
387574 221 6480.1 2.0505e-05 7.7093e-05
387574 222 6471.7 2.0818e-05 7.6968e-05
387574 223 6362.7 2.0455e-05 7.6726e-05
387574 224 6440.4 2.1249e-05 7.668e-05
387574 225 6430.4 2.159e-05 7.657e-05
387574 226 6415.9 2.0801e-05 7.6279e-05
387574 227 6388.1 2.1492e-05 7.6182e-05
387574 228 6384.0 2.0058e-05 7.5818e-05
387574 229 6372.4 2.1672e-05 7.5866e-05
387574 230 6355.9 2.1153e-05 7.5633e-05
387574 231 6345.2 2.1144e-05 7.5461e-05
387574 232 6325.4 2.1793e-05 7.5364e-05
387574 233 6309.7 2.1592e-05 7.5152e-05
387574 234 6299.0 2.1258e-05 7.4955e-05
387574 235 6286.9 2.1602e-05 7.482e-05
387574 236 6181.6 2.0351e-05 7.4501e-05
387574 237 6261.2 2.2153e-05 7.4588e-05
387574 238 6246.2 2.1374e-05 7.4319e-05
387574 239 6233.9 2.1682e-05 7.4197e-05
387574 240 6217.8 2.2258e-05 7.4093e-05
387574 241 6209.3 2.1841e-05 7.3892e-05
387574 242 6194.5 2.2019e-05 7.3774e-05
387574 243 6181.5 2.2015e-05 7.3608e-05
387574 244 6165.4 2.2273e-05 7.3506e-05
387574 245 6155.9 2.2498e-05 7.338e-05
387574 246 6145.6 2.2239e-05 7.3193e-05
387574 247 6129.6 2.2317e-05 7.3017e-05
387574 248 6116.6 2.1619e-05 7.2788e-05
387574 249 6025.1 2.1855e-05 7.2759e-05
387574 250 6091.7 2.2674e-05 7.2638e-05
387574 251 6082.8 2.1645e-05 7.235e-05
387574 252 6064.5 2.216e-05 7.2249e-05
387574 253 6049.8 2.1765e-05 7.2026e-05
387574 254 6040.1 2.2102e-05 7.1934e-05
387574 255 6027.2 2.266e-05 7.1865e-05
387574 256 6013.6 2.1579e-05 7.1554e-05
387574 257 6004.3 2.2892e-05 7.1611e-05
387574 258 5991.9 2.2147e-05 7.1353e-05
387574 259 5980.5 2.2811e-05 7.1338e-05
387574 260 5972.3 2.3217e-05 7.127e-05
387574 261 5959.0 2.2378e-05 7.0997e-05
387574 262 5864.5 2.2503e-05 7.0925e-05
387574 263 5940.7 2.2613e-05 7.0816e-05
387574 264 5929.3 2.3106e-05 7.0746e-05
387574 265 5920.1 2.3219e-05 7.0655e-05
387574 266 5910.4 2.2934e-05 7.049e-05
387574 267 5899.7 2.3392e-05 7.0433e-05
387574 268 5888.6 2.2368e-05 7.0186e-05
387574 269 5877.1 2.2425e-05 7.0069e-05
387574 270 5869.4 2.3002e-05 7.0046e-05
387574 271 5860.1 2.3246e-05 6.9958e-05
387574 272 5850.1 2.3459e-05 6.9837e-05
387574 273 5836.2 2.2369e-05 6.9557e-05
387574 274 5829.2 2.3041e-05 6.954e-05
387574 275 5733.5 2.2614e-05 6.9354e-05
387574 276 5808.9 2.2938e-05 6.9281e-05
387574 277 5798.6 2.3695e-05 6.9274e-05
387574 278 5788.4 2.3752e-05 6.9153e-05
387574 279 5778.1 2.3609e-05 6.9032e-05
387574 280 5768.1 2.3851e-05 6.8946e-05
387574 281 5758.6 2.2913e-05 6.8695e-05
387574 282 5749.5 2.3436e-05 6.8652e-05
387574 283 5739.6 2.3292e-05 6.8535e-05
387574 284 5731.2 2.3573e-05 6.8468e-05
387574 285 5711.0 2.3399e-05 6.8344e-05
387574 286 5713.0 2.2681e-05 6.8137e-05
387574 287 5702.9 2.3775e-05 6.8167e-05
387574 288 5609.8 2.2928e-05 6.793e-05
387574 289 5684.1 2.3585e-05 6.7928e-05
387574 290 5675.4 2.3875e-05 6.7859e-05
387574 291 5667.2 2.2926e-05 6.7625e-05
387574 292 5658.9 2.3632e-05 6.7626e-05
387574 293 5648.5 2.282e-05 6.7399e-05
387574 294 5640.8 2.3794e-05 6.7446e-05
387574 295 5632.0 2.4194e-05 6.7394e-05
387574 296 5623.8 2.3368e-05 6.7172e-05
387574 297 5617.3 2.4409e-05 6.7238e-05
387574 298 5607.8 2.3764e-05 6.704e-05
387574 299 5592.1 2.3808e-05 6.6943e-05
387574 300 5508.8 2.3685e-05 6.6826e-05
387574 301 5581.4 2.3906e-05 6.6741e-05
387574 302 5574.6 2.4454e-05 6.6736e-05
387574 303 5565.4 2.4021e-05 6.6583e-05
387574 304 5554.4 2.4333e-05 6.6506e-05
387574 305 5547.8 2.4639e-05 6.6473e-05
387574 306 5541.2 2.402e-05 6.6291e-05
387574 307 5531.9 2.4642e-05 6.628e-05
387574 308 5521.7 2.4538e-05 6.6157e-05
387574 309 5512.2 2.4013e-05 6.5978e-05
387574 310 5504.2 2.4622e-05 6.5967e-05
387574 311 5496.8 2.3508e-05 6.5706e-05
387574 312 5487.7 2.4722e-05 6.5781e-05
387574 313 5396.4 2.3579e-05 6.5507e-05
387574 314 5472.2 2.4585e-05 6.5565e-05
387574 315 5465.4 2.4889e-05 6.5523e-05
387574 316 5455.8 2.4674e-05 6.5403e-05
387574 317 5361.2 2.3212e-05 6.5093e-05
387574 318 5438.2 2.3942e-05 6.5095e-05
387574 319 5415.1 2.4201e-05 6.505e-05
387574 320 5424.1 2.5193e-05 6.511e-05
387574 321 5416.4 2.4068e-05 6.4851e-05
387574 322 5408.3 2.4785e-05 6.4865e-05
387574 323 5402.9 2.4905e-05 6.48e-05
387574 324 5393.1 2.4865e-05 6.47e-05
387574 325 5382.9 2.4662e-05 6.4578e-05
387574 326 5295.2 2.3093e-05 6.4243e-05
387574 327 5366.9 2.5007e-05 6.4419e-05
387574 328 5358.7 2.4595e-05 6.4259e-05
387574 329 5352.4 2.5123e-05 6.427e-05
387574 330 5343.4 2.5113e-05 6.4162e-05
387574 331 5338.7 2.5018e-05 6.4065e-05
387574 332 5331.1 2.535e-05 6.4033e-05
387574 333 5320.7 2.4873e-05 6.385e-05
387574 334 5313.8 2.5024e-05 6.3799e-05
387574 335 5308.0 2.5359e-05 6.3786e-05
387574 336 5298.2 2.441e-05 6.3527e-05
387574 337 5293.9 2.5066e-05 6.3573e-05
387574 338 5284.0 2.4875e-05 6.3471e-05
387574 339 5201.3 2.3858e-05 6.3206e-05
387574 340 5272.4 2.5121e-05 6.3339e-05
387574 341 5267.2 2.5328e-05 6.3276e-05
387574 342 5259.7 2.5308e-05 6.3202e-05
387574 343 5251.4 2.5343e-05 6.3112e-05
387574 344 5241.8 2.503e-05 6.2964e-05
387574 345 2336.5 8.9732e-06 6.0508e-05
387574 346 2095.2 8.2814e-06 6.0305e-05
387574 347 5223.3 2.5648e-05 6.2825e-05
387574 348 5212.9 2.4596e-05 6.257e-05
387574 349 5207.5 2.501e-05 6.2564e-05
387574 350 5202.4 2.5697e-05 6.2604e-05
387574 351 5194.8 2.5194e-05 6.243e-05
387574 352 5193.3 2.4607e-05 6.2336e-05
387574 353 5104.0 2.4685e-05 6.2183e-05
387574 354 5173.2 2.5609e-05 6.2258e-05
387574 355 5166.9 2.6134e-05 6.2254e-05
387574 356 5166.9 2.5655e-05 6.2175e-05
387574 357 5152.5 2.5881e-05 6.2056e-05
387574 358 5143.2 2.5899e-05 6.197e-05
387574 359 5137.2 2.5604e-05 6.1835e-05
387574 360 5130.7 2.6012e-05 6.1827e-05
387574 361 5121.7 2.493e-05 6.1567e-05
387574 362 5118.3 2.6139e-05 6.1689e-05
387574 363 5110.4 2.5382e-05 6.1499e-05
387574 364 5103.0 2.573e-05 6.1468e-05
387574 365 5098.1 2.594e-05 6.1435e-05
387574 366 5018.0 2.4852e-05 6.1195e-05
387574 367 5086.5 2.6032e-05 6.1305e-05
387574 368 5079.5 2.5679e-05 6.1184e-05
387574 369 5072.0 2.5347e-05 6.1052e-05
387574 370 5065.3 2.6201e-05 6.1101e-05
387574 371 5056.6 2.4722e-05 6.0787e-05
387574 372 5053.1 2.6374e-05 6.0975e-05
387574 373 5044.8 2.5295e-05 6.0728e-05
387574 374 5040.9 2.5918e-05 6.0766e-05
387574 375 5034.4 2.642e-05 6.0778e-05
387574 376 5026.4 2.5518e-05 6.0546e-05
387574 377 5021.2 2.6443e-05 6.0621e-05
387574 378 5013.0 2.5392e-05 6.0379e-05
387574 379 4934.4 2.5474e-05 6.0314e-05
387574 380 5002.5 2.668e-05 6.0454e-05
387574 381 4997.1 2.5813e-05 6.0257e-05
387574 382 4992.2 2.6462e-05 6.0282e-05
387574 383 4982.8 2.6018e-05 6.0135e-05
387574 384 4978.8 2.6051e-05 6.0083e-05
387574 385 4973.6 2.6794e-05 6.0134e-05
387574 386 4961.5 2.469e-05 5.9724e-05
387574 387 4960.7 2.6645e-05 5.9958e-05
387574 388 4954.5 2.6105e-05 5.9803e-05
387574 389 4947.7 2.6421e-05 5.9782e-05
387574 390 4941.5 2.6383e-05 5.9714e-05
387574 391 4937.8 2.6171e-05 5.962e-05
387574 392 4856.5 2.5967e-05 5.9528e-05
387574 393 4924.6 2.5698e-05 5.9407e-05
387574 394 4919.0 2.6908e-05 5.9526e-05
387574 395 4912.5 2.7072e-05 5.949e-05
387574 396 4906.6 2.602e-05 5.9233e-05
387574 397 4901.0 2.7029e-05 5.9335e-05
387574 398 4895.4 2.6775e-05 5.9229e-05
387574 399 4889.3 2.6679e-05 5.9144e-05
387574 400 4882.4 2.7139e-05 5.9149e-05
387574 401 4876.6 2.6211e-05 5.8919e-05
387574 402 4869.2 2.6846e-05 5.895e-05
387574 403 4865.3 2.6972e-05 5.8912e-05
387574 404 4852.5 2.6439e-05 5.8742e-05
387574 405 4772.7 2.6765e-05 5.8735e-05
387574 406 4847.1 2.607e-05 5.8564e-05
387574 407 4844.1 2.7306e-05 5.8712e-05
387574 408 4836.7 2.7024e-05 5.8599e-05
387574 409 4831.9 2.7191e-05 5.8558e-05
387574 410 4825.4 2.7253e-05 5.851e-05
387574 411 4820.1 2.6097e-05 5.8263e-05
387574 412 4815.8 2.7011e-05 5.835e-05
387574 413 4808.3 2.7194e-05 5.8303e-05
387574 414 4802.1 2.6979e-05 5.8225e-05
387574 415 4795.8 2.7456e-05 5.8206e-05
387574 416 4791.8 2.6524e-05 5.8e-05
387574 417 4786.3 2.7467e-05 5.8089e-05
387574 418 4707.4 2.5759e-05 5.7757e-05
387574 419 4773.4 2.7278e-05 5.7935e-05
387574 420 4769.4 2.7526e-05 5.7919e-05
387574 421 4765.1 2.6814e-05 5.7749e-05
387574 422 4763.0 2.753e-05 5.7826e-05
387574 423 4756.5 2.747e-05 5.7757e-05
387574 424 4751.3 2.7451e-05 5.7688e-05
387574 425 4745.2 2.7676e-05 5.7667e-05
387574 426 4741.3 2.7066e-05 5.7507e-05
387574 427 4734.4 2.7027e-05 5.7442e-05
387574 428 4729.9 2.7146e-05 5.7399e-05
387574 429 4722.1 2.7084e-05 5.7312e-05
387574 430 4716.8 2.7647e-05 5.7341e-05
387574 431 4644.4 2.6669e-05 5.7128e-05
387574 432 4708.3 2.7681e-05 5.7227e-05
387574 433 4702.2 2.7364e-05 5.7115e-05
387574 434 4697.3 2.7138e-05 5.7031e-05
387574 435 4693.3 2.7734e-05 5.7069e-05
387574 436 4687.2 2.7209e-05 5.6914e-05
387574 437 4682.9 2.774e-05 5.6943e-05
387574 438 4674.3 2.7388e-05 5.6808e-05
387574 439 4670.3 2.7795e-05 5.6802e-05
387574 440 4664.9 2.779e-05 5.6757e-05
387574 441 4658.9 2.7079e-05 5.6581e-05
387574 442 4654.8 2.7414e-05 5.6581e-05
387574 443 4581.0 2.6713e-05 5.6408e-05
387574 444 4643.1 2.7725e-05 5.6507e-05
387574 445 4639.9 2.8097e-05 5.6523e-05
387574 446 4635.1 2.7332e-05 5.6341e-05
387574 447 4629.1 2.7981e-05 5.6376e-05
387574 448 4624.0 2.7639e-05 5.6269e-05
387574 449 4620.3 2.8236e-05 5.6322e-05
387574 450 4616.3 2.8355e-05 5.628e-05
387574 451 4611.3 2.7695e-05 5.6129e-05
387574 452 4606.0 2.8076e-05 5.6133e-05
387574 453 4600.8 2.7834e-05 5.604e-05
387574 454 4597.0 2.8124e-05 5.605e-05
387574 455 4592.9 2.8203e-05 5.6012e-05
387574 456 4521.1 2.71e-05 5.5754e-05
387574 457 4583.7 2.8052e-05 5.5867e-05
387574 458 4577.8 2.7599e-05 5.5736e-05
387574 459 4571.9 2.7823e-05 5.5716e-05
387574 460 4569.2 2.8521e-05 5.5787e-05
387574 461 4564.2 2.8207e-05 5.5685e-05
387574 462 4559.3 2.8424e-05 5.5659e-05
387574 463 4555.8 2.8268e-05 5.5586e-05
387574 464 4548.2 2.8216e-05 5.5514e-05
387574 465 4541.4 2.8289e-05 5.5457e-05
387574 466 4537.9 2.7907e-05 5.5336e-05
387574 467 4535.1 2.8576e-05 5.5394e-05
387574 468 4527.6 2.7536e-05 5.5159e-05
387574 469 4459.9 2.7875e-05 5.5186e-05
387574 470 4519.2 2.8566e-05 5.5224e-05
387574 471 4514.1 2.7958e-05 5.5066e-05
387574 472 4510.5 2.8243e-05 5.5073e-05
387574 473 4503.7 2.8227e-05 5.4991e-05
387574 474 4498.8 2.8147e-05 5.4931e-05
387574 475 4496.2 2.8833e-05 5.5006e-05
387574 476 4491.1 2.8535e-05 5.488e-05
387574 477 4485.7 2.8777e-05 5.4876e-05
387574 478 4481.8 2.8857e-05 5.4842e-05
387574 479 4476.9 2.8719e-05 5.4757e-05
387574 480 4472.7 2.7878e-05 5.4567e-05
387574 481 4466.1 2.7238e-05 5.4404e-05
387574 482 4398.8 2.8151e-05 5.4516e-05
387574 483 4460.2 2.8087e-05 5.4474e-05
387574 484 4456.5 2.8775e-05 5.4545e-05
387574 485 4449.3 2.8961e-05 5.4499e-05
387574 486 4446.6 2.8087e-05 5.4322e-05
387574 487 4443.5 2.8602e-05 5.437e-05
387574 488 4437.2 2.7896e-05 5.4184e-05
387574 489 4435.0 2.8561e-05 5.4267e-05
387574 490 4431.5 2.9156e-05 5.432e-05
387574 491 4423.7 2.746e-05 5.3956e-05
387574 492 4421.3 2.8811e-05 5.4153e-05
387574 493 4415.6 2.7845e-05 5.3934e-05
387574 494 4411.3 2.8981e-05 5.4067e-05
387574 495 4342.0 2.8215e-05 5.3886e-05
387574 496 4403.1 2.8284e-05 5.385e-05
387574 497 4399.3 2.8657e-05 5.388e-05
387574 498 4396.6 2.8919e-05 5.3885e-05
387574 499 4391.1 2.8275e-05 5.3722e-05
387574 500 4387.8 2.9249e-05 5.3851e-05
387574 501 4383.3 2.7594e-05 5.3521e-05
387574 502 4380.3 2.8691e-05 5.3658e-05
387574 503 4377.5 2.9334e-05 5.3721e-05
387574 504 4371.6 2.8787e-05 5.3586e-05
387574 505 4368.3 2.9173e-05 5.3611e-05
387574 506 4363.8 2.8196e-05 5.3395e-05
387574 507 4360.0 2.9386e-05 5.3541e-05
387574 508 4292.3 2.8514e-05 5.3344e-05
387574 509 4352.1 2.9174e-05 5.3415e-05
387574 510 4347.0 2.9222e-05 5.338e-05
387574 511 4343.9 2.8694e-05 5.3248e-05
387574 512 4340.2 2.9283e-05 5.3297e-05
387574 513 4335.0 2.9422e-05 5.3273e-05
387574 514 4330.9 2.9228e-05 5.3186e-05
387574 515 4327.3 2.9471e-05 5.3196e-05
387574 516 4316.9 2.8796e-05 5.3027e-05
387574 517 4317.1 2.9145e-05 5.3021e-05
387574 518 4314.7 2.9255e-05 5.3e-05
387574 519 4308.3 2.9117e-05 5.2921e-05
387574 520 4305.0 2.955e-05 5.2965e-05
387574 521 4239.9 2.8338e-05 5.2712e-05
387574 522 4297.7 2.8689e-05 5.2715e-05
387574 523 4294.3 2.883e-05 5.2718e-05
387574 524 4290.3 2.9384e-05 5.2757e-05
387574 525 4285.6 2.9613e-05 5.2743e-05
387574 526 4284.5 2.944e-05 5.2688e-05
387574 527 4278.7 2.9485e-05 5.2642e-05
387574 528 4274.3 2.978e-05 5.2644e-05
387574 529 4271.7 2.9343e-05 5.2537e-05
387574 530 4267.5 2.9917e-05 5.2588e-05
387574 531 4264.4 2.8338e-05 5.2287e-05
387574 532 4262.7 2.9695e-05 5.2488e-05
387574 533 4255.9 2.8456e-05 5.2229e-05
387574 534 4192.7 2.9003e-05 5.228e-05
387574 535 1281.6 7.9561e-06 4.8765e-05
387574 536 498.54 7.5546e-06 4.8534e-05
387574 537 4243.5 2.9684e-05 5.2261e-05
387574 538 4234.7 2.8249e-05 5.1961e-05
387574 539 4235.1 2.952e-05 5.2143e-05
387574 540 4230.1 2.9173e-05 5.2026e-05
387574 541 4225.2 2.8885e-05 5.1929e-05
387574 542 4222.5 2.9638e-05 5.2018e-05
387574 543 4219.5 2.9516e-05 5.1961e-05
387574 544 4212.4 2.9171e-05 5.1842e-05
387574 545 4210.6 3.0069e-05 5.1961e-05
387574 546 4207.2 2.9418e-05 5.1813e-05
387574 547 4202.1 2.9474e-05 5.1783e-05
387574 548 4133.8 2.7753e-05 5.1442e-05
387574 549 4193.0 3.0068e-05 5.1814e-05
387574 550 4193.3 2.9815e-05 5.1727e-05
387574 551 4188.0 2.9521e-05 5.1623e-05
387574 552 4186.0 3.0115e-05 5.1687e-05
387574 553 4181.0 2.9486e-05 5.1525e-05
387574 554 4178.2 3.0117e-05 5.1607e-05
387574 555 4166.7 3.0009e-05 5.1541e-05
387574 556 4170.8 2.9351e-05 5.1386e-05
387574 557 4169.0 3.0364e-05 5.1522e-05
387574 558 4161.5 2.9013e-05 5.1241e-05
387574 559 4159.2 2.9999e-05 5.1377e-05
387574 560 4155.9 3.0273e-05 5.1374e-05
387574 561 4090.7 2.8965e-05 5.11e-05
387574 562 4149.4 3.0464e-05 5.1337e-05
387574 563 4141.2 2.8298e-05 5.0901e-05
387574 564 4140.9 3.0165e-05 5.1192e-05
387574 565 4136.5 3.0265e-05 5.1175e-05
387574 566 4137.4 2.993e-05 5.1095e-05
387574 567 4131.0 3.0175e-05 5.108e-05
387574 568 4126.8 2.9337e-05 5.0898e-05
387574 569 4123.3 2.9093e-05 5.0816e-05
387574 570 4118.5 3.0388e-05 5.0983e-05
387574 571 4115.7 2.9842e-05 5.084e-05
387574 572 4113.4 3.0377e-05 5.0914e-05
387574 573 4109.0 3.0304e-05 5.0852e-05
387574 574 4044.8 2.9511e-05 5.0679e-05
387574 575 4102.6 3.0537e-05 5.0819e-05
387574 576 4097.8 2.9436e-05 5.058e-05
387574 577 4094.9 3.0163e-05 5.0673e-05
387574 578 4090.0 2.9581e-05 5.0525e-05
387574 579 4086.9 3.0368e-05 5.0622e-05
387574 580 4084.1 3.0637e-05 5.0636e-05
387574 581 4081.2 2.9916e-05 5.0455e-05
387574 582 4078.0 3.066e-05 5.0558e-05
387574 583 4074.0 2.9204e-05 5.0271e-05
387574 584 4071.6 3.0419e-05 5.0447e-05
387574 585 4068.5 3.0812e-05 5.0482e-05
387574 586 4063.3 2.8858e-05 5.01e-05
387574 587 3999.7 2.9827e-05 5.0226e-05
387574 588 4058.3 2.9411e-05 5.0125e-05
387574 589 4055.8 3.0924e-05 5.0349e-05
387574 590 4051.4 2.9973e-05 5.0148e-05
387574 591 4051.3 3.045e-05 5.0215e-05
387574 592 4047.0 3.0692e-05 5.0209e-05
387574 593 4041.5 2.9943e-05 5.0039e-05
387574 594 4038.8 3.0625e-05 5.0119e-05
387574 595 4035.4 3.0905e-05 5.0123e-05
387574 596 4032.1 3.085e-05 5.0066e-05
387574 597 4029.9 3.0656e-05 5.0009e-05
387574 598 4022.8 2.9915e-05 4.9822e-05
387574 599 3962.3 2.9789e-05 4.9767e-05
387574 600 4018.0 3.08e-05 4.9917e-05
387574 601 4015.0 3.0213e-05 4.9766e-05
387574 602 4012.5 3.0291e-05 4.976e-05
387574 603 4007.7 2.9628e-05 4.9604e-05
387574 604 4006.0 3.0324e-05 4.9689e-05
387574 605 4002.8 3.1227e-05 4.9818e-05
387574 606 3999.5 3.0001e-05 4.9554e-05
387574 607 3994.0 3.0349e-05 4.9566e-05
387574 608 3992.1 3.0877e-05 4.9631e-05
387574 609 3988.5 3.1048e-05 4.962e-05
387574 610 3984.5 3.117e-05 4.9605e-05
387574 611 3980.7 2.9403e-05 4.9259e-05
387574 612 3921.9 2.9976e-05 4.9325e-05
387574 613 3973.9 3.0509e-05 4.9377e-05
387574 614 3973.6 3.1421e-05 4.9514e-05
387574 615 3970.5 3.1565e-05 4.9496e-05
387574 616 3965.1 3.0695e-05 4.9292e-05
387574 617 3962.7 3.1357e-05 4.9379e-05
387574 618 3958.5 3.0514e-05 4.9187e-05
387574 619 3955.4 3.0818e-05 4.9216e-05
387574 620 3953.3 3.1439e-05 4.9295e-05
387574 621 3948.1 3.0563e-05 4.9097e-05
387574 622 3947.2 3.1236e-05 4.9185e-05
387574 623 3941.1 3.038e-05 4.8992e-05
387574 624 3939.3 3.0804e-05 4.9034e-05
387574 625 3880.8 3.0444e-05 4.895e-05
387574 626 3935.5 3.1073e-05 4.9024e-05
387574 627 3931.7 3.104e-05 4.8974e-05
387574 628 3929.1 3.1512e-05 4.9022e-05
387574 629 3924.7 3.1298e-05 4.8954e-05
387574 630 3921.9 3.1341e-05 4.8915e-05
387574 631 3918.9 3.112e-05 4.8846e-05
387574 632 3916.6 3.1543e-05 4.8889e-05
387574 633 3910.8 3.0696e-05 4.8692e-05
387574 634 3910.0 3.1482e-05 4.8813e-05
387574 635 3900.0 3.1579e-05 4.8789e-05
387574 636 3903.2 2.9817e-05 4.8448e-05
387574 637 3901.5 3.1707e-05 4.8744e-05
387574 638 3839.7 3.047e-05 4.8485e-05
387574 639 3894.5 3.1434e-05 4.8632e-05
387574 640 3891.9 3.1485e-05 4.8611e-05
387574 641 3887.8 3.0585e-05 4.8405e-05
387574 642 3886.0 3.1044e-05 4.8463e-05
387574 643 3884.3 3.1788e-05 4.8566e-05
387574 644 3879.4 3.1395e-05 4.8451e-05
387574 645 3876.8 3.1756e-05 4.8482e-05
387574 646 3872.7 3.0273e-05 4.8183e-05
387574 647 3871.0 3.1557e-05 4.8384e-05
387574 648 3866.0 3.0576e-05 4.8162e-05
387574 649 3863.5 3.1495e-05 4.8292e-05
387574 650 3859.8 3.2025e-05 4.8347e-05
387574 651 3798.8 2.976e-05 4.79e-05
387574 652 3852.8 3.1368e-05 4.8152e-05
387574 653 3847.8 3.1176e-05 4.8064e-05
387574 654 3846.5 3.1368e-05 4.8083e-05
387574 655 3841.5 3.2037e-05 4.8159e-05
387574 656 3841.2 3.1661e-05 4.8059e-05
387574 657 3838.8 3.158e-05 4.8032e-05
387574 658 3833.0 2.9984e-05 4.7693e-05
387574 659 3831.3 3.1359e-05 4.7914e-05
387574 660 3830.1 3.194e-05 4.7994e-05
387574 661 3823.6 3.0653e-05 4.7694e-05
387574 662 3822.6 3.1909e-05 4.7899e-05
387574 663 3820.1 3.1803e-05 4.7841e-05
387574 664 3760.0 3.1001e-05 4.7659e-05
387574 665 3814.3 3.1433e-05 4.7727e-05
387574 666 3808.6 3.0095e-05 4.7425e-05
387574 667 3808.4 3.1914e-05 4.7737e-05
387574 668 3803.9 3.1366e-05 4.76e-05
387574 669 3802.8 3.1906e-05 4.7673e-05
387574 670 3798.7 3.2279e-05 4.7705e-05
387574 671 3797.9 3.1855e-05 4.76e-05
387574 672 3794.0 3.1746e-05 4.7552e-05
387574 673 3790.5 3.1354e-05 4.744e-05
387574 674 3788.8 3.1776e-05 4.7496e-05
387574 675 3785.3 3.2146e-05 4.7532e-05
387574 676 3773.7 3.0577e-05 4.7209e-05
387574 677 3722.2 3.1119e-05 4.7289e-05
387574 678 3181.1 2.4429e-05 4.6057e-05
387574 679 3459.0 2.7613e-05 4.6576e-05
387574 680 3773.1 3.2489e-05 4.7456e-05
387574 681 3769.8 3.1597e-05 4.7245e-05
387574 682 3767.5 3.2549e-05 4.739e-05
387574 683 3764.7 3.1387e-05 4.7187e-05
387574 684 3758.6 3.172e-05 4.7151e-05
387574 685 3757.1 3.2313e-05 4.7236e-05
387574 686 3755.3 3.1672e-05 4.7101e-05
387574 687 3753.3 3.2409e-05 4.7212e-05
387574 688 3749.8 3.2387e-05 4.7168e-05
387574 689 3746.5 3.1545e-05 4.6981e-05
387574 690 3689.2 3.1848e-05 4.7005e-05
387574 691 3738.8 3.0705e-05 4.6754e-05
387574 692 3738.7 3.2319e-05 4.7032e-05
387574 693 3734.2 3.066e-05 4.6694e-05
387574 694 3730.7 3.2288e-05 4.6962e-05
387574 695 3729.4 3.2296e-05 4.6929e-05
387574 696 3726.6 3.0905e-05 4.6647e-05
387574 697 3725.0 3.2132e-05 4.6849e-05
387574 698 3719.4 3.0539e-05 4.6514e-05
387574 699 3718.7 3.2519e-05 4.6842e-05
387574 700 3717.5 3.2803e-05 4.6879e-05
387574 701 3714.4 3.1996e-05 4.6694e-05
387574 702 3710.1 3.1867e-05 4.6635e-05
387574 703 3649.7 3.0867e-05 4.6407e-05
387574 704 3703.0 3.2373e-05 4.6654e-05
387574 705 3701.2 3.2705e-05 4.6678e-05
387574 706 3697.2 3.1397e-05 4.6405e-05
387574 707 3695.4 3.2705e-05 4.6616e-05
387574 708 3692.2 3.1483e-05 4.6368e-05
387574 709 3690.3 3.2217e-05 4.6472e-05
387574 710 3688.2 3.2882e-05 4.6563e-05
387574 711 3683.3 3.1053e-05 4.6193e-05
387574 712 3683.6 3.263e-05 4.6462e-05
387574 713 3680.0 3.2294e-05 4.6366e-05
387574 714 3678.9 3.2197e-05 4.6333e-05
387574 715 3675.5 3.2862e-05 4.6424e-05
387574 716 3619.2 3.133e-05 4.6109e-05
387574 717 3673.2 3.2741e-05 4.6366e-05
387574 718 3667.6 3.1577e-05 4.6108e-05
387574 719 3665.5 3.2589e-05 4.6269e-05
387574 720 3664.2 3.3058e-05 4.6334e-05
387574 721 3658.2 3.0248e-05 4.5777e-05
387574 722 3659.0 3.2785e-05 4.6218e-05
387574 723 3656.3 3.1977e-05 4.6042e-05
387574 724 3651.9 3.2236e-05 4.6055e-05
387574 725 3650.6 3.3098e-05 4.6184e-05
387574 726 3649.2 3.2959e-05 4.6143e-05
387574 727 3645.6 3.2247e-05 4.5972e-05
387574 728 3641.6 3.3091e-05 4.6084e-05
387574 729 3583.1 3.0004e-05 4.5478e-05
387574 730 3637.6 3.2539e-05 4.5937e-05
387574 731 3633.2 3.1769e-05 4.5756e-05
387574 732 3632.8 3.276e-05 4.5923e-05
387574 733 3628.5 3.2131e-05 4.5775e-05
387574 734 3625.3 3.2377e-05 4.5783e-05
387574 735 3624.8 3.3179e-05 4.591e-05
387574 736 3620.9 3.2984e-05 4.5834e-05
387574 737 3619.3 3.2899e-05 4.5801e-05
387574 738 3620.3 3.2977e-05 4.5824e-05
387574 739 3613.0 3.2709e-05 4.5696e-05
387574 740 3611.0 3.3365e-05 4.579e-05
387574 741 3608.4 3.1935e-05 4.5495e-05
387574 742 3552.7 3.2406e-05 4.5559e-05
387574 743 3602.9 3.2424e-05 4.5538e-05
387574 744 3600.3 3.329e-05 4.5665e-05
387574 745 3598.2 3.321e-05 4.562e-05
387574 746 3595.8 3.2598e-05 4.5482e-05
387574 747 3592.3 3.3309e-05 4.5583e-05
387574 748 3589.3 3.2458e-05 4.5386e-05
387574 749 3586.8 3.2778e-05 4.5423e-05
387574 750 3584.3 3.343e-05 4.551e-05
387574 751 3581.6 3.3087e-05 4.5423e-05
387574 752 3579.9 3.3066e-05 4.5396e-05
387574 753 3575.7 3.23e-05 4.5212e-05
387574 754 3522.6 3.2104e-05 4.5158e-05
387574 755 3568.9 3.3273e-05 4.5355e-05
387574 756 3569.7 3.3098e-05 4.5282e-05
387574 757 3566.8 3.3242e-05 4.5281e-05
387574 758 3564.7 3.2815e-05 4.5177e-05
387574 759 3562.4 3.2698e-05 4.5133e-05
387574 760 3560.0 3.363e-05 4.5279e-05
387574 761 3557.0 3.2711e-05 4.5074e-05
387574 762 3554.3 3.3185e-05 4.5128e-05
387574 763 3553.9 3.1666e-05 4.4859e-05
387574 764 3557.9 3.3235e-05 4.5181e-05
387574 765 3553.9 3.3454e-05 4.5191e-05
387574 766 3551.8 3.2285e-05 4.4943e-05
387574 767 3498.9 3.271e-05 4.4995e-05
387574 768 3549.0 3.3008e-05 4.5046e-05
387574 769 3548.5 3.3362e-05 4.5099e-05
387574 770 3541.6 3.3423e-05 4.5076e-05
387574 771 3541.8 3.3064e-05 4.4983e-05
387574 772 3541.4 3.3522e-05 4.5046e-05
387574 773 3538.3 3.3261e-05 4.4967e-05
387574 774 3533.7 3.3044e-05 4.4902e-05
387574 775 3533.9 3.3527e-05 4.4979e-05
387574 776 3533.0 3.3278e-05 4.4903e-05
387574 777 3529.3 3.3493e-05 4.4914e-05
387574 778 3527.4 3.2715e-05 4.4751e-05
387574 779 3523.9 3.3089e-05 4.4786e-05
387574 780 3469.6 3.2813e-05 4.4711e-05
387574 781 3519.4 3.3555e-05 4.4843e-05
387574 782 3520.3 3.3623e-05 4.4823e-05
387574 783 3517.8 3.2978e-05 4.4692e-05
387574 784 3515.6 3.3233e-05 4.4714e-05
387574 785 3513.2 3.3868e-05 4.4811e-05
387574 786 3512.2 3.314e-05 4.4658e-05
387574 787 3511.8 3.392e-05 4.4785e-05
387574 788 3506.1 3.2548e-05 4.4485e-05
387574 789 3506.7 3.345e-05 4.4653e-05
387574 790 3504.9 3.403e-05 4.474e-05
387574 791 3500.1 3.2468e-05 4.4402e-05
387574 792 3125.2 2.8462e-05 4.3628e-05
387574 793 3260.0 3.0191e-05 4.3921e-05
387574 794 3493.5 3.3407e-05 4.45e-05
387574 795 3492.6 3.3941e-05 4.4589e-05
387574 796 3488.7 3.216e-05 4.4221e-05
387574 797 3489.6 3.374e-05 4.4509e-05
387574 798 3487.4 3.3266e-05 4.4396e-05
387574 799 3485.0 3.3543e-05 4.4435e-05
387574 800 3481.4 3.3796e-05 4.4463e-05
387574 801 3480.6 3.2994e-05 4.4275e-05
387574 802 3480.2 3.3696e-05 4.4395e-05
387574 803 3475.4 3.2311e-05 4.4103e-05
387574 804 3474.7 3.3794e-05 4.4366e-05
387574 805 2301.3 1.8188e-05 4.1506e-05
387574 806 0.0 0.0 0.0
387574 807 2708.1 2.3129e-05 4.231e-05
387574 808 3462.4 3.3101e-05 4.4091e-05
387574 809 3458.1 3.3637e-05 4.4148e-05
387574 810 3433.8 3.4281e-05 4.4313e-05
387574 811 3453.0 3.3612e-05 4.4081e-05
387574 812 3443.2 3.3832e-05 4.4124e-05
387574 813 3326.3 3.3895e-05 4.3209e-05
387574 814 3150.5 3.5714e-05 4.353e-05
387574 815 3191.2 3.5445e-05 4.354e-05
387574 816 3024.4 3.5861e-05 4.2905e-05
387574 817 3209.8 3.4991e-05 4.3435e-05
387574 818 3403.1 3.4414e-05 4.4193e-05
387574 819 3444.9 3.321e-05 4.3917e-05
387574 820 3391.9 3.3311e-05 4.3905e-05
387574 821 3438.0 3.2738e-05 4.3766e-05
387574 822 3423.4 3.3867e-05 4.4015e-05
387574 823 3427.6 3.3466e-05 4.3883e-05
387574 824 3398.2 3.4468e-05 4.4156e-05
387574 825 3395.3 3.423e-05 4.4078e-05
387574 826 3388.3 3.4566e-05 4.4155e-05
387574 827 3392.0 3.4251e-05 4.4032e-05
387574 828 3418.3 3.2916e-05 4.357e-05
387574 829 3382.6 3.404e-05 4.39e-05
387574 830 3376.8 3.4657e-05 4.4044e-05
387574 831 656.35 6.825e-06 3.8857e-05
387574 832 264.82 6.7918e-06 3.8726e-05
387574 833 3373.5 3.4126e-05 4.3808e-05
387574 834 3367.7 3.4523e-05 4.3924e-05
387574 835 3353.4 3.2905e-05 4.3385e-05
387574 836 3365.4 3.4109e-05 4.3706e-05
387574 837 3347.8 3.4669e-05 4.3932e-05
387574 838 3372.2 3.387e-05 4.3646e-05
387574 839 3349.1 3.4526e-05 4.3815e-05
387574 840 3354.3 3.4475e-05 4.3759e-05
387574 841 3358.0 3.3938e-05 4.3601e-05
387574 842 3354.7 3.3692e-05 4.352e-05
387574 843 3361.8 3.3472e-05 4.3352e-05
387574 844 668.44 6.8362e-06 3.8524e-05
387574 845 747.4 6.9046e-06 3.8545e-05
387574 846 3335.0 3.41e-05 4.3467e-05
387574 847 3283.9 3.4872e-05 4.3759e-05
387574 848 3371.2 3.2656e-05 4.3006e-05
387574 849 3289.7 3.362e-05 4.3321e-05
387574 850 3265.9 3.5139e-05 4.383e-05
387574 851 3299.1 3.4574e-05 4.3568e-05
387574 852 3267.3 3.4907e-05 4.3797e-05
387574 853 3277.4 3.484e-05 4.3689e-05
387574 854 3277.3 3.4716e-05 4.3612e-05
387574 855 3266.0 3.4861e-05 4.3676e-05
387574 856 3278.2 3.4612e-05 4.3548e-05
387574 857 3259.7 3.4685e-05 4.3562e-05
387574 858 3315.2 3.3462e-05 4.3038e-05
387574 859 3243.4 3.4904e-05 4.3628e-05
387574 860 3233.4 3.5113e-05 4.3668e-05
387574 861 3311.1 3.3252e-05 4.2869e-05
387574 862 3251.1 3.3791e-05 4.3004e-05
387574 863 3318.2 3.2761e-05 4.275e-05
387574 864 3217.1 3.5294e-05 4.3613e-05
387574 865 3191.8 3.5544e-05 4.369e-05
387574 866 3299.3 3.3303e-05 4.2816e-05
387574 867 3226.8 3.4935e-05 4.3446e-05
387574 868 3262.3 3.4023e-05 4.3059e-05
387574 869 3221.3 3.4731e-05 4.3344e-05
387574 870 3206.5 3.5113e-05 4.3457e-05
387574 871 3288.4 3.327e-05 4.27e-05
387574 872 3197.9 3.4944e-05 4.3321e-05
387574 873 3216.3 3.4402e-05 4.3113e-05
387574 874 3162.1 3.4492e-05 4.3145e-05
387574 875 3123.0 3.5897e-05 4.3707e-05
387574 876 3198.1 3.4348e-05 4.2996e-05
387574 877 3139.3 3.5655e-05 4.3518e-05
387574 878 3263.8 3.3239e-05 4.2523e-05
387574 879 3143.4 3.5473e-05 4.342e-05
387574 880 3102.6 3.5794e-05 4.3577e-05
387574 881 3201.3 3.4346e-05 4.293e-05
387574 882 3126.2 3.5501e-05 4.3445e-05
387574 883 3156.6 3.4964e-05 4.3165e-05
387574 884 3153.6 3.4995e-05 4.314e-05
387574 885 3072.4 3.6374e-05 4.3745e-05
387574 886 3194.9 3.3943e-05 4.2683e-05
387574 887 3060.1 3.5303e-05 4.3256e-05
387574 888 3150.8 3.4655e-05 4.2929e-05
387574 889 3089.3 3.5646e-05 4.3363e-05
387574 890 3059.1 3.6212e-05 4.3547e-05
387574 891 3075.8 3.5569e-05 4.3288e-05
387574 892 3050.0 3.5949e-05 4.3432e-05
387574 893 3145.7 3.4525e-05 4.2777e-05
387574 894 3089.0 3.5229e-05 4.3073e-05
387574 895 3035.5 3.6481e-05 4.3544e-05
387574 896 3049.0 3.5937e-05 4.3375e-05
387574 897 3046.6 3.6023e-05 4.336e-05
387574 898 3054.9 3.5475e-05 4.3144e-05
387574 899 3041.0 3.5865e-05 4.327e-05
387574 900 3009.6 3.5401e-05 4.3113e-05
387574 901 3044.2 3.5766e-05 4.3171e-05
387574 902 3020.3 3.6238e-05 4.3306e-05
387574 903 3027.0 3.6128e-05 4.3262e-05
387574 904 3037.4 3.5485e-05 4.3036e-05
387574 905 2978.1 3.6881e-05 4.3488e-05
387574 906 3017.8 3.6114e-05 4.3138e-05
387574 907 2998.2 3.6525e-05 4.3322e-05
387574 908 3127.5 3.3964e-05 4.2221e-05
387574 909 2984.9 3.6475e-05 4.3264e-05
387574 910 2964.9 3.6717e-05 4.3398e-05
387574 911 3083.8 3.4349e-05 4.2408e-05
387574 912 2974.9 3.6581e-05 4.3278e-05
387574 913 2994.4 3.4843e-05 4.2601e-05
387574 914 2978.1 3.6197e-05 4.3126e-05
387574 915 2936.8 3.7021e-05 4.3453e-05
387574 916 2996.5 3.6022e-05 4.2971e-05
387574 917 2929.7 3.7062e-05 4.3372e-05
387574 918 2957.8 3.6533e-05 4.3158e-05
387574 919 2954.5 3.6415e-05 4.3097e-05
387574 920 2922.4 3.7008e-05 4.327e-05
387574 921 2942.9 3.6509e-05 4.3072e-05
387574 922 2942.4 3.6622e-05 4.3106e-05
387574 923 2983.9 3.5452e-05 4.2627e-05
387574 924 2914.6 3.6852e-05 4.3143e-05
387574 925 2894.5 3.7368e-05 4.3349e-05
387574 926 2932.1 3.5546e-05 4.2626e-05
387574 927 2899.3 3.7075e-05 4.3227e-05
387574 928 2975.8 3.5252e-05 4.2479e-05
387574 929 2896.0 3.6794e-05 4.3122e-05
387574 930 2859.3 3.7549e-05 4.3399e-05
387574 931 2881.9 3.6833e-05 4.3071e-05
387574 932 2867.7 3.7392e-05 4.3231e-05
387574 933 2885.2 3.6648e-05 4.2957e-05
387574 934 1575.9 1.2624e-05 3.7271e-05
387574 935 2803.4 3.8149e-05 4.3502e-05
387574 936 2983.3 3.4226e-05 4.1934e-05
387574 937 2877.9 3.6799e-05 4.2912e-05
387574 938 2880.8 3.6456e-05 4.2759e-05
387574 939 2895.9 3.5466e-05 4.2276e-05
387574 940 2813.8 3.7859e-05 4.3354e-05
387574 941 2861.1 3.7051e-05 4.2963e-05
387574 942 2797.1 3.7961e-05 4.3379e-05
387574 943 2860.9 3.6598e-05 4.2774e-05
387574 944 2841.4 3.726e-05 4.2991e-05
387574 945 2763.9 3.842e-05 4.3528e-05
387574 946 2854.3 3.6661e-05 4.2685e-05
387574 947 2779.7 3.7945e-05 4.327e-05
387574 948 2852.0 3.6758e-05 4.2687e-05
387574 949 2767.1 3.8028e-05 4.3247e-05
387574 950 2756.6 3.8143e-05 4.3264e-05
387574 951 2766.5 3.8029e-05 4.3238e-05
387574 952 2797.9 3.6865e-05 4.2662e-05
387574 953 2853.5 3.5996e-05 4.2331e-05
387574 954 2752.6 3.7906e-05 4.315e-05
387574 955 2727.1 3.8611e-05 4.3448e-05
387574 956 2856.8 3.5911e-05 4.2246e-05
387574 957 2765.0 3.7716e-05 4.3038e-05
387574 958 2776.0 3.7102e-05 4.2722e-05
387574 959 2720.1 3.8169e-05 4.3141e-05
387574 960 2887.6 3.5105e-05 4.1811e-05
387574 961 2710.2 3.8494e-05 4.3307e-05
387574 962 2705.8 3.8694e-05 4.3293e-05
387574 963 2703.5 3.849e-05 4.3222e-05
387574 964 2736.7 3.7648e-05 4.2901e-05
387574 965 2708.1 3.7506e-05 4.2782e-05
387574 966 2875.8 3.5018e-05 4.1635e-05
387574 967 2677.9 3.8879e-05 4.3326e-05
387574 968 2697.3 3.8341e-05 4.3114e-05
387574 969 2706.7 3.7921e-05 4.2919e-05
387574 970 2670.7 3.8812e-05 4.3229e-05
387574 971 2717.8 3.7355e-05 4.2708e-05
387574 972 2684.5 3.8573e-05 4.3113e-05
387574 973 2739.7 3.6974e-05 4.2456e-05
387574 974 2655.6 3.884e-05 4.3182e-05
387574 975 2638.5 3.9342e-05 4.3394e-05
387574 976 2690.1 3.7767e-05 4.2781e-05
387574 977 2626.1 3.9188e-05 4.3312e-05
387574 978 2666.6 3.7268e-05 4.2528e-05
387574 979 2677.5 3.7667e-05 4.2719e-05
387574 980 2675.0 3.817e-05 4.2786e-05
387574 981 2770.2 3.6056e-05 4.1861e-05
387574 982 2676.3 3.7474e-05 4.2574e-05
387574 983 2683.7 3.7409e-05 4.2511e-05
387574 984 2659.9 3.8156e-05 4.271e-05
387574 985 2570.2 3.9541e-05 4.3386e-05
387574 986 2777.2 3.565e-05 4.1647e-05
387574 987 2550.6 3.9712e-05 4.3519e-05
387574 988 2661.3 3.7784e-05 4.2528e-05
387574 989 2613.3 3.8702e-05 4.2928e-05
387574 990 2553.2 3.9739e-05 4.3441e-05
387574 991 2720.6 3.5659e-05 4.1556e-05
387574 992 2540.8 3.9642e-05 4.3378e-05
387574 993 2654.3 3.7683e-05 4.2414e-05
387574 994 2626.3 3.8316e-05 4.2656e-05
387574 995 2588.0 3.8845e-05 4.2862e-05
387574 996 2639.4 3.756e-05 4.2309e-05
387574 997 2513.4 3.9903e-05 4.3432e-05
387574 998 2644.1 3.734e-05 4.2218e-05
387574 999 2581.4 3.8677e-05 4.2737e-05
387574 1000 2480.3 4.0363e-05 4.3583e-05
387574 1001 2641.6 3.7393e-05 4.2189e-05
387574 1002 2513.0 3.9579e-05 4.3226e-05
387574 1003 2635.8 3.6899e-05 4.2012e-05
387574 1004 2552.5 3.822e-05 4.2505e-05
387574 1005 2461.9 4.055e-05 4.3617e-05
387574 1006 2519.8 3.9294e-05 4.2998e-05
387574 1007 2456.9 4.0186e-05 4.3465e-05
387574 1008 2577.4 3.8329e-05 4.2478e-05
387574 1009 2467.5 4.0119e-05 4.3342e-05
387574 1010 2382.0 4.1399e-05 4.3984e-05
387574 1011 2544.3 3.8639e-05 4.2571e-05
387574 1012 2456.4 4.0159e-05 4.3325e-05
387574 1013 2546.6 3.8593e-05 4.2484e-05
387574 1014 2417.1 4.0444e-05 4.3472e-05
387574 1015 2383.9 4.1019e-05 4.3784e-05
387574 1016 2544.4 3.847e-05 4.2427e-05
387574 1017 2575.1 3.681e-05 4.1694e-05
387574 1018 2525.9 3.8665e-05 4.2462e-05
387574 1019 2372.2 4.0949e-05 4.3731e-05
387574 1020 2398.1 4.0808e-05 4.3548e-05
387574 1021 2534.2 3.8216e-05 4.2235e-05
387574 1022 2332.0 4.1398e-05 4.3911e-05
387574 1023 2458.9 3.9252e-05 4.278e-05
387574 1024 2429.1 3.9928e-05 4.3018e-05
387574 1025 2412.7 3.9932e-05 4.3036e-05
387574 1026 2367.1 4.0708e-05 4.3461e-05
387574 1027 2352.1 4.0676e-05 4.3511e-05
387574 1028 2435.1 3.9377e-05 4.2725e-05
387574 1029 2352.3 4.0154e-05 4.3104e-05
387574 1030 2259.7 4.2091e-05 4.4247e-05
387574 1031 2401.7 3.9923e-05 4.3005e-05
387574 1032 2251.1 4.1884e-05 4.4192e-05
387574 1033 2370.7 4.0247e-05 4.3155e-05
387574 1034 2336.2 4.0699e-05 4.3417e-05
387574 1035 2252.6 4.1856e-05 4.4077e-05
387574 1036 2325.5 4.0733e-05 4.3386e-05
387574 1037 2290.1 4.1055e-05 4.3622e-05
387574 1038 2526.1 3.7317e-05 4.1587e-05
387574 1039 2278.0 4.1097e-05 4.3588e-05
387574 1040 2187.4 4.2366e-05 4.4335e-05
387574 1041 2311.1 4.0737e-05 4.3312e-05
387574 1042 2323.0 4.0026e-05 4.2897e-05
387574 1043 2212.2 4.1999e-05 4.4043e-05
387574 1044 2177.5 4.2457e-05 4.433e-05
387574 1045 2158.2 4.2957e-05 4.4592e-05
387574 1046 2190.1 4.209e-05 4.4153e-05
387574 1047 2148.5 4.303e-05 4.4593e-05
387574 1048 2171.9 4.2353e-05 4.4253e-05
387574 1049 2186.8 4.2127e-05 4.4115e-05
387574 1050 2123.8 4.3209e-05 4.4689e-05
387574 1051 2408.0 3.852e-05 4.2031e-05
387574 1052 2121.9 4.3388e-05 4.4691e-05
387574 1053 2166.7 4.2166e-05 4.4089e-05
387574 1054 2143.0 4.2589e-05 4.4249e-05
387574 1055 2130.7 4.1995e-05 4.3974e-05
387574 1056 2362.2 3.917e-05 4.2277e-05
387574 1057 2161.1 4.225e-05 4.4021e-05
387574 1058 2151.8 4.2097e-05 4.3976e-05
387574 1059 2151.7 4.2139e-05 4.3989e-05
387574 1060 2036.7 4.4159e-05 4.5171e-05
387574 1061 2236.0 4.0662e-05 4.3129e-05
387574 1062 2060.7 4.374e-05 4.4846e-05
387574 1063 2081.4 4.3352e-05 4.4628e-05
387574 1064 2113.6 4.281e-05 4.4278e-05
387574 1065 2015.4 4.4372e-05 4.5171e-05
387574 1066 2073.7 4.3172e-05 4.4457e-05
387574 1067 2022.7 4.3972e-05 4.4875e-05
387574 1068 2131.3 4.1271e-05 4.3379e-05
387574 1069 2017.3 4.4211e-05 4.5e-05
387574 1070 1946.1 4.5106e-05 4.5618e-05
387574 1071 2045.8 4.3242e-05 4.4464e-05
387574 1072 2019.3 4.3801e-05 4.4784e-05
387574 1073 2138.4 4.1598e-05 4.3512e-05
387574 1074 1900.8 4.5594e-05 4.594e-05
387574 1075 1898.5 4.5626e-05 4.5912e-05
387574 1076 2089.8 4.2374e-05 4.3928e-05
387574 1077 1934.0 4.5033e-05 4.5549e-05
387574 1078 2126.3 4.1635e-05 4.3466e-05
387574 1079 1910.4 4.5268e-05 4.5695e-05
387574 1080 1896.6 4.5515e-05 4.5845e-05
387574 1081 2072.7 4.1786e-05 4.3557e-05
387708 1 6517.4 1.1646e-05 0.00010996
387708 2 7.3762 1.1593e-05 0.00010983
387708 3 51224.0 1.2002e-05 0.00010977
387708 4 64808.0 1.2752e-05 0.00010973
387708 5 64921.0 1.2801e-05 0.00010975
387708 6 64755.0 1.2768e-05 0.00010948
387708 7 64687.0 1.2742e-05 0.00010935
387708 8 64587.0 1.2713e-05 0.00010921
387708 9 64526.0 1.2706e-05 0.00010907
387708 10 64457.0 1.2706e-05 0.00010896
387708 11 16636.0 1.1449e-05 0.00010866
387708 12 0.0 0.0 0.0
387708 13 48483.0 1.1746e-05 0.00010851
387708 14 63986.0 1.2629e-05 0.00010853
387708 15 63826.0 1.2614e-05 0.00010839
387708 16 62755.0 1.2496e-05 0.0001083
387708 17 63801.0 1.2592e-05 0.0001082
387708 18 35398.0 1.1357e-05 0.00010792
387708 19 63676.0 1.2561e-05 0.00010798
387708 20 63511.0 1.2539e-05 0.00010789
387708 21 63501.0 1.2514e-05 0.00010776
387708 22 63503.0 1.2521e-05 0.00010767
387708 23 48268.0 1.1577e-05 0.00010744
387708 24 6.627 1.1161e-05 0.00010724
387708 25 25775.0 1.1177e-05 0.00010714
387708 26 63131.0 1.2453e-05 0.00010721
387708 27 63181.0 1.2416e-05 0.0001071
387708 28 63115.0 1.244e-05 0.00010698
387708 29 63045.0 1.2409e-05 0.00010686
387708 30 62950.0 1.2367e-05 0.00010674
387708 31 62028.0 1.2352e-05 0.00010666
387708 32 62857.0 1.2369e-05 0.00010654
387708 33 62795.0 1.2324e-05 0.00010642
387708 34 62697.0 1.2348e-05 0.00010629
387708 35 62656.0 1.2323e-05 0.00010616
387708 36 62582.0 1.2313e-05 0.00010605
387708 37 62528.0 1.2306e-05 0.00010596
387708 38 62359.0 1.2299e-05 0.00010583
387708 39 62386.0 1.2271e-05 0.0001057
387708 40 62328.0 1.2246e-05 0.0001056
387708 41 62271.0 1.2244e-05 0.00010547
387708 42 62166.0 1.2228e-05 0.00010534
387708 43 62047.0 1.2236e-05 0.00010525
387708 44 61182.0 1.2139e-05 0.00010513
387708 45 61837.0 1.219e-05 0.00010505
387708 46 61981.0 1.2236e-05 0.00010498
387708 47 61725.0 1.2146e-05 0.00010488
387708 48 61882.0 1.2152e-05 0.00010482
387708 49 17015.0 1.0766e-05 0.00010452
387708 50 6.3882 1.0715e-05 0.00010444
387708 51 6.5329 1.0692e-05 0.00010434
387708 52 42590.0 1.0958e-05 0.00010428
387708 53 61587.0 1.2107e-05 0.00010432
387708 54 61538.0 1.2101e-05 0.00010422
387708 55 61466.0 1.2122e-05 0.00010411
387708 56 61392.0 1.2106e-05 0.00010402
387708 57 61289.0 1.2086e-05 0.00010393
387708 58 61294.0 1.2066e-05 0.0001038
387708 59 60376.0 1.2004e-05 0.00010371
387708 60 61178.0 1.2092e-05 0.00010359
387708 61 61098.0 1.2031e-05 0.00010345
387708 62 29402.0 1.0572e-05 0.0001032
387708 63 0.0 0.0 0.0
387708 64 58365.0 1.1765e-05 0.00010321
387708 65 60818.0 1.1947e-05 0.00010313
387708 66 60811.0 1.1982e-05 0.00010297
387708 67 60833.0 1.1987e-05 0.00010298
387708 68 60755.0 1.1979e-05 0.00010288
387708 69 60614.0 1.1964e-05 0.00010275
387708 70 60618.0 1.1961e-05 0.0001026
387708 71 60627.0 1.1954e-05 0.00010262
387708 72 60557.0 1.1949e-05 0.00010249
387708 73 59602.0 1.1858e-05 0.00010237
387708 74 60248.0 1.1914e-05 0.0001023
387708 75 1450.9 1.033e-05 0.00010199
387708 76 6.7729 1.0323e-05 0.0001019
387708 77 6.4052 1.0306e-05 0.0001018
387708 78 30906.0 1.0369e-05 0.00010173
387708 79 60156.0 1.1845e-05 0.0001018
387708 80 60090.0 1.1857e-05 0.00010169
387708 81 60033.0 1.1877e-05 0.00010159
387708 82 59991.0 1.1826e-05 0.00010151
387708 83 59910.0 1.1812e-05 0.00010141
387708 84 59848.0 1.1799e-05 0.0001013
387708 85 59714.0 1.1771e-05 0.00010118
387708 86 59741.0 1.1804e-05 0.00010108
387708 87 59671.0 1.1788e-05 0.000101
387708 88 58752.0 1.1688e-05 0.00010089
387708 89 59584.0 1.1803e-05 0.00010082
387708 90 59281.0 1.1756e-05 0.00010073
387708 91 59423.0 1.173e-05 0.00010056
387708 92 59389.0 1.1695e-05 0.00010051
387708 93 59378.0 1.1756e-05 0.00010046
387708 94 59210.0 1.1692e-05 0.00010032
387708 95 58899.0 1.1707e-05 0.00010021
387708 96 59094.0 1.1721e-05 0.00010012
387708 97 59030.0 1.1709e-05 0.00010002
387708 98 59046.0 1.1642e-05 9.9889e-05
387708 99 58432.0 1.1639e-05 9.9836e-05
387708 100 58352.0 1.1603e-05 9.9744e-05
387708 101 58055.0 1.1587e-05 9.9641e-05
387708 102 58681.0 1.1639e-05 9.954e-05
387708 103 58777.0 1.1611e-05 9.943e-05
387708 104 58548.0 1.1593e-05 9.9327e-05
387708 105 58679.0 1.1616e-05 9.9247e-05
387708 106 58426.0 1.1602e-05 9.9185e-05
387708 107 15701.0 9.9167e-06 9.8847e-05
387708 108 14957.0 9.9056e-06 9.8754e-05
387708 109 58451.0 1.1586e-05 9.8861e-05
387708 110 58194.0 1.1584e-05 9.8725e-05
387708 111 58208.0 1.1581e-05 9.8682e-05
387708 112 58119.0 1.158e-05 9.8576e-05
387708 113 58145.0 1.1595e-05 9.8475e-05
387708 114 57220.0 1.1446e-05 9.8374e-05
387708 115 57132.0 1.1443e-05 9.8313e-05
387708 116 16388.0 9.8007e-06 9.807e-05
387708 117 6.5388 9.757e-06 9.7973e-05
387708 118 27042.0 9.7983e-06 9.7903e-05
387708 119 57880.0 1.1557e-05 9.8016e-05
387708 120 8665.8 9.7422e-06 9.7712e-05
387474 36 29.398 8.4151e-05 0.00013477
387474 37 91.157 0.00014824 0.00023743
387474 38 157.36 0.00013832 0.00015064
387474 39 208.36 0.00011562 0.00013517
387474 40 215.39 0.00010858 0.00013219
387474 41 178.15 0.00012862 0.0001415
387474 42 90.937 0.00014791 0.00023689
387474 43 91.015 0.00014803 0.00023706
387474 44 90.747 0.00014769 0.00023647
387474 45 169.6 0.00013248 0.00014462
387474 46 91.277 0.00014847 0.00023776
387474 47 91.034 0.00014814 0.00023719
387474 48 91.168 0.00014834 0.00023753
387474 49 189.76 0.00012367 0.00013845
387474 50 220.75 0.00011074 0.0001343
387474 51 209.66 0.00011421 0.00013487
387474 52 116.69 9.0988e-05 0.00010436
387474 53 87.572 0.00014602 0.00023384
387474 54 90.321 0.00014853 0.00023782
387474 55 89.996 0.00014792 0.00023689
387474 56 223.07 0.00010947 0.00013452
387474 57 223.2 0.00010893 0.00013417
387474 58 223.24 0.00010911 0.00013431
387474 59 222.81 0.00010908 0.00013417
387474 60 24.29 9.4439e-06 6.1436e-05
387474 61 87.218 3.3414e-05 7.7352e-05
387474 62 222.18 0.00010939 0.00013425
387474 63 222.12 0.00010875 0.00013376
387474 64 222.56 0.00010933 0.00013429
387474 65 222.25 0.00010928 0.00013418
387474 66 221.61 0.00010971 0.00013433
387474 67 216.86 0.00010696 0.00013196
387474 68 221.4 0.00010998 0.00013446
387474 69 221.12 0.00010962 0.00013413
387474 70 220.97 0.00010983 0.00013426
387474 71 220.93 0.00011003 0.00013439
387474 72 220.56 0.00010962 0.000134
387474 73 220.68 0.00010991 0.00013424
387474 74 220.85 0.0001101 0.00013442
387474 75 220.62 0.00010981 0.00013416
387474 76 220.36 0.00010993 0.00013417
387474 77 220.29 0.00011013 0.0001343
387474 78 220.12 0.00011026 0.00013435
387474 79 220.09 0.00011005 0.00013419
387474 80 215.64 0.00010806 0.00013243
387474 81 220.08 0.00011035 0.0001344
387474 82 219.66 0.00011003 0.00013407
387474 83 219.84 0.00011041 0.00013439
387474 84 219.78 0.00011047 0.00013442
387474 85 219.5 0.00011016 0.00013412
387474 86 219.49 0.00011045 0.00013433
387474 87 219.48 0.00011055 0.0001344
387474 88 219.33 0.00011024 0.00013414
387474 89 219.18 0.00011057 0.00013434
387474 90 219.05 0.00011032 0.00013413
387474 91 218.99 0.00011063 0.00013434
387474 92 218.71 0.00011081 0.0001344
387474 93 214.27 0.00010828 0.00013224
387474 94 218.65 0.00011061 0.00013424
387474 95 218.46 0.00011099 0.00013447
387474 96 218.49 0.0001113 0.00013472
387474 97 218.38 0.00011094 0.00013442
387474 98 218.2 0.00011098 0.0001344
387474 99 217.74 0.00011094 0.00013426
387474 100 217.96 0.00011085 0.00013423
387474 101 217.89 0.00011089 0.00013426
387474 102 217.57 0.00011056 0.00013394
387474 103 217.62 0.00011091 0.00013421
387474 104 217.8 0.00011078 0.00013415
387474 105 217.71 0.00011092 0.00013424
387474 106 213.03 0.0001083 0.00013197
387474 107 217.83 0.0001114 0.00013462
387474 108 217.4 0.00011086 0.00013411
387474 109 217.18 0.00011096 0.00013415
387474 110 217.27 0.00011111 0.00013427
387474 111 217.24 0.00011114 0.00013429
387474 112 217.04 0.00011108 0.00013419
387474 113 216.96 0.00011152 0.0001345
387474 114 216.65 0.00011157 0.00013446
387474 115 216.87 0.00011164 0.00013457
387474 116 216.76 0.00011137 0.00013434
387474 117 216.29 0.00011143 0.00013427
387474 118 216.36 0.00011132 0.0001342
387474 119 212.34 0.00010925 0.00013246
387474 120 216.32 0.0001115 0.00013433
387474 121 216.33 0.00011169 0.00013447
387474 122 216.44 0.00011178 0.00013456
387474 123 216.52 0.00011161 0.00013445
387474 124 216.23 0.00011155 0.00013434
387474 125 216.17 0.00011173 0.00013446
387474 126 216.29 0.00011195 0.00013465
387474 127 215.99 0.00011195 0.00013459
387474 128 215.96 0.00011202 0.00013463
387474 129 215.71 0.00011181 0.00013441
387474 130 215.39 0.00011214 0.00013457
387474 131 215.35 0.00011189 0.00013438
387474 132 211.03 0.0001096 0.00013239
387474 133 215.32 0.00011184 0.00013435
387474 134 214.94 0.00011204 0.0001344
387474 135 215.02 0.00011187 0.00013429
387474 136 215.15 0.00011204 0.00013445
387474 137 215.03 0.00011198 0.00013437
387474 138 214.69 0.00011181 0.00013416
387474 139 215.02 0.00011212 0.00013448
387474 140 215.02 0.00011206 0.00013443
387474 141 215.12 0.00011234 0.00013466
387474 142 214.96 0.0001124 0.00013467
387474 143 214.53 0.00011204 0.0001343
387474 144 214.87 0.00011261 0.00013481
387474 145 210.18 0.00011015 0.00013259
387474 146 214.52 0.00011219 0.00013441
387474 147 214.54 0.0001127 0.0001348
387474 148 214.04 0.00011258 0.00013459
387474 149 214.12 0.00011272 0.00013471
387474 150 214.27 0.00011271 0.00013474
387474 151 213.85 0.00011227 0.00013431
387474 152 213.76 0.00011274 0.00013465
387474 153 214.04 0.00011281 0.00013476
387474 154 213.93 0.00011271 0.00013466
387474 155 213.62 0.00011245 0.0001344
387474 156 213.47 0.00011259 0.00013446
387474 157 213.73 0.00011275 0.00013464
387474 158 209.34 0.00011009 0.00013235
387474 159 213.55 0.00011247 0.00013439
387474 160 213.51 0.00011269 0.00013455
387474 161 213.71 0.00011304 0.00013486
387474 162 213.32 0.00011254 0.00013439
387474 163 213.15 0.00011281 0.00013456
387474 164 213.32 0.00011314 0.00013485
387474 165 213.3 0.00011298 0.00013473
387474 166 213.04 0.0001129 0.0001346
387474 167 212.81 0.00011281 0.00013447
387474 168 212.87 0.00011318 0.00013477
387474 169 212.8 0.00011314 0.00013472
387474 170 208.09 0.00011102 0.00013274
387474 171 212.27 0.00011305 0.00013453
387474 172 212.53 0.00011319 0.0001347
387474 173 212.23 0.00011279 0.00013432
387474 174 212.03 0.00011284 0.00013431
387474 175 212.04 0.00011291 0.00013438
387474 176 212.37 0.00011309 0.00013459
387474 177 212.46 0.00011337 0.00013481
387474 178 212.36 0.00011329 0.00013474
387474 179 212.61 0.00011372 0.00013511
387474 180 212.39 0.00011365 0.00013501
387474 181 212.42 0.00011378 0.00013513
387474 182 212.17 0.0001137 0.000135
387474 183 207.73 0.00011145 0.00013297
387474 184 211.74 0.00011339 0.00013467
387474 185 211.72 0.00011377 0.00013495
387474 186 211.52 0.00011384 0.00013496
387474 187 211.22 0.00011379 0.00013485
387474 188 211.14 0.00011335 0.0001345
387474 189 210.67 0.00011285 0.00013404
387474 190 210.97 0.00011336 0.00013446
387474 191 211.03 0.00011335 0.00013447
387474 192 210.57 0.00011342 0.00013443
387474 193 210.79 0.00011367 0.00013467
387474 194 211.13 0.00011366 0.00013474
387474 195 211.01 0.00011344 0.00013454
387474 196 206.73 0.00011153 0.0001328
387474 197 211.08 0.00011385 0.00013487
387474 198 210.84 0.00011384 0.0001348
387474 199 210.79 0.0001138 0.00013477
387474 200 210.74 0.00011372 0.00013469
387474 201 210.45 0.00011359 0.00013452
387474 202 210.54 0.00011359 0.00013455
387474 203 210.38 0.00011359 0.00013451
387474 204 210.25 0.00011381 0.00013465
387474 205 210.05 0.00011385 0.00013463
387474 206 209.97 0.0001139 0.00013465
387474 207 210.16 0.0001139 0.00013469
387474 208 210.23 0.00011425 0.00013498
387474 209 205.67 0.00011181 0.00013276
387474 210 209.92 0.000114 0.00013471
387474 211 209.75 0.00011344 0.00013425
387474 212 209.93 0.00011416 0.00013485
387474 213 209.97 0.00011421 0.00013489
387474 214 209.58 0.00011407 0.0001347
387474 215 209.57 0.00011378 0.00013447
387474 216 209.85 0.0001142 0.00013486
387474 217 209.74 0.00011464 0.00013517
387474 218 209.62 0.00011464 0.00013514
387474 219 209.51 0.00011467 0.00013514
387474 220 209.4 0.00011471 0.00013516
387474 221 208.99 0.00011451 0.00013491
387474 222 204.49 0.00011222 0.0001328
387474 223 208.8 0.00011418 0.00013461
387474 224 208.88 0.00011406 0.00013453
387474 225 208.89 0.00011451 0.00013487
387474 226 208.69 0.00011464 0.00013493
387474 227 209.11 0.00011472 0.00013509
387474 228 209.2 0.00011488 0.00013523
387474 229 208.77 0.00011461 0.00013493
387474 230 208.51 0.00011469 0.00013493
387474 231 208.31 0.00011474 0.00013492
387474 232 208.01 0.00011454 0.00013474
387474 233 208.0 0.00011486 0.00013496
387474 234 208.0 0.00011485 0.00013494
387474 235 203.75 0.00011286 0.00013312
387474 236 207.65 0.00011515 0.00013509
387474 237 207.53 0.00011546 0.00013533
387474 238 207.51 0.00011502 0.00013497
387474 239 207.46 0.00011516 0.00013507
387474 240 207.17 0.00011533 0.00013514
387474 241 207.2 0.0001152 0.00013504
387474 242 207.23 0.00011554 0.00013532
387474 243 206.97 0.00011521 0.000135
387474 244 207.14 0.00011546 0.00013523
387474 245 206.81 0.00011574 0.00013538
387474 246 206.66 0.00011557 0.00013521
387474 247 206.5 0.00011487 0.00013463
387474 248 202.48 0.00011336 0.00013322
387474 249 206.42 0.00011551 0.00013512
387474 250 206.26 0.00011527 0.0001349
387474 251 206.28 0.00011563 0.00013518
387474 252 206.21 0.00011591 0.00013538
387474 253 206.19 0.00011581 0.00013531
387474 254 205.96 0.00011575 0.0001352
387474 255 205.84 0.0001155 0.00013498
387474 256 205.58 0.00011577 0.00013514
387474 257 205.45 0.00011569 0.00013505
387474 258 205.69 0.00011604 0.00013537
387474 259 205.72 0.000116 0.00013534
387474 260 205.4 0.00011608 0.00013535
387474 261 200.7 0.00011303 0.00013257
387474 262 205.42 0.00011589 0.00013519
387474 263 204.95 0.00011575 0.00013499
387474 264 204.96 0.00011571 0.00013496
387474 265 68.575 3.035e-05 6.8272e-05
387474 266 202.05 0.00011448 0.00013382
387474 267 204.31 0.00011595 0.00013505
387474 268 204.68 0.00011652 0.00013554
387474 269 205.04 0.00011646 0.00013557
387474 270 204.46 0.00011633 0.00013535
387474 271 204.4 0.00011656 0.00013552
387474 272 204.33 0.00011644 0.0001354
387474 273 204.38 0.00011638 0.00013537
387474 274 199.89 0.00011435 0.00013346
387474 275 204.09 0.00011641 0.00013532
387474 276 204.07 0.00011667 0.00013553
387474 277 203.98 0.00011615 0.0001351
387474 278 203.86 0.0001167 0.00013551
387474 279 203.56 0.00011646 0.00013526
387474 280 203.73 0.00011669 0.00013547
387474 281 203.36 0.00011618 0.00013499
387474 282 203.46 0.00011707 0.00013572
387474 283 203.23 0.00011698 0.00013561
387474 284 203.57 0.00011704 0.00013572
387474 285 203.27 0.0001172 0.00013579
387474 286 202.85 0.00011682 0.00013541
387474 287 199.08 0.00011481 0.0001336
387474 288 202.92 0.00011697 0.00013553
387474 289 202.93 0.00011703 0.00013559
387474 290 202.76 0.00011681 0.00013537
387474 291 202.74 0.00011699 0.00013552
387474 292 202.56 0.000117 0.00013548
387474 293 202.75 0.00011712 0.00013561
387474 294 201.47 0.00011649 0.00013501
387474 295 202.35 0.00011705 0.00013549
387474 296 202.31 0.00011722 0.00013561
387474 297 202.09 0.00011722 0.00013557
387474 298 202.02 0.0001175 0.00013578
387474 299 201.8 0.00011739 0.00013565
387474 300 197.42 0.00011445 0.00013297
387474 301 201.87 0.00011746 0.00013571
387474 302 201.54 0.00011746 0.00013565
387474 303 201.7 0.00011775 0.0001359
387474 304 201.73 0.00011763 0.00013582
387474 305 201.54 0.00011749 0.00013567
387474 306 201.48 0.00011754 0.00013569
387474 307 201.5 0.00011777 0.00013588
387474 308 201.19 0.0001172 0.00013537
387474 309 201.14 0.00011752 0.00013562
387474 310 201.22 0.00011787 0.00013592
387474 311 201.23 0.00011802 0.00013603
387474 312 201.08 0.00011803 0.00013601
387474 313 196.75 0.00011593 0.00013401
387474 314 200.8 0.00011816 0.00013606
387474 315 200.72 0.000118 0.00013592
387474 316 200.22 0.00011771 0.00013561
387474 317 200.24 0.00011814 0.00013594
387474 318 200.22 0.00011792 0.00013576
387474 319 158.57 9.3309e-05 0.00011382
387474 320 200.18 0.0001174 0.00013533
387474 321 200.43 0.000118 0.00013586
387474 322 200.37 0.00011813 0.00013596
387474 323 200.23 0.00011804 0.00013586
387474 324 138.46 8.1021e-05 0.00010335
387474 325 200.23 0.00011799 0.00013582
387474 326 195.95 0.0001158 0.00013375
387474 327 200.02 0.00011818 0.00013593
387474 328 200.14 0.00011821 0.00013598
387474 329 189.96 0.00011232 0.00013055
387474 330 0.023931 1.1402e-06 5.3085e-05
387474 331 85.496 4.5462e-05 7.5983e-05
387474 332 199.67 0.00011816 0.00013583
387474 333 199.63 0.00011836 0.000136
387474 334 199.32 0.00011797 0.00013562
387474 335 199.42 0.00011825 0.00013587
387474 336 199.23 0.00011826 0.00013584
387474 337 198.96 0.00011794 0.00013552
387474 338 199.29 0.00011858 0.00013611
387474 339 199.41 0.00011867 0.0001362
387474 340 195.27 0.00011653 0.0001342
387474 341 199.28 0.00011897 0.00013643
387474 342 199.26 0.00011869 0.00013619
387474 343 199.17 0.00011909 0.00013651
387474 344 198.88 0.00011871 0.00013613
387474 345 198.91 0.00011848 0.00013595
387474 346 198.76 0.00011917 0.00013649
387474 347 198.97 0.00011932 0.00013665
387474 348 198.81 0.00011912 0.00013646
387474 349 198.82 0.00011893 0.0001363
387474 350 198.51 0.00011902 0.00013632
387474 351 198.31 0.00011883 0.00013613
387474 352 198.51 0.000119 0.0001363
387474 353 194.04 0.00011653 0.00013399
387474 354 198.27 0.00011911 0.00013635
387693 5 16.526 1.1851e-05 0.00011859
387693 6 22.18 1.1811e-05 0.00011835
387693 7 0.0 0.0 0.0
387707 16 0.0 0.0 0.0
387707 17 0.0 0.0 0.0
387707 18 0.0 0.0 0.0
387707 19 0.0 0.0 0.0
387707 20 0.0 0.0 0.0
387707 21 0.0 0.0 0.0
387707 22 0.0 0.0 0.0
387707 23 0.0 0.0 0.0
387707 24 0.0 0.0 0.0
387707 25 0.0 0.0 0.0
387707 26 0.0 0.0 0.0
387707 27 0.0 0.0 0.0
387707 28 0.0 0.0 0.0
387707 29 0.0 0.0 0.0
387707 30 0.0 0.0 0.0
387707 31 0.0 0.0 0.0
387707 32 0.0 0.0 0.0
387707 33 0.0 0.0 0.0
387707 34 0.0 0.0 0.0
387707 35 0.0 0.0 0.0
387707 36 0.0 0.0 0.0
387707 37 0.0 0.0 0.0
387707 38 0.0 0.0 0.0
387696 1 277.21 5.6271e-06 6.5425e-05
387696 2 25788.0 7.0305e-06 6.5517e-05
387696 3 38812.0 1.0663e-05 6.5731e-05
387696 4 38818.0 1.0598e-05 6.5731e-05
387696 5 38807.0 1.0561e-05 6.5713e-05
387696 6 38773.0 1.0603e-05 6.5658e-05
387696 7 38774.0 1.0644e-05 6.5666e-05
387696 8 38732.0 1.0583e-05 6.5609e-05
387696 9 38723.0 1.0494e-05 6.5576e-05
387696 10 38710.0 1.0544e-05 6.5545e-05
387696 11 6793.6 5.6255e-06 6.5108e-05
387696 12 7299.0 5.6274e-06 6.5095e-05
387696 13 38650.0 1.0607e-05 6.5456e-05
387696 14 38625.0 1.0567e-05 6.5395e-05
387696 15 38610.0 1.0588e-05 6.5389e-05
387696 16 38008.0 1.0429e-05 6.5322e-05
387696 17 38565.0 1.0567e-05 6.5302e-05
387696 18 38546.0 1.0537e-05 6.5261e-05
387696 19 38531.0 1.0641e-05 6.5248e-05
387696 20 38508.0 1.0629e-05 6.5209e-05
387696 21 38477.0 1.0669e-05 6.5178e-05
387696 22 38466.0 1.0575e-05 6.5128e-05
387696 23 38450.0 1.064e-05 6.51e-05
387696 24 38434.0 1.0599e-05 6.5078e-05
387696 25 38419.0 1.0664e-05 6.505e-05
387696 26 38378.0 1.0591e-05 6.4977e-05
387696 27 38351.0 1.0629e-05 6.4941e-05
387696 28 38327.0 1.064e-05 6.4899e-05
387696 29 37751.0 1.0469e-05 6.4862e-05
387696 30 38279.0 1.0633e-05 6.4832e-05
387696 31 38247.0 1.0612e-05 6.4763e-05
387696 32 38242.0 1.0659e-05 6.4744e-05
387696 33 38205.0 1.0686e-05 6.4697e-05
387696 34 38164.0 1.0589e-05 6.4622e-05
387696 35 38157.0 1.0666e-05 6.4599e-05
387696 36 38138.0 1.0689e-05 6.4563e-05
387696 37 38099.0 1.0569e-05 6.4525e-05
387696 38 38095.0 1.0742e-05 6.4511e-05
387696 39 38071.0 1.0678e-05 6.4462e-05
387696 40 38004.0 1.0587e-05 6.4435e-05
387696 41 38032.0 1.0616e-05 6.4384e-05
387696 42 37452.0 1.0462e-05 6.4326e-05
387696 43 37984.0 1.0703e-05 6.4316e-05
387696 44 37966.0 1.067e-05 6.4283e-05
387696 45 37942.0 1.0661e-05 6.4228e-05
387696 46 37930.0 1.0631e-05 6.4214e-05
387696 47 37924.0 1.0686e-05 6.4202e-05
387696 48 37803.0 1.0691e-05 6.4157e-05
387696 49 37892.0 1.0778e-05 6.4163e-05
387696 50 37888.0 1.0729e-05 6.4151e-05
387696 51 37871.0 1.069e-05 6.4109e-05
387696 52 37859.0 1.0728e-05 6.41e-05
387696 53 37836.0 1.0643e-05 6.4079e-05
387696 54 37265.0 1.0419e-05 6.4029e-05
387696 55 37821.0 1.0661e-05 6.4037e-05
387696 56 37776.0 1.0572e-05 6.3973e-05
387696 57 37763.0 1.0734e-05 6.3956e-05
387696 58 37734.0 1.0613e-05 6.391e-05
387696 59 37744.0 1.0684e-05 6.3896e-05
387696 60 37720.0 1.0704e-05 6.3871e-05
387696 61 37692.0 1.0654e-05 6.3827e-05
387696 62 37663.0 1.0827e-05 6.3775e-05
387696 63 37596.0 1.0716e-05 6.3725e-05
387696 64 37641.0 1.0716e-05 6.3718e-05
387696 65 37582.0 1.072e-05 6.3663e-05
387696 66 37568.0 1.0715e-05 6.3641e-05
387696 67 37031.0 1.0424e-05 6.3584e-05
387696 68 37555.0 1.0773e-05 6.357e-05
387696 69 37512.0 1.0662e-05 6.3533e-05
387696 70 37494.0 1.0787e-05 6.3479e-05
387696 71 37460.0 1.0676e-05 6.341e-05
387696 72 37449.0 1.0773e-05 6.3391e-05
387696 73 37399.0 1.0719e-05 6.3332e-05
387696 74 37381.0 1.0748e-05 6.3293e-05
387696 75 37329.0 1.0705e-05 6.3282e-05
387696 76 37357.0 1.0804e-05 6.3239e-05
387696 77 37337.0 1.0803e-05 6.3213e-05
387696 78 37318.0 1.0722e-05 6.3188e-05
387696 79 37278.0 1.0775e-05 6.3156e-05
387696 80 36720.0 1.0577e-05 6.3062e-05
387696 81 37233.0 1.0721e-05 6.3036e-05
387696 82 37221.0 1.0751e-05 6.3004e-05
387696 83 37162.0 1.0762e-05 6.2951e-05
387696 84 37179.0 1.0755e-05 6.2934e-05
387696 85 30933.0 8.6371e-06 6.275e-05
387696 86 37138.0 1.0791e-05 6.2853e-05
387696 87 37129.0 1.081e-05 6.2851e-05
387696 88 37102.0 1.0735e-05 6.2803e-05
387696 89 37093.0 1.0763e-05 6.2797e-05
387696 90 37090.0 1.0794e-05 6.2786e-05
387696 91 37062.0 1.0741e-05 6.2743e-05
387696 92 37003.0 1.0826e-05 6.2736e-05
387696 93 36522.0 1.0572e-05 6.2709e-05
387696 94 37036.0 1.0756e-05 6.2688e-05
387696 95 37040.0 1.0691e-05 6.2689e-05
387696 96 37025.0 1.0588e-05 6.266e-05
387696 97 36996.0 1.0773e-05 6.2625e-05
387696 98 36979.0 1.0746e-05 6.2593e-05
387696 99 36938.0 1.0724e-05 6.2568e-05
387696 100 36940.0 1.0831e-05 6.2522e-05
387696 101 36873.0 1.0757e-05 6.2571e-05
387696 102 36903.0 1.0778e-05 6.2469e-05
387696 103 36811.0 1.0756e-05 6.2431e-05
387696 104 36872.0 1.0782e-05 6.2421e-05
387696 105 36851.0 1.0741e-05 6.2379e-05
387696 106 36261.0 1.0541e-05 6.2307e-05
387696 107 36807.0 1.0785e-05 6.2303e-05
387696 108 36799.0 1.0686e-05 6.2278e-05
387696 109 36749.0 1.0721e-05 6.2244e-05
387696 110 36744.0 1.0837e-05 6.2227e-05
387696 111 36724.0 1.0766e-05 6.218e-05
387696 112 36724.0 1.0853e-05 6.216e-05
387696 113 36635.0 1.074e-05 6.2131e-05
387696 114 36595.0 1.0878e-05 6.2094e-05
387696 115 36591.0 1.077e-05 6.206e-05
387696 116 36569.0 1.0879e-05 6.2027e-05
387696 117 36555.0 1.0793e-05 6.1998e-05
387696 118 36541.0 1.0732e-05 6.198e-05
387696 119 35939.0 1.0512e-05 6.1925e-05
387696 120 36436.0 1.0769e-05 6.1894e-05
387696 121 36487.0 1.085e-05 6.1884e-05
387696 122 36472.0 1.0854e-05 6.1852e-05
387696 123 36452.0 1.0777e-05 6.1813e-05
387696 124 36424.0 1.0653e-05 6.1772e-05
387696 125 36392.0 1.0783e-05 6.1741e-05
387696 126 36388.0 1.08e-05 6.1712e-05
387696 127 36358.0 1.0882e-05 6.1701e-05
387696 128 36346.0 1.0802e-05 6.1642e-05
387696 129 36331.0 1.0765e-05 6.1615e-05
387696 130 36331.0 1.0756e-05 6.1603e-05
387696 131 36316.0 1.0849e-05 6.1578e-05
387696 132 35762.0 1.062e-05 6.1521e-05
387696 133 36270.0 1.083e-05 6.1514e-05
387696 134 36242.0 1.0962e-05 6.147e-05
387696 135 36217.0 1.0865e-05 6.142e-05
387696 136 36204.0 1.077e-05 6.1379e-05
387696 137 36159.0 1.0862e-05 6.1364e-05
387696 138 36156.0 1.0912e-05 6.1325e-05
387696 139 36173.0 1.0847e-05 6.134e-05
387696 140 36142.0 1.0879e-05 6.1292e-05
387696 141 36133.0 1.086e-05 6.1271e-05
387696 142 36125.0 1.085e-05 6.1258e-05
387696 143 36097.0 1.1013e-05 6.1222e-05
387696 144 36085.0 1.0887e-05 6.1193e-05
387696 145 35532.0 1.0678e-05 6.1163e-05
387696 146 36043.0 1.0959e-05 6.114e-05
387696 147 35980.0 1.0862e-05 6.1109e-05
387696 148 35959.0 1.079e-05 6.1083e-05
387696 149 36004.0 1.0896e-05 6.106e-05
387696 150 35984.0 1.0831e-05 6.1017e-05
387696 151 35965.0 1.085e-05 6.0984e-05
387696 152 35936.0 1.086e-05 6.0951e-05
387696 153 35920.0 1.0769e-05 6.0912e-05
387696 154 35897.0 1.084e-05 6.0884e-05
387696 155 35881.0 1.0957e-05 6.0847e-05
387696 156 35866.0 1.087e-05 6.0812e-05
387696 157 35848.0 1.088e-05 6.0786e-05
387696 158 35321.0 1.0685e-05 6.0751e-05
387696 159 35808.0 1.0904e-05 6.0729e-05
387696 160 35778.0 1.0919e-05 6.0673e-05
387696 161 35769.0 1.09e-05 6.0645e-05
387696 162 35740.0 1.0925e-05 6.0604e-05
387696 163 35683.0 1.0881e-05 6.0542e-05
387696 164 35694.0 1.0877e-05 6.052e-05
387696 165 35674.0 1.0974e-05 6.0505e-05
387696 166 35657.0 1.0884e-05 6.0469e-05
387696 167 35643.0 1.0911e-05 6.0455e-05
387696 168 35624.0 1.0932e-05 6.0417e-05
387696 169 35617.0 1.0908e-05 6.0391e-05
387696 170 35588.0 1.0919e-05 6.0384e-05
387696 171 34964.0 1.0591e-05 6.035e-05
387696 172 35588.0 1.1009e-05 6.0339e-05
387696 173 35546.0 1.0914e-05 6.0279e-05
387696 174 35532.0 1.0932e-05 6.0249e-05
387696 175 35549.0 1.0947e-05 6.0277e-05
387696 176 35516.0 1.0903e-05 6.0226e-05
387696 177 35482.0 1.0954e-05 6.0169e-05
387696 178 35490.0 1.0958e-05 6.0186e-05
387696 179 35470.0 1.0911e-05 6.0143e-05
387696 180 35454.0 1.0888e-05 6.0103e-05
387696 181 35430.0 1.0883e-05 6.0076e-05
387696 182 35416.0 1.0872e-05 6.0042e-05
387696 183 35386.0 1.095e-05 6.0008e-05
387696 184 34824.0 1.0701e-05 5.9982e-05
387696 185 35376.0 1.1049e-05 5.998e-05
387696 186 35288.0 1.0901e-05 5.9917e-05
387696 187 35314.0 1.0927e-05 5.988e-05
387696 188 35292.0 1.0976e-05 5.984e-05
387696 189 35242.0 1.0974e-05 5.9751e-05
387696 190 35275.0 1.0959e-05 5.9812e-05
387696 191 35227.0 1.0873e-05 5.9744e-05
387696 192 35208.0 1.099e-05 5.9713e-05
387696 193 35182.0 1.0904e-05 5.9675e-05
387696 194 35167.0 1.1032e-05 5.9636e-05
387696 195 35151.0 1.0985e-05 5.9598e-05
387696 196 34618.0 1.0697e-05 5.9533e-05
387696 197 35078.0 1.0855e-05 5.9486e-05
387696 198 35081.0 1.0943e-05 5.9482e-05
387696 199 35064.0 1.1013e-05 5.9456e-05
387696 200 35036.0 1.0989e-05 5.9403e-05
387696 201 35006.0 1.0982e-05 5.9371e-05
387696 202 35010.0 1.1027e-05 5.936e-05
387696 203 34981.0 1.0929e-05 5.9311e-05
387696 204 34983.0 1.0976e-05 5.9304e-05
387696 205 34977.0 1.1054e-05 5.9305e-05
387696 206 34959.0 1.1027e-05 5.9268e-05
387696 207 34938.0 1.1042e-05 5.9234e-05
387696 208 34921.0 1.1031e-05 5.921e-05
387696 209 34398.0 1.0818e-05 5.9163e-05
387696 210 34900.0 1.096e-05 5.9159e-05
387696 211 34888.0 1.103e-05 5.9141e-05
387696 212 34851.0 1.1068e-05 5.9105e-05
387696 213 34835.0 1.0933e-05 5.9052e-05
387696 214 34784.0 1.0901e-05 5.8997e-05
387696 215 34787.0 1.0911e-05 5.897e-05
387696 216 34776.0 1.1016e-05 5.896e-05
387696 217 34725.0 1.1006e-05 5.891e-05
387696 218 34728.0 1.1069e-05 5.8876e-05
387696 219 34713.0 1.104e-05 5.8854e-05
387696 220 34712.0 1.1069e-05 5.8853e-05
387696 221 34691.0 1.1038e-05 5.8811e-05
387696 222 34148.0 1.0877e-05 5.873e-05
387696 223 34630.0 1.1041e-05 5.8707e-05
387696 224 34616.0 1.1114e-05 5.8693e-05
387696 225 34590.0 1.0996e-05 5.8633e-05
387696 226 34555.0 1.1099e-05 5.8584e-05
387696 227 34537.0 1.1026e-05 5.8554e-05
387696 228 34528.0 1.1102e-05 5.8536e-05
387696 229 34533.0 1.1014e-05 5.8537e-05
387696 230 34513.0 1.1049e-05 5.8512e-05
387696 231 34495.0 1.0976e-05 5.8481e-05
387696 232 34476.0 1.1022e-05 5.8449e-05
387696 233 34461.0 1.1157e-05 5.843e-05
387696 234 34443.0 1.1135e-05 5.8402e-05
387696 235 28722.0 8.7119e-06 5.8187e-05
387696 236 17518.0 5.6558e-06 5.7932e-05
387696 237 2200.0 4.9932e-06 5.7794e-05
387696 238 31944.0 9.9575e-06 5.8154e-05
387696 239 34359.0 1.1038e-05 5.8234e-05
387696 240 34337.0 1.1101e-05 5.8205e-05
387696 241 34309.0 1.1176e-05 5.8208e-05
387696 242 17284.0 5.6346e-06 5.7803e-05
387696 243 0.0 0.0 0.0
387696 244 31320.0 9.7185e-06 5.8051e-05
387696 245 34271.0 1.1182e-05 5.8119e-05
387696 246 34258.0 1.1042e-05 5.8076e-05
387696 247 34254.0 1.1119e-05 5.8091e-05
387696 248 34217.0 1.108e-05 5.8051e-05
387696 249 34228.0 1.114e-05 5.8028e-05
387696 250 33721.0 1.0992e-05 5.8005e-05
387696 251 34201.0 1.114e-05 5.7985e-05
387696 252 34193.0 1.1075e-05 5.7962e-05
387696 253 34177.0 1.1145e-05 5.7944e-05
387696 254 34141.0 1.1113e-05 5.7901e-05
387696 255 34113.0 1.1147e-05 5.788e-05
387696 256 34113.0 1.104e-05 5.7832e-05
387696 257 34097.0 1.1174e-05 5.78e-05
387696 258 34081.0 1.1094e-05 5.7775e-05
387696 259 34072.0 1.1072e-05 5.7756e-05
387696 260 34040.0 1.1147e-05 5.7714e-05
387696 261 34015.0 1.104e-05 5.7665e-05
387696 262 33996.0 1.1173e-05 5.7642e-05
387696 263 33481.0 1.0911e-05 5.757e-05
387696 264 33959.0 1.1206e-05 5.7572e-05
387696 265 33934.0 1.1141e-05 5.7529e-05
387696 266 33899.0 1.1197e-05 5.7483e-05
387696 267 33877.0 1.1053e-05 5.7444e-05
387696 268 33856.0 1.1139e-05 5.7409e-05
387696 269 33847.0 1.117e-05 5.7381e-05
387696 270 33854.0 1.1195e-05 5.7387e-05
387696 271 33816.0 1.121e-05 5.7341e-05
387696 272 33796.0 1.1245e-05 5.73e-05
387696 273 33768.0 1.117e-05 5.7258e-05
387696 274 33770.0 1.1115e-05 5.7239e-05
387696 275 33761.0 1.1127e-05 5.7231e-05
387696 276 33265.0 1.0974e-05 5.7205e-05
387696 277 33727.0 1.1221e-05 5.7195e-05
387696 278 33728.0 1.1228e-05 5.7189e-05
387696 279 33726.0 1.1184e-05 5.7168e-05
387696 280 33708.0 1.1152e-05 5.7149e-05
387696 281 33688.0 1.1189e-05 5.713e-05
387696 282 33683.0 1.124e-05 5.7103e-05
387696 283 33666.0 1.1173e-05 5.7068e-05
387696 284 33635.0 1.1231e-05 5.7042e-05
387696 285 33610.0 1.1215e-05 5.6985e-05
387696 286 33601.0 1.1171e-05 5.6973e-05
387696 287 33608.0 1.1227e-05 5.6974e-05
387696 288 33576.0 1.1139e-05 5.6921e-05
387696 289 33077.0 1.1048e-05 5.6919e-05
387696 290 33432.0 1.1153e-05 5.6896e-05
387696 291 33529.0 1.1088e-05 5.6852e-05
387696 292 33508.0 1.1296e-05 5.6848e-05
387696 293 33565.0 1.1137e-05 5.6891e-05
387696 294 33491.0 1.1149e-05 5.6785e-05
387696 295 33462.0 1.1214e-05 5.677e-05
387696 296 33459.0 1.1204e-05 5.6726e-05
387696 297 33450.0 1.1311e-05 5.6714e-05
387696 298 33428.0 1.1239e-05 5.6693e-05
387696 299 33415.0 1.1181e-05 5.6649e-05
387696 300 33413.0 1.1253e-05 5.6649e-05
387696 301 33355.0 1.1354e-05 5.6613e-05
387696 302 32866.0 1.0989e-05 5.6521e-05
387696 303 33329.0 1.1113e-05 5.6496e-05
387696 304 33300.0 1.1192e-05 5.6464e-05
387696 305 33277.0 1.1225e-05 5.6423e-05
387696 306 33277.0 1.1218e-05 5.6407e-05
387696 307 33247.0 1.1371e-05 5.6388e-05
387696 308 33219.0 1.1238e-05 5.6323e-05
387696 309 33195.0 1.1233e-05 5.6305e-05
387696 310 33195.0 1.1309e-05 5.6285e-05
387696 311 33179.0 1.1292e-05 5.6251e-05
387696 312 33155.0 1.1107e-05 5.6218e-05
387696 313 33136.0 1.1282e-05 5.6178e-05
387696 314 33119.0 1.1235e-05 5.6149e-05
387696 315 32626.0 1.102e-05 5.61e-05
387696 316 33065.0 1.1259e-05 5.6092e-05
387696 317 33072.0 1.1297e-05 5.6073e-05
387696 318 33050.0 1.1415e-05 5.6041e-05
387696 319 33005.0 1.1335e-05 5.5995e-05
387696 320 33005.0 1.1322e-05 5.5963e-05
387696 321 32996.0 1.1293e-05 5.5936e-05
387696 322 32958.0 1.1205e-05 5.5882e-05
387696 323 32963.0 1.1476e-05 5.5895e-05
387696 324 32915.0 1.1313e-05 5.5873e-05
387696 325 32921.0 1.1345e-05 5.5827e-05
387696 326 32906.0 1.1276e-05 5.5782e-05
387696 327 32876.0 1.1392e-05 5.5744e-05
387696 328 29467.0 9.6816e-06 5.5599e-05
387696 329 29027.0 9.5468e-06 5.5569e-05
387696 330 32825.0 1.1373e-05 5.5659e-05
387696 331 32795.0 1.1307e-05 5.5625e-05
387696 332 32780.0 1.1387e-05 5.563e-05
387696 333 32776.0 1.1374e-05 5.5593e-05
387696 334 32782.0 1.1315e-05 5.5579e-05
387696 335 32765.0 1.1287e-05 5.5586e-05
387696 336 32773.0 1.142e-05 5.5573e-05
387696 337 9929.8 4.8365e-06 5.5073e-05
387696 338 18562.0 5.9877e-06 5.5192e-05
387696 339 32746.0 1.1406e-05 5.5518e-05
387696 340 32724.0 1.1325e-05 5.5499e-05
387696 341 32727.0 1.1321e-05 5.5484e-05
387696 342 32229.0 1.1047e-05 5.5429e-05
387696 343 32685.0 1.1476e-05 5.543e-05
387696 344 32676.0 1.1305e-05 5.5404e-05
387696 345 32655.0 1.1317e-05 5.5366e-05
387696 346 32652.0 1.1258e-05 5.5351e-05
387696 347 32643.0 1.1346e-05 5.5341e-05
387696 348 32597.0 1.1304e-05 5.528e-05
387696 349 32590.0 1.136e-05 5.5254e-05
387696 350 32538.0 1.1433e-05 5.5227e-05
387696 351 32548.0 1.134e-05 5.5192e-05
387696 352 32534.0 1.1418e-05 5.5175e-05
387696 353 32484.0 1.1344e-05 5.508e-05
387696 354 32537.0 1.1465e-05 5.5171e-05
387696 355 32036.0 1.1091e-05 5.5126e-05
387696 356 32462.0 1.1397e-05 5.5049e-05
387696 357 32480.0 1.1364e-05 5.5065e-05
387696 358 32439.0 1.1335e-05 5.5047e-05
387696 359 32449.0 1.1422e-05 5.5018e-05
387696 360 32432.0 1.1421e-05 5.499e-05
387696 361 32400.0 1.1384e-05 5.4953e-05
387696 362 32382.0 1.1451e-05 5.4907e-05
387696 363 32354.0 1.1369e-05 5.4861e-05
387696 364 32349.0 1.145e-05 5.4849e-05
387696 365 32305.0 1.1325e-05 5.4802e-05
387696 366 32302.0 1.1481e-05 5.4797e-05
387696 367 32310.0 1.1471e-05 5.4787e-05
387696 368 31826.0 1.1296e-05 5.4741e-05
387696 369 32276.0 1.1546e-05 5.4738e-05
387696 370 32271.0 1.1355e-05 5.4713e-05
387696 371 12341.0 4.9623e-06 5.4237e-05
387696 372 32171.0 1.1546e-05 5.469e-05
387696 373 32135.0 1.1377e-05 5.4635e-05
387696 374 32116.0 1.1427e-05 5.4601e-05
387696 375 32077.0 1.14e-05 5.4593e-05
387696 376 32106.0 1.1265e-05 5.456e-05
387696 377 32096.0 1.1398e-05 5.4549e-05
387696 378 32068.0 1.1412e-05 5.4509e-05
387696 379 32033.0 1.1462e-05 5.4479e-05
387696 380 32037.0 1.1373e-05 5.4447e-05
387696 381 31563.0 1.1248e-05 5.4419e-05
387696 382 32011.0 1.1477e-05 5.4406e-05
387696 383 32005.0 1.1431e-05 5.4393e-05
387696 384 31954.0 1.1359e-05 5.4359e-05
387696 385 31964.0 1.1452e-05 5.4353e-05
387696 386 31973.0 1.1424e-05 5.434e-05
387696 387 31945.0 1.1392e-05 5.4295e-05
387696 388 31917.0 1.1445e-05 5.4252e-05
387696 389 31906.0 1.1526e-05 5.4235e-05
387696 390 31883.0 1.1515e-05 5.4189e-05
387696 391 31866.0 1.1414e-05 5.4156e-05
387696 392 31807.0 1.144e-05 5.415e-05
387696 393 31856.0 1.151e-05 5.4133e-05
387696 394 31365.0 1.1344e-05 5.4081e-05
387696 395 31792.0 1.1398e-05 5.4062e-05
387696 396 31807.0 1.1524e-05 5.4059e-05
387696 397 31740.0 1.1447e-05 5.4018e-05
387696 398 31772.0 1.1505e-05 5.3994e-05
387696 399 31762.0 1.1515e-05 5.3984e-05
387696 400 31760.0 1.1442e-05 5.397e-05
387696 401 31740.0 1.151e-05 5.3943e-05
387696 402 31724.0 1.1499e-05 5.392e-05
387696 403 31720.0 1.1469e-05 5.3898e-05
387696 404 31695.0 1.1503e-05 5.3861e-05
387696 405 31672.0 1.1604e-05 5.3832e-05
387696 406 31680.0 1.1571e-05 5.384e-05
387696 407 31162.0 1.1144e-05 5.3783e-05
387696 408 31653.0 1.1482e-05 5.3788e-05
387696 409 31621.0 1.1445e-05 5.3757e-05
387696 410 31605.0 1.1505e-05 5.3712e-05
387696 411 31593.0 1.1499e-05 5.3691e-05
387696 412 31596.0 1.138e-05 5.3684e-05
387696 413 31583.0 1.1513e-05 5.3674e-05
387696 414 31564.0 1.1487e-05 5.364e-05
387696 415 31502.0 1.1514e-05 5.3622e-05
387696 416 31525.0 1.1486e-05 5.3568e-05
387696 417 31507.0 1.1508e-05 5.3555e-05
387696 418 31485.0 1.1513e-05 5.3519e-05
387696 419 31453.0 1.1618e-05 5.3472e-05
387696 420 31002.0 1.1146e-05 5.3423e-05
387696 421 31427.0 1.1503e-05 5.3457e-05
387696 422 31436.0 1.161e-05 5.3432e-05
387696 423 31425.0 1.1551e-05 5.3408e-05
387696 424 31413.0 1.1531e-05 5.3385e-05
387696 425 31379.0 1.1529e-05 5.3333e-05
387696 426 31324.0 1.1511e-05 5.3313e-05
387696 427 31356.0 1.1517e-05 5.3287e-05
387696 428 31297.0 1.1559e-05 5.3267e-05
387696 429 28894.0 1.0299e-05 5.3156e-05
387696 430 31255.0 1.1675e-05 5.3221e-05
387696 431 31290.0 1.1578e-05 5.3184e-05
387696 432 31290.0 1.164e-05 5.3173e-05
387696 433 30814.0 1.1304e-05 5.3119e-05
387696 434 31245.0 1.163e-05 5.3103e-05
387696 435 31228.0 1.1535e-05 5.307e-05
387696 436 31175.0 1.1541e-05 5.304e-05
387696 437 31194.0 1.1656e-05 5.3022e-05
387696 438 31188.0 1.1522e-05 5.2998e-05
387696 439 31151.0 1.1674e-05 5.2953e-05
387696 440 31165.0 1.163e-05 5.2959e-05
387696 441 31137.0 1.1555e-05 5.2913e-05
387696 442 31098.0 1.1589e-05 5.2884e-05
387696 443 31047.0 1.1602e-05 5.2854e-05
387696 444 31082.0 1.1655e-05 5.2824e-05
387696 445 31053.0 1.1616e-05 5.2785e-05
387696 446 30601.0 1.143e-05 5.2754e-05
387696 447 31026.0 1.1703e-05 5.2738e-05
387696 448 31009.0 1.1626e-05 5.2706e-05
387696 449 30988.0 1.1674e-05 5.2663e-05
387696 450 30971.0 1.1453e-05 5.2616e-05
387696 451 30958.0 1.1628e-05 5.2621e-05
387696 452 30952.0 1.161e-05 5.2596e-05
387696 453 30926.0 1.1617e-05 5.2552e-05
387696 454 30918.0 1.1587e-05 5.2547e-05
387696 455 30912.0 1.1757e-05 5.2533e-05
387696 456 30881.0 1.1704e-05 5.2497e-05
387696 457 30885.0 1.1623e-05 5.2488e-05
387696 458 30879.0 1.1642e-05 5.2473e-05
387696 459 30413.0 1.1472e-05 5.2433e-05
387696 460 30851.0 1.1567e-05 5.2427e-05
387696 461 30835.0 1.1773e-05 5.241e-05
387696 462 30831.0 1.1675e-05 5.239e-05
387696 463 30782.0 1.168e-05 5.2367e-05
387696 464 30788.0 1.1657e-05 5.2325e-05
387696 465 30781.0 1.1714e-05 5.2307e-05
387696 466 30767.0 1.1674e-05 5.2289e-05
387696 467 30737.0 1.1821e-05 5.225e-05
387696 468 30702.0 1.1606e-05 5.2207e-05
387696 469 30715.0 1.1667e-05 5.2199e-05
387696 470 30703.0 1.1582e-05 5.2169e-05
387696 471 30251.0 1.1458e-05 5.2158e-05
387696 472 30650.0 1.1633e-05 5.2135e-05
387696 473 30663.0 1.1629e-05 5.2104e-05
387696 474 30636.0 1.1724e-05 5.2081e-05
387696 475 30621.0 1.1748e-05 5.2048e-05
387696 476 30626.0 1.1656e-05 5.205e-05
387696 477 30612.0 1.1642e-05 5.2032e-05
387696 478 30596.0 1.1618e-05 5.1999e-05
387696 479 30582.0 1.1648e-05 5.2e-05
387696 480 26916.0 9.7187e-06 5.1828e-05
387696 481 30528.0 1.1623e-05 5.1941e-05
387696 482 30552.0 1.1716e-05 5.1928e-05
387696 483 30372.0 1.1531e-05 5.1879e-05
387696 484 29757.0 1.1255e-05 5.1845e-05
387696 485 30284.0 1.1686e-05 5.1874e-05
387696 486 30247.0 1.1661e-05 5.1856e-05
387696 487 30436.0 1.1576e-05 5.1845e-05
387696 488 30483.0 1.1654e-05 5.1817e-05
387696 489 30453.0 1.1716e-05 5.1771e-05
387696 490 30445.0 1.1833e-05 5.1772e-05
387696 491 30401.0 1.178e-05 5.1761e-05
387696 492 30420.0 1.168e-05 5.1732e-05
387696 493 30415.0 1.1822e-05 5.1707e-05
387696 494 30394.0 1.1601e-05 5.167e-05
387696 495 30390.0 1.1768e-05 5.166e-05
387696 496 30309.0 1.1831e-05 5.1658e-05
387696 497 29927.0 1.158e-05 5.1603e-05
387696 498 30352.0 1.1808e-05 5.1587e-05
387696 499 30281.0 1.1676e-05 5.1543e-05
387696 500 30318.0 1.1772e-05 5.1533e-05
387696 501 30300.0 1.1827e-05 5.1498e-05
387696 502 30273.0 1.1705e-05 5.1478e-05
387696 503 30261.0 1.1893e-05 5.1458e-05
387696 504 30252.0 1.179e-05 5.1435e-05
387696 505 30203.0 1.1752e-05 5.1405e-05
387696 506 30136.0 1.1776e-05 5.1368e-05
387696 507 30179.0 1.1743e-05 5.1353e-05
387696 508 30158.0 1.1754e-05 5.1325e-05
387696 509 13295.0 5.0301e-06 5.0821e-05
387696 510 30138.0 1.1632e-05 5.1286e-05
387696 511 29686.0 1.1536e-05 5.1251e-05
387696 512 30105.0 1.1651e-05 5.1219e-05
387696 513 30000.0 1.1638e-05 5.1201e-05
387696 514 30077.0 1.1842e-05 5.1198e-05
387696 515 30029.0 1.174e-05 5.113e-05
387696 516 30049.0 1.1837e-05 5.1143e-05
387696 517 30016.0 1.1808e-05 5.1099e-05
387696 518 30015.0 1.1714e-05 5.107e-05
387696 519 30018.0 1.187e-05 5.1084e-05
387696 520 29990.0 1.1864e-05 5.1057e-05
387696 521 29977.0 1.1705e-05 5.1009e-05
387696 522 29972.0 1.1744e-05 5.1007e-05
387696 523 29515.0 1.1548e-05 5.0971e-05
387696 524 29938.0 1.1651e-05 5.0937e-05
387696 525 29924.0 1.1689e-05 5.0921e-05
387696 526 29917.0 1.1804e-05 5.0911e-05
387696 527 22780.0 8.1874e-06 5.0645e-05
387696 528 29895.0 1.1726e-05 5.0868e-05
387696 529 29872.0 1.1862e-05 5.0842e-05
387696 530 29864.0 1.2005e-05 5.083e-05
387696 531 29810.0 1.1761e-05 5.0801e-05
387696 532 29818.0 1.1758e-05 5.0777e-05
387696 533 29793.0 1.1872e-05 5.075e-05
387696 534 29813.0 1.1893e-05 5.0731e-05
387696 535 29791.0 1.1758e-05 5.0703e-05
387696 536 29770.0 1.1819e-05 5.0689e-05
387696 537 29348.0 1.1654e-05 5.0659e-05
387696 538 29747.0 1.176e-05 5.0627e-05
387696 539 29746.0 1.1899e-05 5.0616e-05
387696 540 29728.0 1.1776e-05 5.0585e-05
387696 541 29711.0 1.1868e-05 5.0569e-05
387696 542 12466.0 4.8874e-06 5.0058e-05
387696 543 29679.0 1.1923e-05 5.0508e-05
387696 544 29671.0 1.1819e-05 5.0488e-05
387696 545 29651.0 1.1897e-05 5.0458e-05
387696 546 29604.0 1.191e-05 5.0407e-05
387696 547 29608.0 1.1934e-05 5.0383e-05
387696 548 29606.0 1.1922e-05 5.0379e-05
387696 549 29588.0 1.196e-05 5.0357e-05
387696 550 29172.0 1.1579e-05 5.0339e-05
387696 551 29557.0 1.175e-05 5.0324e-05
387696 552 29471.0 1.1794e-05 5.0291e-05
387696 553 29458.0 1.1799e-05 5.0264e-05
387696 554 29491.0 1.1872e-05 5.0256e-05
387696 555 29446.0 1.1822e-05 5.0214e-05
387696 556 29504.0 1.1962e-05 5.0217e-05
387696 557 29434.0 1.1813e-05 5.0168e-05
387696 558 29507.0 1.1966e-05 5.0218e-05
387696 559 29452.0 1.2039e-05 5.0133e-05
387696 560 29446.0 1.1782e-05 5.0098e-05
387696 561 29405.0 1.1759e-05 5.0077e-05
387696 562 29419.0 1.186e-05 5.006e-05
387696 563 28973.0 1.1528e-05 4.9998e-05
387696 564 29393.0 1.1927e-05 5.0029e-05
387696 565 29385.0 1.1961e-05 5.0017e-05
387696 566 29385.0 1.1861e-05 4.9999e-05
387696 567 29354.0 1.1926e-05 4.9988e-05
387696 568 29355.0 1.1917e-05 4.996e-05
387696 569 29352.0 1.1892e-05 4.9945e-05
387696 570 29340.0 1.1853e-05 4.9923e-05
387696 571 16072.0 5.7381e-06 4.9471e-05
387696 572 26755.0 1.0484e-05 4.9756e-05
387696 573 29305.0 1.194e-05 4.9866e-05
387696 574 29289.0 1.1902e-05 4.9835e-05
387696 575 29261.0 1.1935e-05 4.983e-05
387696 576 28782.0 1.1544e-05 4.9779e-05
387696 577 29202.0 1.1971e-05 4.9772e-05
387696 578 29196.0 1.1983e-05 4.9766e-05
387696 579 26505.0 1.0438e-05 4.9656e-05
387696 580 29212.0 1.19e-05 4.9714e-05
387696 581 29198.0 1.1891e-05 4.9693e-05
387696 582 29139.0 1.1861e-05 4.9664e-05
387696 583 29000.0 1.1777e-05 4.9632e-05
387696 584 28863.0 1.1768e-05 4.9625e-05
387696 585 29096.0 1.2015e-05 4.9594e-05
387696 586 28024.0 1.1458e-05 4.9526e-05
387696 587 1702.0 4.3689e-06 4.8989e-05
387696 588 6273.2 4.3717e-06 4.8978e-05
387696 589 22449.0 8.3323e-06 4.9208e-05
387696 590 3.0368 4.3468e-06 4.8952e-05
387696 591 13226.0 5.0439e-06 4.898e-05
387696 592 28948.0 1.2005e-05 4.9441e-05
387696 593 10087.0 4.5518e-06 4.8889e-05
387696 594 28634.0 1.1701e-05 4.9377e-05
387696 595 8963.9 4.4721e-06 4.8833e-05
387696 596 6595.8 4.3648e-06 4.8789e-05
387696 597 28964.0 1.203e-05 4.9296e-05
387696 598 28912.0 1.1941e-05 4.927e-05
387696 599 28878.0 1.2004e-05 4.9225e-05
387696 600 28907.0 1.2028e-05 4.9195e-05
387696 601 28896.0 1.2142e-05 4.918e-05
387696 602 28873.0 1.2032e-05 4.914e-05
387696 603 810.64 4.3309e-06 4.8483e-05
387696 604 15593.0 5.6625e-06 4.8664e-05
387696 605 28867.0 1.199e-05 4.9135e-05
387696 606 28399.0 1.1807e-05 4.9028e-05
387696 607 28795.0 1.2101e-05 4.9048e-05
387696 608 28791.0 1.2063e-05 4.9004e-05
387696 609 28774.0 1.208e-05 4.8993e-05
387696 610 28724.0 1.2051e-05 4.8954e-05
387696 611 28738.0 1.212e-05 4.8929e-05
387696 612 28740.0 1.2031e-05 4.8916e-05
387696 613 28738.0 1.2138e-05 4.8919e-05
387696 614 28729.0 1.2025e-05 4.8896e-05
387696 615 28728.0 1.197e-05 4.8888e-05
387696 616 28669.0 1.2138e-05 4.8807e-05
387696 617 28664.0 1.2094e-05 4.8791e-05
387696 618 28658.0 1.205e-05 4.8783e-05
387696 619 28222.0 1.1895e-05 4.8722e-05
387696 620 28605.0 1.1994e-05 4.8701e-05
387696 621 28607.0 1.2046e-05 4.8697e-05
387696 622 28597.0 1.2077e-05 4.8669e-05
387696 623 28552.0 1.1974e-05 4.8633e-05
387696 624 28552.0 1.2119e-05 4.8612e-05
387696 625 28536.0 1.2133e-05 4.8584e-05
387696 626 28508.0 1.212e-05 4.8566e-05
387696 627 28521.0 1.2101e-05 4.8547e-05
387696 628 28518.0 1.2169e-05 4.8546e-05
387696 629 28475.0 1.2132e-05 4.8524e-05
387696 630 28490.0 1.2126e-05 4.8495e-05
387696 631 28482.0 1.2172e-05 4.8496e-05
387696 632 28079.0 1.1924e-05 4.8479e-05
387696 633 28470.0 1.2128e-05 4.8464e-05
387696 634 28459.0 1.2251e-05 4.8472e-05
387696 635 28444.0 1.2195e-05 4.8423e-05
387696 636 28434.0 1.2256e-05 4.841e-05
387696 637 28439.0 1.2207e-05 4.842e-05
387696 638 28432.0 1.2166e-05 4.8394e-05
387696 639 28410.0 1.2334e-05 4.8383e-05
387696 640 28403.0 1.2155e-05 4.8359e-05
387696 641 28392.0 1.2127e-05 4.8331e-05
387696 642 28378.0 1.21e-05 4.8303e-05
387696 643 28375.0 1.2125e-05 4.8317e-05
387696 644 28359.0 1.22e-05 4.8283e-05
387696 645 27938.0 1.1939e-05 4.8234e-05
387696 646 28322.0 1.2231e-05 4.8226e-05
387696 647 28275.0 1.2264e-05 4.8198e-05
387696 648 28302.0 1.2226e-05 4.8178e-05
387696 649 28295.0 1.2249e-05 4.8173e-05
387696 650 28197.0 1.2006e-05 4.8125e-05
387696 651 28263.0 1.2204e-05 4.8127e-05
387696 652 28256.0 1.2225e-05 4.8105e-05
387696 653 28242.0 1.2197e-05 4.8088e-05
387696 654 28215.0 1.2282e-05 4.8056e-05
387696 655 28215.0 1.2275e-05 4.8047e-05
387696 656 28174.0 1.2191e-05 4.8017e-05
387696 657 27741.0 1.1951e-05 4.7976e-05
387696 658 27283.0 1.1585e-05 4.7947e-05
387696 659 27513.0 1.1711e-05 4.7934e-05
387696 660 27508.0 1.1854e-05 4.7915e-05
387696 661 27477.0 1.1836e-05 4.7886e-05
387696 662 27325.0 1.1745e-05 4.7855e-05
387696 663 27507.0 1.1883e-05 4.7865e-05
387696 664 27783.0 1.1821e-05 4.7841e-05
387696 665 27778.0 1.1962e-05 4.7837e-05
387696 666 27748.0 1.2102e-05 4.7825e-05
387696 667 27655.0 1.1772e-05 4.7775e-05
387696 668 27748.0 1.2007e-05 4.7785e-05
387696 669 27750.0 1.2026e-05 4.7762e-05
387696 670 27700.0 1.1997e-05 4.7718e-05
387696 671 27334.0 1.1855e-05 4.7704e-05
387696 672 27617.0 1.1831e-05 4.7679e-05
387696 673 27649.0 1.1961e-05 4.7661e-05
387696 674 27741.0 1.2077e-05 4.7658e-05
387696 675 27682.0 1.2042e-05 4.7625e-05
387696 676 27651.0 1.2095e-05 4.7597e-05
387696 677 27545.0 1.1979e-05 4.7584e-05
387696 678 27531.0 1.2015e-05 4.7553e-05
387696 679 27461.0 1.1737e-05 4.7516e-05
387696 680 27646.0 1.2097e-05 4.751e-05
387696 681 27623.0 1.2022e-05 4.7464e-05
387696 682 27738.0 1.2137e-05 4.7476e-05
387696 683 27686.0 1.2188e-05 4.7435e-05
387696 684 27275.0 1.1903e-05 4.7395e-05
387696 685 27657.0 1.221e-05 4.7403e-05
387696 686 27583.0 1.2171e-05 4.7368e-05
387696 687 27536.0 1.2068e-05 4.7331e-05
387696 688 27722.0 1.2361e-05 4.7334e-05
387696 689 27429.0 1.2097e-05 4.7291e-05
387696 690 27449.0 1.2105e-05 4.7256e-05
387696 691 27512.0 1.2133e-05 4.7242e-05
387696 692 27478.0 1.2106e-05 4.7223e-05
387696 693 27381.0 1.202e-05 4.7197e-05
387696 694 27386.0 1.2094e-05 4.7184e-05
387696 695 27354.0 1.2108e-05 4.7159e-05
387696 696 27298.0 1.1934e-05 4.7138e-05
387696 697 26825.0 1.1793e-05 4.7131e-05
387696 698 27310.0 1.2172e-05 4.7143e-05
387696 699 27401.0 1.2225e-05 4.7133e-05
387696 700 27374.0 1.2089e-05 4.7125e-05
387696 701 27375.0 1.2277e-05 4.7104e-05
387696 702 27361.0 1.2032e-05 4.7066e-05
387696 703 27432.0 1.2335e-05 4.7151e-05
387696 704 27403.0 1.2259e-05 4.7053e-05
387696 705 27376.0 1.2256e-05 4.7012e-05
387696 706 27336.0 1.2268e-05 4.7006e-05
387696 707 27258.0 1.2111e-05 4.6976e-05
387696 708 27351.0 1.2342e-05 4.6991e-05
387696 709 27375.0 1.2143e-05 4.7012e-05
387696 710 26924.0 1.183e-05 4.6903e-05
387696 711 27302.0 1.2217e-05 4.6915e-05
387696 712 27121.0 1.2029e-05 4.6894e-05
387696 713 27304.0 1.2212e-05 4.6879e-05
387696 714 27335.0 1.2317e-05 4.6876e-05
387696 715 27311.0 1.2206e-05 4.6831e-05
387696 716 27254.0 1.2307e-05 4.6813e-05
387696 717 27205.0 1.215e-05 4.6784e-05
387696 718 27330.0 1.2426e-05 4.6781e-05
387696 719 27157.0 1.2329e-05 4.6745e-05
387696 720 27091.0 1.22e-05 4.6715e-05
387696 721 27151.0 1.2205e-05 4.6691e-05
387696 722 26799.0 1.1914e-05 4.6752e-05
387696 723 27159.0 1.2162e-05 4.6692e-05
387696 724 27174.0 1.2359e-05 4.6676e-05
387696 725 27199.0 1.2178e-05 4.6646e-05
387696 726 27177.0 1.2399e-05 4.6634e-05
387696 727 27274.0 1.235e-05 4.661e-05
387696 728 27387.0 1.2495e-05 4.6608e-05
387696 729 27360.0 1.2599e-05 4.6584e-05
387696 730 27350.0 1.2432e-05 4.6541e-05
387696 731 27350.0 1.2562e-05 4.6551e-05
387696 732 27323.0 1.2493e-05 4.6512e-05
387696 733 27320.0 1.2479e-05 4.6491e-05
387696 734 27231.0 1.2479e-05 4.6476e-05
387696 735 26863.0 1.2304e-05 4.6413e-05
387696 736 27211.0 1.2559e-05 4.641e-05
387696 737 27231.0 1.2377e-05 4.638e-05
387696 738 27221.0 1.2381e-05 4.6365e-05
387696 739 27204.0 1.2548e-05 4.6348e-05
387696 740 27192.0 1.2478e-05 4.6322e-05
387696 741 27177.0 1.2655e-05 4.6303e-05
387696 742 27171.0 1.2481e-05 4.6292e-05
387696 743 27138.0 1.2463e-05 4.6265e-05
387696 744 27134.0 1.2584e-05 4.623e-05
387696 745 27118.0 1.2346e-05 4.6195e-05
387696 746 27122.0 1.2572e-05 4.6204e-05
387696 747 27093.0 1.2412e-05 4.6165e-05
387696 748 26703.0 1.207e-05 4.6125e-05
387696 749 27066.0 1.2598e-05 4.6115e-05
387696 750 27057.0 1.2337e-05 4.6091e-05
387696 751 27054.0 1.2555e-05 4.6088e-05
387696 752 27028.0 1.2366e-05 4.6044e-05
387696 753 27015.0 1.2553e-05 4.6029e-05
387696 754 26998.0 1.2424e-05 4.5995e-05
387696 755 26985.0 1.2519e-05 4.5976e-05
387696 756 26989.0 1.2515e-05 4.5977e-05
387696 757 26955.0 1.2592e-05 4.5946e-05
387696 758 26947.0 1.2354e-05 4.5901e-05
387696 759 26946.0 1.2507e-05 4.5906e-05
387696 760 17698.0 7.0029e-06 4.548e-05
387696 761 5041.0 4.1453e-06 4.5236e-05
387696 762 26496.0 1.2368e-05 4.5818e-05
387696 763 26885.0 1.2553e-05 4.5807e-05
387696 764 26877.0 1.2539e-05 4.5796e-05
387696 765 26853.0 1.2544e-05 4.5778e-05
387696 766 26846.0 1.2615e-05 4.5739e-05
387696 767 26846.0 1.2496e-05 4.5732e-05
387696 768 26831.0 1.2513e-05 4.5711e-05
387696 769 26811.0 1.2585e-05 4.5682e-05
387696 770 26808.0 1.261e-05 4.5682e-05
387696 771 26772.0 1.2576e-05 4.5661e-05
387696 772 26795.0 1.2458e-05 4.565e-05
387696 773 26793.0 1.2558e-05 4.5654e-05
387696 774 26775.0 1.2614e-05 4.5624e-05
387696 775 26372.0 1.2294e-05 4.5584e-05
387696 776 26767.0 1.2526e-05 4.5609e-05
387696 777 26731.0 1.2476e-05 4.5589e-05
387696 778 26741.0 1.2655e-05 4.5592e-05
387696 779 26729.0 1.2472e-05 4.5565e-05
387696 780 26725.0 1.259e-05 4.5562e-05
387696 781 26732.0 1.2541e-05 4.5546e-05
387696 782 26712.0 1.2553e-05 4.5518e-05
387696 783 26663.0 1.2479e-05 4.548e-05
387696 784 26689.0 1.2502e-05 4.5472e-05
387696 785 26670.0 1.268e-05 4.5471e-05
387696 786 26667.0 1.2649e-05 4.5451e-05
387696 787 26671.0 1.2622e-05 4.544e-05
387696 788 26272.0 1.2257e-05 4.5395e-05
387696 789 26632.0 1.2615e-05 4.538e-05
387696 790 26635.0 1.2628e-05 4.539e-05
387696 791 26615.0 1.2621e-05 4.536e-05
387696 792 26600.0 1.2679e-05 4.5334e-05
387696 793 26589.0 1.2729e-05 4.533e-05
387696 794 26574.0 1.2402e-05 4.5274e-05
387696 795 18264.0 7.3809e-06 4.489e-05
387696 796 2.7185 4.0946e-06 4.4625e-05
387696 797 14841.0 5.9207e-06 4.4755e-05
387696 798 26513.0 1.2735e-05 4.5214e-05
387696 799 26515.0 1.2634e-05 4.5191e-05
387696 800 26485.0 1.2673e-05 4.5163e-05
387696 801 26493.0 1.2792e-05 4.5165e-05
387696 802 26101.0 1.2352e-05 4.511e-05
387696 803 26460.0 1.275e-05 4.5104e-05
387696 804 26447.0 1.27e-05 4.5087e-05
387696 805 26442.0 1.2705e-05 4.5063e-05
387696 806 26427.0 1.2668e-05 4.5042e-05
387696 807 26401.0 1.2685e-05 4.5021e-05
387696 808 26398.0 1.2678e-05 4.4991e-05
387696 809 26388.0 1.2732e-05 4.498e-05
387696 810 26383.0 1.2612e-05 4.4969e-05
387696 811 26363.0 1.2738e-05 4.4951e-05
387696 812 26366.0 1.2724e-05 4.4942e-05
387696 813 26353.0 1.2638e-05 4.4914e-05
387696 814 26330.0 1.2777e-05 4.4885e-05
387696 815 25945.0 1.2371e-05 4.4849e-05
387696 816 26300.0 1.2794e-05 4.486e-05
387696 817 26305.0 1.2635e-05 4.4835e-05
387696 818 26291.0 1.2766e-05 4.4827e-05
387696 819 26276.0 1.2833e-05 4.4803e-05
387696 820 26257.0 1.2675e-05 4.4759e-05
387696 821 26252.0 1.2694e-05 4.4753e-05
387696 822 26223.0 1.2769e-05 4.4733e-05
387696 823 26224.0 1.2816e-05 4.4705e-05
387696 824 26213.0 1.2695e-05 4.469e-05
387696 825 26205.0 1.2808e-05 4.468e-05
387696 826 26196.0 1.2877e-05 4.4663e-05
387696 827 26186.0 1.2729e-05 4.4651e-05
387696 828 25772.0 1.2539e-05 4.4596e-05
387696 829 26151.0 1.2922e-05 4.4597e-05
387696 830 26156.0 1.2794e-05 4.4587e-05
387696 831 26136.0 1.2598e-05 4.4543e-05
387696 832 26125.0 1.2776e-05 4.4541e-05
387696 833 26119.0 1.2821e-05 4.4538e-05
387696 834 8364.0 4.2727e-06 4.3889e-05
387696 835 3627.1 4.0614e-06 4.3806e-05
387696 836 25925.0 1.2623e-05 4.4443e-05
387696 837 26048.0 1.279e-05 4.4415e-05
387696 838 26037.0 1.276e-05 4.4387e-05
387696 839 26037.0 1.2619e-05 4.4376e-05
387696 840 26005.0 1.2809e-05 4.4344e-05
387696 841 26013.0 1.2859e-05 4.4357e-05
387696 842 25633.0 1.2489e-05 4.4324e-05
387696 843 25996.0 1.2714e-05 4.4319e-05
387696 844 25997.0 1.2842e-05 4.4326e-05
387696 845 25990.0 1.2832e-05 4.4322e-05
387696 846 25968.0 1.2758e-05 4.4301e-05
387696 847 25979.0 1.2853e-05 4.4302e-05
387696 848 25972.0 1.275e-05 4.428e-05
387696 849 25957.0 1.278e-05 4.426e-05
387696 850 25942.0 1.2833e-05 4.4255e-05
387696 851 25940.0 1.2759e-05 4.4227e-05
387696 852 25925.0 1.2839e-05 4.4208e-05
387696 853 25930.0 1.2816e-05 4.4212e-05
387696 854 25904.0 1.2786e-05 4.419e-05
387696 855 25531.0 1.2559e-05 4.4154e-05
387696 856 25896.0 1.2796e-05 4.4152e-05
387696 857 25870.0 1.2802e-05 4.411e-05
387696 858 25857.0 1.2874e-05 4.4099e-05
387696 859 25848.0 1.2823e-05 4.4084e-05
387696 860 25843.0 1.2796e-05 4.4072e-05
387696 861 25845.0 1.2782e-05 4.4067e-05
387696 862 25826.0 1.2782e-05 4.4035e-05
387696 863 25797.0 1.277e-05 4.3991e-05
387696 864 25794.0 1.2933e-05 4.3994e-05
387696 865 25778.0 1.2854e-05 4.3966e-05
387696 866 25769.0 1.3019e-05 4.3951e-05
387696 867 25760.0 1.2829e-05 4.3928e-05
387696 868 25371.0 1.2547e-05 4.389e-05
387696 869 25737.0 1.2803e-05 4.3883e-05
387696 870 25736.0 1.2833e-05 4.3887e-05
387696 871 25718.0 1.2881e-05 4.3861e-05
387696 872 25708.0 1.2748e-05 4.3835e-05
387696 873 25717.0 1.2846e-05 4.3853e-05
387696 874 25688.0 1.2865e-05 4.3823e-05
387696 875 25671.0 1.2917e-05 4.3785e-05
387696 876 25669.0 1.2864e-05 4.3777e-05
387696 877 25656.0 1.2978e-05 4.3768e-05
387696 878 25629.0 1.2907e-05 4.3713e-05
387696 879 25617.0 1.2876e-05 4.3696e-05
387696 880 25600.0 1.293e-05 4.3665e-05
387696 881 25220.0 1.2483e-05 4.3614e-05
387696 882 25582.0 1.2943e-05 4.3631e-05
387696 883 25565.0 1.2955e-05 4.3617e-05
387696 884 25557.0 1.2892e-05 4.3597e-05
387696 885 25548.0 1.2873e-05 4.357e-05
387696 886 25535.0 1.2849e-05 4.3546e-05
387696 887 25534.0 1.2962e-05 4.3559e-05
387696 888 25512.0 1.2985e-05 4.3536e-05
387696 889 25508.0 1.2894e-05 4.3506e-05
387696 890 25501.0 1.2859e-05 4.3487e-05
387696 891 25502.0 1.296e-05 4.35e-05
387696 892 25522.0 1.2766e-05 4.3518e-05
387696 893 25479.0 1.3032e-05 4.3461e-05
387696 894 25099.0 1.2841e-05 4.3431e-05
387696 895 25451.0 1.291e-05 4.3409e-05
387696 896 25442.0 1.2988e-05 4.34e-05
387696 897 25418.0 1.285e-05 4.3358e-05
387696 898 25415.0 1.2941e-05 4.3347e-05
387696 899 25398.0 1.2905e-05 4.3331e-05
387696 900 25378.0 1.2997e-05 4.3345e-05
387696 901 25406.0 1.3069e-05 4.337e-05
387696 902 25376.0 1.2993e-05 4.329e-05
387696 903 25355.0 1.2991e-05 4.3255e-05
387696 904 25339.0 1.3014e-05 4.3256e-05
387696 905 25345.0 1.2976e-05 4.3234e-05
387696 906 25329.0 1.2997e-05 4.3211e-05
387696 907 24945.0 1.2691e-05 4.3151e-05
387696 908 25300.0 1.3131e-05 4.3168e-05
387696 909 25276.0 1.3133e-05 4.3142e-05
387696 910 25268.0 1.3194e-05 4.3145e-05
387696 911 25264.0 1.2822e-05 4.309e-05
387696 912 25246.0 1.2985e-05 4.3077e-05
387696 913 25237.0 1.2918e-05 4.3053e-05
387696 914 25226.0 1.3095e-05 4.305e-05
387696 915 25220.0 1.3123e-05 4.3038e-05
387696 916 25201.0 1.2993e-05 4.2996e-05
387696 917 25184.0 1.3054e-05 4.2978e-05
387696 918 25180.0 1.3091e-05 4.2973e-05
387696 919 24811.0 1.2708e-05 4.2928e-05
387696 920 25159.0 1.3029e-05 4.2937e-05
387696 921 25163.0 1.3085e-05 4.2929e-05
387696 922 25151.0 1.3173e-05 4.2928e-05
387696 923 25144.0 1.3023e-05 4.2897e-05
387696 924 25128.0 1.3146e-05 4.2882e-05
387696 925 25126.0 1.3081e-05 4.2884e-05
387696 926 25119.0 1.3111e-05 4.2862e-05
387696 927 25095.0 1.308e-05 4.2841e-05
387696 928 25098.0 1.3033e-05 4.2823e-05
387696 929 25082.0 1.3115e-05 4.2806e-05
387696 930 25069.0 1.3024e-05 4.2787e-05
387696 931 25069.0 1.3088e-05 4.2785e-05
387696 932 24698.0 1.2739e-05 4.2745e-05
387696 933 25055.0 1.3052e-05 4.2756e-05
387696 934 25057.0 1.2941e-05 4.2745e-05
387696 935 25042.0 1.303e-05 4.2732e-05
387696 936 25028.0 1.3212e-05 4.2724e-05
387696 937 25018.0 1.3003e-05 4.2689e-05
387696 938 25013.0 1.3173e-05 4.2691e-05
387696 939 25007.0 1.3012e-05 4.2669e-05
387696 940 24994.0 1.309e-05 4.2657e-05
387696 941 24975.0 1.3034e-05 4.2626e-05
387696 942 24978.0 1.3107e-05 4.2623e-05
387696 943 24966.0 1.3048e-05 4.2614e-05
387696 944 24971.0 1.3043e-05 4.2607e-05
387696 945 24603.0 1.2894e-05 4.259e-05
387696 946 24962.0 1.3153e-05 4.2599e-05
387696 947 24929.0 1.2886e-05 4.2534e-05
387696 948 24937.0 1.3197e-05 4.2566e-05
387696 949 24922.0 1.3075e-05 4.2532e-05
387696 950 24846.0 1.2969e-05 4.248e-05
387696 951 24889.0 1.3008e-05 4.2473e-05
387696 952 24866.0 1.3135e-05 4.244e-05
387696 953 24836.0 1.3106e-05 4.2412e-05
387696 954 24845.0 1.3158e-05 4.2416e-05
387696 955 24832.0 1.3145e-05 4.2394e-05
387696 956 24804.0 1.3247e-05 4.2351e-05
387696 957 24788.0 1.3273e-05 4.2326e-05
387696 958 24437.0 1.2832e-05 4.2321e-05
387696 959 24781.0 1.2974e-05 4.2293e-05
387696 960 24746.0 1.3319e-05 4.231e-05
387696 961 24758.0 1.3104e-05 4.2261e-05
387696 962 24751.0 1.3184e-05 4.2256e-05
387696 963 24779.0 1.323e-05 4.2305e-05
387696 964 11777.0 5.181e-06 4.1642e-05
387696 965 3057.6 3.9292e-06 4.1487e-05
387696 966 24701.0 1.3264e-05 4.2179e-05
387696 967 24697.0 1.31e-05 4.2155e-05
387696 968 24689.0 1.3303e-05 4.216e-05
387696 969 24682.0 1.3353e-05 4.2157e-05
387696 970 24661.0 1.3241e-05 4.2105e-05
387696 971 24658.0 1.3302e-05 4.2127e-05
387696 972 24284.0 1.2886e-05 4.207e-05
387696 973 24614.0 1.3173e-05 4.2051e-05
387696 974 24653.0 1.3146e-05 4.208e-05
387696 975 23777.0 1.2436e-05 4.2006e-05
387696 976 2.7414 3.9057e-06 4.1354e-05
387696 977 9453.3 4.4791e-06 4.1382e-05
387696 978 24589.0 1.3151e-05 4.197e-05
387696 979 24538.0 1.3214e-05 4.1961e-05
387696 980 24573.0 1.3314e-05 4.1957e-05
387696 981 24563.0 1.3376e-05 4.1949e-05
387696 982 24558.0 1.3208e-05 4.193e-05
387696 983 24559.0 1.3315e-05 4.1937e-05
387696 984 24552.0 1.3181e-05 4.1918e-05
387696 985 24537.0 1.3265e-05 4.1893e-05
387696 986 24144.0 1.2953e-05 4.1873e-05
387696 987 24528.0 1.3272e-05 4.1881e-05
387696 988 24468.0 1.3307e-05 4.1801e-05
387696 989 24467.0 1.326e-05 4.1793e-05
387696 990 24582.0 1.3143e-05 4.2023e-05
387696 991 24625.0 1.293e-05 4.2022e-05
387696 992 24630.0 1.3288e-05 4.2116e-05
387696 993 24684.0 1.3131e-05 4.2136e-05
387696 994 24705.0 1.3196e-05 4.2181e-05
387696 995 24686.0 1.317e-05 4.2201e-05
387696 996 24719.0 1.3194e-05 4.2203e-05
387696 997 24703.0 1.3171e-05 4.2204e-05
387696 998 24716.0 1.319e-05 4.22e-05
387696 999 24347.0 1.2846e-05 4.2148e-05
387696 1000 24704.0 1.3122e-05 4.2167e-05
387696 1001 24720.0 1.3118e-05 4.2201e-05
387696 1002 24719.0 1.3194e-05 4.2201e-05
387696 1003 24721.0 1.3118e-05 4.2198e-05
387696 1004 24711.0 1.3235e-05 4.2191e-05
387696 1005 24700.0 1.3158e-05 4.2166e-05
387696 1006 24665.0 1.3215e-05 4.2135e-05
387696 1007 24659.0 1.3182e-05 4.2104e-05
387696 1008 24620.0 1.3214e-05 4.203e-05
387696 1009 24610.0 1.3068e-05 4.2009e-05
387696 1010 24610.0 1.3339e-05 4.2033e-05
387696 1011 24597.0 1.33e-05 4.2e-05
387696 1012 24198.0 1.2992e-05 4.1907e-05
387696 1013 24557.0 1.3269e-05 4.1939e-05
387696 1014 24553.0 1.3087e-05 4.1972e-05
387696 1015 24563.0 1.3371e-05 4.1977e-05
387696 1016 24571.0 1.3156e-05 4.1947e-05
387696 1017 24568.0 1.3075e-05 4.1942e-05
387696 1018 24563.0 1.3245e-05 4.1957e-05
387696 1019 24563.0 1.3317e-05 4.1946e-05
387696 1020 24546.0 1.331e-05 4.1928e-05
387696 1021 24529.0 1.3398e-05 4.1893e-05
387696 1022 24515.0 1.3319e-05 4.1865e-05
387696 1023 24466.0 1.3287e-05 4.1783e-05
387696 1024 24469.0 1.324e-05 4.1779e-05
387696 1025 24115.0 1.3043e-05 4.1772e-05
387696 1026 24451.0 1.3368e-05 4.1757e-05
387696 1027 24407.0 1.3354e-05 4.1694e-05
387696 1028 24429.0 1.3267e-05 4.1717e-05
387696 1029 24447.0 1.3372e-05 4.1756e-05
387696 1030 24421.0 1.33e-05 4.1728e-05
387696 1031 24423.0 1.3355e-05 4.1722e-05
387696 1032 24431.0 1.3399e-05 4.173e-05
387696 1033 24409.0 1.3186e-05 4.1702e-05
387696 1034 24413.0 1.3249e-05 4.169e-05
387696 1035 24397.0 1.3233e-05 4.1673e-05
387696 1036 24379.0 1.3409e-05 4.164e-05
387696 1037 24355.0 1.3303e-05 4.1599e-05
387696 1038 23969.0 1.3003e-05 4.1513e-05
387696 1039 24319.0 1.3223e-05 4.1529e-05
387696 1040 24309.0 1.326e-05 4.1521e-05
387696 1041 24274.0 1.3398e-05 4.1472e-05
387696 1042 24224.0 1.3272e-05 4.1412e-05
387696 1043 24282.0 1.3298e-05 4.1476e-05
387696 1044 24284.0 1.338e-05 4.1481e-05
387696 1045 24273.0 1.3175e-05 4.1447e-05
387696 1046 24258.0 1.3274e-05 4.1434e-05
387696 1047 24281.0 1.3303e-05 4.1468e-05
387696 1048 24271.0 1.3435e-05 4.1468e-05
387696 1049 24263.0 1.3294e-05 4.1443e-05
387696 1050 24220.0 1.3158e-05 4.1416e-05
387696 1051 23865.0 1.3083e-05 4.1381e-05
387696 1052 24191.0 1.3294e-05 4.1372e-05
387696 1053 24161.0 1.334e-05 4.1344e-05
387696 1054 24101.0 1.327e-05 4.1282e-05
387696 1055 24014.0 1.3125e-05 4.1245e-05
387696 1056 24048.0 1.3318e-05 4.126e-05
387696 1057 23939.0 1.3317e-05 4.125e-05
387696 1058 24103.0 1.3473e-05 4.119e-05
387696 1059 24108.0 1.3435e-05 4.119e-05
387696 1060 24149.0 1.3419e-05 4.1255e-05
387696 1061 24131.0 1.3399e-05 4.1234e-05
387696 1062 24074.0 1.326e-05 4.1202e-05
387696 1063 24125.0 1.353e-05 4.1225e-05
387696 1064 23773.0 1.3081e-05 4.1189e-05
387696 1065 24112.0 1.3463e-05 4.1194e-05
387696 1066 24100.0 1.3371e-05 4.1171e-05
387696 1067 12778.0 5.7337e-06 4.0594e-05
387696 1068 24070.0 1.3457e-05 4.1129e-05
387696 1069 24023.0 1.3427e-05 4.1051e-05
387696 1070 24019.0 1.3542e-05 4.1047e-05
387696 1071 24024.0 1.338e-05 4.1045e-05
387696 1072 23969.0 1.3374e-05 4.1009e-05
387696 1073 23962.0 1.3383e-05 4.0946e-05
387696 1074 23979.0 1.3417e-05 4.0974e-05
387696 1075 23998.0 1.3343e-05 4.1006e-05
387696 1076 23990.0 1.3496e-05 4.0998e-05
387696 1077 9439.0 4.521e-06 4.0335e-05
387696 1078 22733.0 1.2241e-05 4.0888e-05
387696 1079 23971.0 1.3389e-05 4.0966e-05
387696 1080 23969.0 1.3552e-05 4.0965e-05
387696 1081 23960.0 1.3393e-05 4.094e-05
387696 1082 23958.0 1.3358e-05 4.0946e-05
387696 1083 23919.0 1.3513e-05 4.0877e-05
387696 1084 23876.0 1.3447e-05 4.0804e-05
387696 1085 23877.0 1.3534e-05 4.0808e-05
387696 1086 23879.0 1.3469e-05 4.0807e-05
387696 1087 23851.0 1.3457e-05 4.0759e-05
387696 1088 23815.0 1.3486e-05 4.0704e-05
387696 1089 23847.0 1.353e-05 4.0758e-05
387696 1090 23496.0 1.3171e-05 4.0746e-05
387696 1091 18816.0 9.4596e-06 4.0452e-05
387696 1092 7862.6 4.1794e-06 4.0058e-05
387696 1093 23845.0 1.3471e-05 4.0749e-05
387696 1094 23838.0 1.3484e-05 4.0748e-05
387696 1095 23824.0 1.3562e-05 4.0748e-05
387696 1096 23827.0 1.3438e-05 4.0718e-05
387696 1097 23809.0 1.352e-05 4.0696e-05
387696 1098 23820.0 1.3488e-05 4.072e-05
387696 1099 23782.0 1.3482e-05 4.0644e-05
387696 1100 23749.0 1.3414e-05 4.0588e-05
387696 1101 23726.0 1.3681e-05 4.0571e-05
387696 1102 23741.0 1.3601e-05 4.0589e-05
387696 1103 23375.0 1.3168e-05 4.0546e-05
387696 1104 23707.0 1.3629e-05 4.0526e-05
387696 1105 23663.0 1.3564e-05 4.051e-05
387696 1106 17412.0 8.643e-06 4.0204e-05
387696 1107 23718.0 1.3524e-05 4.0552e-05
387696 1108 18122.0 9.0835e-06 4.0213e-05
387696 1109 23675.0 1.356e-05 4.0526e-05
387696 1110 23696.0 1.3412e-05 4.0499e-05
387696 1111 23680.0 1.3665e-05 4.0484e-05
387696 1112 23658.0 1.3461e-05 4.0436e-05
387696 1113 23653.0 1.3504e-05 4.0436e-05
387696 1114 23651.0 1.3704e-05 4.0435e-05
387696 1115 23604.0 1.3549e-05 4.0352e-05
387696 1116 23598.0 1.3447e-05 4.0332e-05
387696 1117 10677.0 4.945e-06 3.9758e-05
387696 1118 0.0 0.0 0.0
387696 1119 19197.0 1.0015e-05 4.0055e-05
387696 1120 23580.0 1.3423e-05 4.0313e-05
387696 1121 23602.0 1.3605e-05 4.035e-05
387696 1122 23590.0 1.3478e-05 4.0324e-05
387696 1123 23582.0 1.3434e-05 4.0307e-05
387696 1124 23572.0 1.3614e-05 4.03e-05
387696 1125 23558.0 1.3654e-05 4.0296e-05
387696 1126 23541.0 1.3557e-05 4.0244e-05
387696 1127 23527.0 1.3619e-05 4.0226e-05
387696 1128 23547.0 1.3671e-05 4.0271e-05
387696 1129 23505.0 1.3619e-05 4.019e-05
387696 1130 23457.0 1.3606e-05 4.0113e-05
387696 1131 23115.0 1.3265e-05 4.0089e-05
387696 1132 23477.0 1.3523e-05 4.0137e-05
387696 1133 23456.0 1.3776e-05 4.0135e-05
387696 1134 23443.0 1.3605e-05 4.0089e-05
387696 1135 23453.0 1.3504e-05 4.0093e-05
387696 1136 23454.0 1.3546e-05 4.0105e-05
387696 1137 23448.0 1.3671e-05 4.0095e-05
387696 1138 23436.0 1.338e-05 4.0059e-05
387696 1139 23424.0 1.3488e-05 4.0049e-05
387696 1140 23403.0 1.373e-05 4.005e-05
387696 1141 23384.0 1.3545e-05 3.9987e-05
387696 1142 23382.0 1.3613e-05 3.9983e-05
387696 1143 23363.0 1.3657e-05 3.9978e-05
387696 1144 22999.0 1.3536e-05 3.9935e-05
387696 1145 23319.0 1.3621e-05 3.9886e-05
387696 1146 23333.0 1.3429e-05 3.9889e-05
387696 1147 23306.0 1.3618e-05 3.9914e-05
387696 1148 23313.0 1.3521e-05 3.9862e-05
387696 1149 23300.0 1.3647e-05 3.9851e-05
387696 1150 23321.0 1.3743e-05 3.9892e-05
387696 1151 23314.0 1.3713e-05 3.9886e-05
387696 1152 23307.0 1.3707e-05 3.9865e-05
387696 1153 23285.0 1.3738e-05 3.9857e-05
387696 1154 20758.0 1.1552e-05 3.9678e-05
387696 1155 18844.0 9.9492e-06 3.9536e-05
387696 1156 23188.0 1.3502e-05 3.9769e-05
387696 1157 10682.0 5.03e-06 3.9145e-05
387696 1158 1003.5 3.7974e-06 3.8997e-05
387696 1159 3502.7 3.7942e-06 3.8948e-05
387696 1160 22717.0 1.3357e-05 3.9647e-05
387696 1161 23207.0 1.3838e-05 3.9708e-05
387696 1162 23202.0 1.3702e-05 3.9687e-05
387696 1163 23175.0 1.3695e-05 3.9639e-05
387696 1164 23155.0 1.3635e-05 3.9624e-05
387696 1165 21574.0 1.2221e-05 3.9559e-05
387696 1166 23109.0 1.3523e-05 3.9642e-05
387696 1167 23177.0 1.373e-05 3.9649e-05
387696 1168 23170.0 1.3781e-05 3.9639e-05
387696 1169 23124.0 1.3703e-05 3.9615e-05
387696 1170 23141.0 1.3809e-05 3.9595e-05
387696 1171 22783.0 1.3448e-05 3.9546e-05
387696 1172 23115.0 1.378e-05 3.9557e-05
387696 1173 23073.0 1.3629e-05 3.9524e-05
387696 1174 23063.0 1.3672e-05 3.9461e-05
387696 1175 23020.0 1.3757e-05 3.9441e-05
387696 1176 23042.0 1.3782e-05 3.9537e-05
387696 1177 23060.0 1.3766e-05 3.9468e-05
387696 1178 23009.0 1.3721e-05 3.9419e-05
387696 1179 23005.0 1.377e-05 3.9424e-05
387696 1180 23061.0 1.3801e-05 3.946e-05
387696 1181 23043.0 1.3646e-05 3.9429e-05
387696 1182 22905.0 1.3594e-05 3.9408e-05
387696 1183 23036.0 1.3811e-05 3.9416e-05
387696 1184 22674.0 1.3549e-05 3.9382e-05
387696 1185 22970.0 1.3637e-05 3.9351e-05
387696 1186 22993.0 1.382e-05 3.9344e-05
387696 1187 22982.0 1.3916e-05 3.9337e-05
387696 1188 22970.0 1.365e-05 3.9297e-05
387696 1189 22934.0 1.3812e-05 3.9248e-05
387696 1190 22932.0 1.377e-05 3.924e-05
387696 1191 22913.0 1.3851e-05 3.927e-05
387696 1192 22884.0 1.3614e-05 3.9221e-05
387696 1193 22856.0 1.3644e-05 3.9183e-05
387696 1194 22917.0 1.3879e-05 3.9226e-05
387696 1195 22923.0 1.364e-05 3.9218e-05
387696 1196 22915.0 1.3654e-05 3.9207e-05
387696 1197 22574.0 1.3445e-05 3.9172e-05
387696 1198 22859.0 1.3813e-05 3.9193e-05
387696 1199 22861.0 1.3768e-05 3.9174e-05
387696 1200 22843.0 1.3869e-05 3.9156e-05
387696 1201 22865.0 1.3914e-05 3.9143e-05
387696 1202 22854.0 1.3812e-05 3.9109e-05
387696 1203 22830.0 1.3822e-05 3.9078e-05
387696 1204 22798.0 1.3943e-05 3.9036e-05
387696 1205 22805.0 1.3728e-05 3.9029e-05
387696 1206 22816.0 1.3838e-05 3.9051e-05
387696 1207 22793.0 1.3806e-05 3.901e-05
387696 1208 22781.0 1.3769e-05 3.8989e-05
387696 1209 22799.0 1.3949e-05 3.9037e-05
387696 1210 22466.0 1.3528e-05 3.8995e-05
387696 1211 22783.0 1.3858e-05 3.9002e-05
387696 1212 22690.0 1.3953e-05 3.9002e-05
387696 1213 22645.0 1.3775e-05 3.8971e-05
387696 1214 22668.0 1.3766e-05 3.8951e-05
387696 1215 22634.0 1.3688e-05 3.8908e-05
387696 1216 22637.0 1.3723e-05 3.8897e-05
387696 1217 22632.0 1.3721e-05 3.8885e-05
387696 1218 22600.0 1.3763e-05 3.8838e-05
387696 1219 22582.0 1.3967e-05 3.8819e-05
387696 1220 9001.8 4.5547e-06 3.8161e-05
387696 1221 20970.0 1.2309e-05 3.8713e-05
387696 1222 22569.0 1.3884e-05 3.8794e-05
387696 1223 22224.0 1.3584e-05 3.8752e-05
387696 1224 22558.0 1.3802e-05 3.8808e-05
387696 1225 22570.0 1.3735e-05 3.8793e-05
387696 1226 22562.0 1.3859e-05 3.8782e-05
387696 1227 22559.0 1.3792e-05 3.8766e-05
387696 1228 22552.0 1.373e-05 3.8752e-05
387696 1229 22499.0 1.3717e-05 3.8728e-05
387696 1230 22525.0 1.3817e-05 3.871e-05
387696 1231 22511.0 1.3699e-05 3.8683e-05
387696 1232 22461.0 1.3763e-05 3.8667e-05
387696 1233 22466.0 1.3826e-05 3.8615e-05
387696 1234 22451.0 1.4014e-05 3.8603e-05
387696 1235 22474.0 1.3705e-05 3.8614e-05
387696 1236 22136.0 1.3562e-05 3.8586e-05
387696 1237 22423.0 1.3883e-05 3.8565e-05
387696 1238 22441.0 1.3845e-05 3.8568e-05
387696 1239 22453.0 1.3823e-05 3.8595e-05
387696 1240 22417.0 1.3836e-05 3.858e-05
387696 1241 22437.0 1.4052e-05 3.858e-05
387696 1242 22391.0 1.3894e-05 3.8555e-05
387696 1243 22423.0 1.3952e-05 3.8546e-05
387696 1244 22401.0 1.3984e-05 3.8519e-05
387696 1245 22393.0 1.3893e-05 3.8493e-05
387696 1246 22365.0 1.4009e-05 3.8481e-05
387696 1247 22364.0 1.3887e-05 3.8449e-05
387696 1248 22329.0 1.3907e-05 3.8385e-05
387696 1249 21998.0 1.3637e-05 3.8356e-05
387696 1250 22329.0 1.3982e-05 3.8401e-05
387696 1251 22321.0 1.3964e-05 3.8377e-05
387696 1252 22292.0 1.3921e-05 3.8331e-05
387696 1253 22309.0 1.3961e-05 3.8354e-05
387696 1254 22314.0 1.3935e-05 3.8374e-05
387696 1255 22306.0 1.3911e-05 3.8358e-05
387696 1256 22303.0 1.3966e-05 3.8346e-05
387696 1257 22271.0 1.3824e-05 3.8327e-05
387696 1258 22293.0 1.3826e-05 3.8317e-05
387696 1259 22268.0 1.389e-05 3.8282e-05
387696 1260 22265.0 1.4011e-05 3.8278e-05
387696 1261 21982.0 1.3614e-05 3.8226e-05
387696 1262 22175.0 1.3945e-05 3.8223e-05
387696 1263 22167.0 1.3938e-05 3.8167e-05
387696 1264 22203.0 1.3936e-05 3.8179e-05
387696 1265 12272.0 6.0897e-06 3.7614e-05
387696 1266 22189.0 1.3964e-05 3.8164e-05
387696 1267 22179.0 1.3952e-05 3.8136e-05
387696 1268 22193.0 1.4083e-05 3.8173e-05
387696 1269 22190.0 1.3934e-05 3.8159e-05
387696 1270 22185.0 1.388e-05 3.8141e-05
387696 1271 22177.0 1.3892e-05 3.8127e-05
387696 1272 5269.8 3.7837e-06 3.7354e-05
387696 1273 8373.6 4.368e-06 3.7397e-05
387696 1274 22137.0 1.4069e-05 3.8069e-05
387696 1275 22131.0 1.4062e-05 3.8061e-05
387696 1276 21802.0 1.369e-05 3.8016e-05
387696 1277 22070.0 1.4054e-05 3.7993e-05
387696 1278 13769.0 7.1011e-06 3.7432e-05
387696 1279 209.89 3.6841e-06 3.7186e-05
387696 1280 19155.0 1.1388e-05 3.7761e-05
387696 1281 22048.0 1.3903e-05 3.7907e-05
387696 1282 22037.0 1.4016e-05 3.79e-05
387696 1283 22066.0 1.3942e-05 3.7944e-05
387696 1284 18407.0 1.0682e-05 3.7678e-05
387696 1285 2.1744 3.68e-06 3.7133e-05
387696 1286 10099.0 5.0454e-06 3.7254e-05
387696 1287 22038.0 1.4061e-05 3.7904e-05
387696 1288 22028.0 1.4097e-05 3.7888e-05
387696 1289 22003.0 1.4094e-05 3.7871e-05
387696 1290 22003.0 1.3996e-05 3.784e-05
387696 1291 21673.0 1.3526e-05 3.778e-05
387696 1292 21936.0 1.4203e-05 3.778e-05
387696 1293 21933.0 1.4012e-05 3.7733e-05
387696 1294 21956.0 1.4023e-05 3.7762e-05
387696 1295 21948.0 1.3959e-05 3.7741e-05
387696 1296 21917.0 1.4148e-05 3.7717e-05
387696 1297 21932.0 1.4003e-05 3.7721e-05
387696 1298 21867.0 1.3898e-05 3.7606e-05
387696 1299 21895.0 1.398e-05 3.7657e-05
387696 1300 21927.0 1.4033e-05 3.7718e-05
387696 1301 21923.0 1.4057e-05 3.7708e-05
387696 1302 21895.0 1.4217e-05 3.7711e-05
387696 1303 21900.0 1.3956e-05 3.767e-05
387696 1304 21566.0 1.378e-05 3.7642e-05
387696 1305 21862.0 1.4175e-05 3.7643e-05
387696 1306 21847.0 1.413e-05 3.7625e-05
387696 1307 21844.0 1.411e-05 3.7606e-05
387696 1308 21827.0 1.4074e-05 3.7579e-05
387696 1309 21794.0 1.406e-05 3.7521e-05
387696 1310 21790.0 1.4189e-05 3.7534e-05
387696 1311 21772.0 1.4043e-05 3.7538e-05
387696 1312 21795.0 1.3971e-05 3.7495e-05
387696 1313 21769.0 1.4095e-05 3.7482e-05
387696 1314 21785.0 1.4124e-05 3.751e-05
387696 1315 21786.0 1.4272e-05 3.7535e-05
387696 1316 21799.0 1.4006e-05 3.7491e-05
387696 1317 21478.0 1.3897e-05 3.7469e-05
387696 1318 21759.0 1.4302e-05 3.7499e-05
387696 1319 21763.0 1.4088e-05 3.7467e-05
387696 1320 21744.0 1.4159e-05 3.7443e-05
387696 1321 21716.0 1.4117e-05 3.7426e-05
387696 1322 21716.0 1.4208e-05 3.7405e-05
387696 1323 21696.0 1.4074e-05 3.7354e-05
387696 1324 21666.0 1.4127e-05 3.7309e-05
387696 1325 21673.0 1.4123e-05 3.7324e-05
387696 1326 21668.0 1.4176e-05 3.733e-05
387696 1327 21653.0 1.3944e-05 3.7264e-05
387696 1328 21551.0 1.4193e-05 3.7281e-05
387696 1329 21656.0 1.4299e-05 3.7338e-05
387696 1330 21372.0 1.3878e-05 3.7288e-05
387696 1331 21611.0 1.4042e-05 3.7291e-05
387696 1332 21651.0 1.4093e-05 3.7285e-05
387696 1333 21650.0 1.4028e-05 3.7269e-05
387696 1334 21621.0 1.4143e-05 3.7254e-05
387696 1335 21598.0 1.4192e-05 3.7233e-05
387696 1336 21591.0 1.4173e-05 3.7216e-05
387696 1337 21578.0 1.427e-05 3.7199e-05
387696 1338 21553.0 1.4241e-05 3.7157e-05
387696 1339 21529.0 1.4235e-05 3.7125e-05
387696 1340 21547.0 1.4246e-05 3.7155e-05
387696 1341 21538.0 1.4141e-05 3.7138e-05
387696 1342 21524.0 1.4166e-05 3.7098e-05
387696 1343 21225.0 1.3878e-05 3.7064e-05
387696 1344 21533.0 1.434e-05 3.7142e-05
387696 1345 21513.0 1.4256e-05 3.7125e-05
387696 1346 21528.0 1.4248e-05 3.7112e-05
387696 1347 21510.0 1.4205e-05 3.7093e-05
387696 1348 21512.0 1.4233e-05 3.7083e-05
387696 1349 21497.0 1.3985e-05 3.7029e-05
387696 1350 21475.0 1.4092e-05 3.7021e-05
387696 1351 21470.0 1.42e-05 3.7012e-05
387696 1352 21460.0 1.4254e-05 3.7007e-05
387696 1353 21421.0 1.4114e-05 3.6931e-05
387696 1354 21414.0 1.4175e-05 3.6924e-05
387696 1355 21138.0 1.38e-05 3.6911e-05
387696 1356 21412.0 1.4206e-05 3.6927e-05
387696 1357 21388.0 1.4156e-05 3.6878e-05
387696 1358 21402.0 1.4125e-05 3.6886e-05
387696 1359 21412.0 1.4385e-05 3.694e-05
387696 1360 21408.0 1.4113e-05 3.6903e-05
387696 1361 21401.0 1.4184e-05 3.6895e-05
387696 1362 21380.0 1.4352e-05 3.6902e-05
387696 1363 21383.0 1.4331e-05 3.6884e-05
387696 1364 21364.0 1.4204e-05 3.6853e-05
387696 1365 21364.0 1.4238e-05 3.6837e-05
387696 1366 21339.0 1.4303e-05 3.6817e-05
387696 1367 21314.0 1.4328e-05 3.6799e-05
387696 1368 20993.0 1.4104e-05 3.6712e-05
387696 1369 21290.0 1.4201e-05 3.672e-05
387696 1370 21284.0 1.4317e-05 3.674e-05
387696 1371 21256.0 1.4454e-05 3.6726e-05
387696 1372 21242.0 1.4331e-05 3.667e-05
387696 1373 21272.0 1.4151e-05 3.6686e-05
387696 1374 21276.0 1.4077e-05 3.669e-05
387696 1375 21263.0 1.434e-05 3.6708e-05
387696 1376 21244.0 1.422e-05 3.6685e-05
387696 1377 21259.0 1.4292e-05 3.669e-05
387696 1378 21242.0 1.4263e-05 3.668e-05
387696 1379 21249.0 1.4168e-05 3.6654e-05
387696 1380 21243.0 1.4206e-05 3.6633e-05
387696 1381 20904.0 1.4026e-05 3.6579e-05
387696 1382 21182.0 1.4357e-05 3.6583e-05
387696 1383 21119.0 1.43e-05 3.6528e-05
387696 1384 21159.0 1.4252e-05 3.6535e-05
387696 1385 21162.0 1.4277e-05 3.6528e-05
387696 1386 21130.0 1.4367e-05 3.6483e-05
387696 1387 21069.0 1.4467e-05 3.6477e-05
387696 1388 21148.0 1.4403e-05 3.6528e-05
387696 1389 21123.0 1.4391e-05 3.6528e-05
387696 1390 21142.0 1.428e-05 3.6495e-05
387696 1391 21136.0 1.4246e-05 3.6483e-05
387696 1392 21135.0 1.43e-05 3.6494e-05
387696 1393 21083.0 1.4458e-05 3.6509e-05
387696 1394 20825.0 1.4072e-05 3.6442e-05
387696 1395 21075.0 1.4515e-05 3.6467e-05
387696 1396 21055.0 1.4455e-05 3.6438e-05
387696 1397 21013.0 1.4466e-05 3.6392e-05
387696 1398 20947.0 1.4417e-05 3.6353e-05
387696 1399 21062.0 1.4259e-05 3.6354e-05
387696 1400 21001.0 1.4387e-05 3.6369e-05
387696 1401 20779.0 1.4233e-05 3.6303e-05
387696 1402 20769.0 1.4264e-05 3.6307e-05
387696 1403 3130.8 3.6092e-06 3.5501e-05
387696 1404 9910.1 5.1659e-06 3.5638e-05
387696 1405 20914.0 1.4362e-05 3.6338e-05
387696 1406 20957.0 1.4441e-05 3.6336e-05
387696 1407 20957.0 1.4415e-05 3.6319e-05
387696 1408 20693.0 1.4181e-05 3.6258e-05
387696 1409 20963.0 1.4339e-05 3.6262e-05
387696 1410 20918.0 1.4383e-05 3.6258e-05
387696 1411 20904.0 1.4317e-05 3.6234e-05
387696 1412 10673.0 5.5983e-06 3.5488e-05
387696 1413 0.0 0.0 0.0
387696 1414 18923.0 1.2401e-05 3.6e-05
387696 1415 20891.0 1.4486e-05 3.6177e-05
387696 1416 20873.0 1.4498e-05 3.6145e-05
387696 1417 20847.0 1.4395e-05 3.6144e-05
387696 1418 20899.0 1.4434e-05 3.6169e-05
387696 1419 20878.0 1.4597e-05 3.6178e-05
387696 1420 20868.0 1.4528e-05 3.616e-05
387696 1421 20875.0 1.4303e-05 3.6123e-05
387696 1422 20571.0 1.4237e-05 3.6102e-05
387696 1423 11.904 3.5838e-06 3.5223e-05
387696 1424 9607.2 5.1125e-06 3.5351e-05
387696 1425 20820.0 1.4368e-05 3.6047e-05
387696 1426 20807.0 1.453e-05 3.6051e-05
387696 1427 20776.0 1.4421e-05 3.5986e-05
387696 1428 20769.0 1.46e-05 3.6e-05
387696 1429 20744.0 1.4481e-05 3.6004e-05
387696 1430 20766.0 1.4522e-05 3.5978e-05
387696 1431 20745.0 1.4414e-05 3.5936e-05
387696 1432 20746.0 1.467e-05 3.5988e-05
387696 1433 20787.0 1.4544e-05 3.6029e-05
387696 1434 20752.0 1.4582e-05 3.5979e-05
387696 1435 20753.0 1.4526e-05 3.5954e-05
387696 1436 20431.0 1.4198e-05 3.588e-05
387696 1437 20653.0 1.4557e-05 3.5918e-05
387696 1438 20731.0 1.4497e-05 3.5916e-05
387696 1439 20708.0 1.4642e-05 3.5918e-05
387696 1440 20699.0 1.4455e-05 3.5869e-05
387696 1441 20678.0 1.4486e-05 3.5862e-05
387696 1442 20617.0 1.4754e-05 3.5884e-05
387696 1443 20608.0 1.4675e-05 3.5824e-05
387696 1444 20617.0 1.4555e-05 3.5766e-05
387696 1445 20632.0 1.4602e-05 3.5792e-05
387696 1446 6161.2 3.881e-06 3.4941e-05
387696 1447 20588.0 1.4507e-05 3.5744e-05
387696 1448 20623.0 1.4425e-05 3.5727e-05
387696 1449 20600.0 1.4663e-05 3.5796e-05
387696 1450 20338.0 1.4273e-05 3.5738e-05
387696 1451 20630.0 1.4412e-05 3.5742e-05
387696 1452 20583.0 1.4463e-05 3.5734e-05
387696 1453 20601.0 1.4435e-05 3.5721e-05
387696 1454 20535.0 1.4621e-05 3.5733e-05
387696 1455 20564.0 1.4448e-05 3.5684e-05
387696 1456 20502.0 1.4715e-05 3.5712e-05
387696 1457 20515.0 1.4524e-05 3.5657e-05
387696 1458 20490.0 1.46e-05 3.5621e-05
387696 1459 20460.0 1.456e-05 3.5587e-05
387696 1460 20469.0 1.4677e-05 3.5637e-05
387696 1461 20482.0 1.4543e-05 3.5591e-05
387696 1462 20213.0 1.4332e-05 3.5525e-05
387696 1463 20392.0 1.4788e-05 3.5613e-05
387696 1464 20480.0 1.4609e-05 3.5604e-05
387696 1465 20436.0 1.4726e-05 3.5617e-05
387696 1466 20437.0 1.4631e-05 3.5582e-05
387696 1467 20460.0 1.4586e-05 3.557e-05
387696 1468 20447.0 1.4688e-05 3.5626e-05
387696 1469 7341.6 4.1849e-06 3.4694e-05
387696 1470 10552.0 5.7832e-06 3.4803e-05
387696 1471 20422.0 1.453e-05 3.5491e-05
387696 1472 20337.0 1.4731e-05 3.5519e-05
387696 1473 20279.0 1.4743e-05 3.5463e-05
387696 1474 20302.0 1.4672e-05 3.5439e-05
387696 1475 20363.0 1.4604e-05 3.5434e-05
387696 1476 20079.0 1.4286e-05 3.536e-05
387696 1477 20212.0 1.4834e-05 3.5432e-05
387696 1478 20229.0 1.4845e-05 3.5449e-05
387696 1479 20313.0 1.4666e-05 3.5427e-05
387696 1480 20279.0 1.4689e-05 3.5433e-05
387696 1481 20283.0 1.4502e-05 3.5376e-05
387696 1482 20229.0 1.4841e-05 3.5435e-05
387696 1483 20287.0 1.4596e-05 3.5383e-05
387696 1484 20247.0 1.4644e-05 3.537e-05
387696 1485 20268.0 1.461e-05 3.5345e-05
387696 1486 20221.0 1.4686e-05 3.5331e-05
387696 1487 20175.0 1.4802e-05 3.5329e-05
387696 1488 20170.0 1.4691e-05 3.5261e-05
387696 1489 19977.0 1.4338e-05 3.5199e-05
387696 1490 20135.0 1.4664e-05 3.5279e-05
387696 1491 20101.0 1.4766e-05 3.5272e-05
387696 1492 20133.0 1.4615e-05 3.5216e-05
387696 1493 20076.0 1.4886e-05 3.5293e-05
387696 1494 20111.0 1.4749e-05 3.5275e-05
387696 1495 20145.0 1.4713e-05 3.526e-05
387696 1496 20094.0 1.4818e-05 3.527e-05
387696 1497 20160.0 1.4648e-05 3.5225e-05
387696 1498 20126.0 1.4712e-05 3.5222e-05
387696 1499 20117.0 1.4686e-05 3.5189e-05
387696 1500 20098.0 1.4743e-05 3.5195e-05
387696 1501 20074.0 1.4743e-05 3.5172e-05
387696 1502 19825.0 1.4315e-05 3.5052e-05
387696 1503 10749.0 5.9673e-06 3.4328e-05
387696 1504 0.0 0.0 0.0
387696 1505 19025.0 1.3395e-05 3.4916e-05
387696 1506 19965.0 1.4819e-05 3.5095e-05
387696 1507 19956.0 1.483e-05 3.5077e-05
387696 1508 20044.0 1.4661e-05 3.5086e-05
387696 1509 20009.0 1.4708e-05 3.5088e-05
387696 1510 19985.0 1.479e-05 3.5097e-05
387696 1511 20022.0 1.4706e-05 3.5067e-05
387696 1512 19859.0 1.5068e-05 3.5136e-05
387696 1513 19955.0 1.482e-05 3.5072e-05
387696 1514 19901.0 1.4941e-05 3.5073e-05
387696 1515 19934.0 1.473e-05 3.5019e-05
387696 1516 19697.0 1.4609e-05 3.4967e-05
387696 1517 19869.0 1.4861e-05 3.4963e-05
387696 1518 19818.0 1.4939e-05 3.4948e-05
387696 1519 19853.0 1.4917e-05 3.4971e-05
387696 1520 19832.0 1.4928e-05 3.4961e-05
387696 1521 19866.0 1.4812e-05 3.4935e-05
387696 1522 19745.0 1.4984e-05 3.4902e-05
387696 1523 19675.0 1.5037e-05 3.4855e-05
387696 1524 19766.0 1.4937e-05 3.4862e-05
387696 1525 19826.0 1.4861e-05 3.492e-05
387696 1526 19767.0 1.5032e-05 3.494e-05
387696 1527 19818.0 1.4851e-05 3.4901e-05
387696 1528 19811.0 1.4699e-05 3.4867e-05
387696 1529 19569.0 1.4604e-05 3.4844e-05
387696 1530 19797.0 1.4816e-05 3.4862e-05
387696 1531 19761.0 1.4916e-05 3.4866e-05
387696 1532 19747.0 1.4778e-05 3.48e-05
387696 1533 19754.0 1.4767e-05 3.4784e-05
387696 1534 19717.0 1.48e-05 3.4727e-05
387696 1535 19647.0 1.4966e-05 3.4761e-05
387696 1536 19608.0 1.5065e-05 3.4804e-05
387696 1537 19602.0 1.5053e-05 3.4767e-05
387696 1538 19650.0 1.4874e-05 3.4698e-05
387696 1539 19622.0 1.4948e-05 3.476e-05
387696 1540 19647.0 1.4982e-05 3.4766e-05
387696 1541 19662.0 1.4915e-05 3.4752e-05
387696 1542 18652.0 1.3434e-05 3.4506e-05
387696 1543 19583.0 1.506e-05 3.475e-05
387696 1544 19675.0 1.4764e-05 3.467e-05
387696 1545 19626.0 1.4936e-05 3.4709e-05
387696 1546 19545.0 1.501e-05 3.472e-05
387696 1547 19458.0 1.5178e-05 3.4749e-05
387696 1548 19451.0 1.5144e-05 3.4714e-05
387696 1549 19530.0 1.4994e-05 3.4647e-05
387696 1550 19521.0 1.4966e-05 3.4591e-05
387696 1551 19438.0 1.5032e-05 3.458e-05
387696 1552 19402.0 1.5077e-05 3.4612e-05
387696 1553 19415.0 1.5087e-05 3.462e-05
387696 1554 19361.0 1.5105e-05 3.4584e-05
387696 1555 19293.0 1.4572e-05 3.445e-05
387696 1556 19496.0 1.5001e-05 3.4591e-05
387696 1557 19410.0 1.5085e-05 3.4604e-05
387696 1558 19451.0 1.5028e-05 3.4591e-05
387696 1559 19395.0 1.5103e-05 3.4596e-05
387696 1560 19343.0 1.5112e-05 3.4588e-05
387696 1561 19409.0 1.5014e-05 3.4545e-05
387696 1562 19226.0 1.5304e-05 3.4626e-05
387696 1563 19381.0 1.5035e-05 3.4517e-05
387696 1564 19344.0 1.5064e-05 3.4512e-05
387696 1565 19294.0 1.4997e-05 3.4468e-05
387696 1566 19335.0 1.4822e-05 3.4412e-05
387696 1567 19197.0 1.5018e-05 3.4412e-05
387696 1568 18076.0 1.3083e-05 3.4064e-05
387696 1569 19125.0 1.5128e-05 3.4455e-05
387696 1570 19111.0 1.5167e-05 3.4447e-05
387696 1571 19113.0 1.5169e-05 3.4423e-05
387696 1572 19327.0 1.4839e-05 3.4334e-05
387696 1573 19216.0 1.5059e-05 3.4419e-05
387696 1574 19087.0 1.5306e-05 3.4476e-05
387696 1575 19054.0 1.5283e-05 3.4464e-05
387696 1576 19209.0 1.4997e-05 3.4372e-05
387696 1577 19197.0 1.5019e-05 3.4362e-05
387696 1578 19110.0 1.5197e-05 3.4445e-05
387696 1579 19218.0 1.4953e-05 3.4329e-05
387696 1580 19033.0 1.5272e-05 3.4389e-05
387696 1581 18999.0 1.4802e-05 3.4253e-05
387696 1582 19068.0 1.5097e-05 3.4299e-05
387696 1583 19032.0 1.5113e-05 3.4288e-05
387696 1584 18954.0 1.5178e-05 3.4252e-05
387696 1585 18936.0 1.5241e-05 3.4277e-05
387696 1586 18977.0 1.5173e-05 3.4275e-05
387696 1587 18956.0 1.5202e-05 3.4261e-05
387696 1588 18856.0 1.5365e-05 3.4283e-05
387696 1589 18975.0 1.5131e-05 3.426e-05
387696 1590 18979.0 1.5164e-05 3.4264e-05
387696 1591 19013.0 1.5125e-05 3.4242e-05
387696 1592 18879.0 1.5381e-05 3.4294e-05
387696 1593 18959.0 1.5149e-05 3.4222e-05
387696 1594 18800.0 1.4896e-05 3.4142e-05
387696 1595 18912.0 1.5063e-05 3.4184e-05
387696 1596 18907.0 1.524e-05 3.4195e-05
387696 1597 18920.0 1.5111e-05 3.4152e-05
387696 1598 18889.0 1.5205e-05 3.4153e-05
387696 1599 18827.0 1.527e-05 3.4162e-05
387696 1600 18778.0 1.5259e-05 3.4101e-05
387696 1601 18803.0 1.5201e-05 3.4069e-05
387696 1602 18820.0 1.5191e-05 3.4105e-05
387696 1603 18911.0 1.4991e-05 3.4043e-05
387696 1604 18608.0 1.4517e-05 3.3878e-05
387696 1605 14812.0 9.7494e-06 3.3365e-05
387696 1606 18752.0 1.5318e-05 3.4121e-05
387696 1607 18689.0 1.485e-05 3.3992e-05
387696 1608 18728.0 1.5339e-05 3.411e-05
387696 1609 18819.0 1.5184e-05 3.405e-05
387696 1610 18724.0 1.5293e-05 3.4071e-05
387696 1611 18609.0 1.5449e-05 3.4096e-05
387696 1612 18603.0 1.5378e-05 3.4067e-05
387696 1613 18588.0 1.5417e-05 3.4051e-05
387696 1614 18616.0 1.5352e-05 3.4017e-05
387696 1615 18735.0 1.5068e-05 3.3881e-05
387696 1616 18707.0 1.5122e-05 3.3891e-05
387696 1617 18635.0 1.5267e-05 3.3954e-05
387696 1618 18540.0 1.538e-05 3.3968e-05
387696 1619 18537.0 1.534e-05 3.3927e-05
387696 1620 18507.0 1.4942e-05 3.3842e-05
387696 1621 18374.0 1.5614e-05 3.4049e-05
387696 1622 18612.0 1.527e-05 3.3943e-05
387696 1623 18299.0 1.5685e-05 3.4058e-05
387696 1624 18528.0 1.5351e-05 3.3935e-05
387696 1625 18433.0 1.5322e-05 3.3921e-05
387696 1626 18517.0 1.5304e-05 3.3891e-05
387696 1627 18406.0 1.5505e-05 3.3936e-05
387696 1628 18401.0 1.5451e-05 3.3899e-05
387696 1629 18251.0 1.5622e-05 3.3931e-05
387696 1630 18269.0 1.5554e-05 3.3854e-05
387696 1631 18323.0 1.5432e-05 3.3837e-05
387696 1632 18399.0 1.5356e-05 3.3823e-05
387696 1633 18227.0 1.5185e-05 3.374e-05
387696 1634 18252.0 1.552e-05 3.3813e-05
387696 1635 18315.0 1.5434e-05 3.3824e-05
387696 1636 18352.0 1.541e-05 3.3826e-05
387696 1637 18345.0 1.5418e-05 3.3822e-05
387696 1638 18333.0 1.5395e-05 3.3814e-05
387696 1639 18315.0 1.5436e-05 3.3794e-05
387696 1640 18322.0 1.5411e-05 3.3779e-05
387696 1641 18265.0 1.5416e-05 3.3791e-05
387696 1642 18144.0 1.5621e-05 3.3826e-05
387696 1643 18185.0 1.5551e-05 3.3788e-05
387696 1644 18120.0 1.5603e-05 3.3789e-05
387696 1645 18009.0 1.5776e-05 3.3865e-05
387696 1646 18050.0 1.5251e-05 3.3621e-05
387696 1647 17937.0 1.5723e-05 3.3741e-05
387696 1648 18118.0 1.5516e-05 3.3698e-05
387696 1649 17842.0 1.5861e-05 3.3809e-05
387696 1650 17947.0 1.5701e-05 3.3715e-05
387696 1651 18048.0 1.5538e-05 3.366e-05
387696 1652 18050.0 1.5586e-05 3.3723e-05
387696 1653 18256.0 1.529e-05 3.3615e-05
387696 1654 18030.0 1.5603e-05 3.3705e-05
387696 1655 17947.0 1.5685e-05 3.3725e-05
387696 1656 18059.0 1.549e-05 3.3661e-05
387696 1657 17823.0 1.5808e-05 3.3743e-05
387696 1658 18102.0 1.5448e-05 3.3603e-05
387696 1659 18073.0 1.5067e-05 3.3469e-05
387696 1660 17960.0 1.5568e-05 3.361e-05
387696 1661 17916.0 1.5546e-05 3.3545e-05
387696 1662 17840.0 1.5659e-05 3.3564e-05
387696 1663 18066.0 1.5377e-05 3.3508e-05
387696 1664 17887.0 1.5597e-05 3.3564e-05
387696 1665 17825.0 1.5643e-05 3.3546e-05
387696 1666 17962.0 1.5462e-05 3.3498e-05
387696 1667 17706.0 1.5829e-05 3.3642e-05
387696 1668 17915.0 1.5562e-05 3.3544e-05
387696 1669 17719.0 1.5789e-05 3.3619e-05
387696 1670 17911.0 1.5483e-05 3.3509e-05
387696 1671 17887.0 1.5167e-05 3.3391e-05
387696 1672 17750.0 1.5699e-05 3.3549e-05
387696 1673 17593.0 1.5916e-05 3.3609e-05
387696 1674 17536.0 1.5961e-05 3.36e-05
387696 1675 17875.0 1.5508e-05 3.3449e-05
387696 1676 17724.0 1.5637e-05 3.3467e-05
387696 1677 17509.0 1.5894e-05 3.3516e-05
387696 1678 17626.0 1.5645e-05 3.3395e-05
387696 1679 17403.0 1.594e-05 3.3505e-05
387696 1680 17579.0 1.5741e-05 3.3449e-05
387696 1681 17562.0 1.5767e-05 3.3437e-05
387696 1682 17495.0 1.579e-05 3.3426e-05
387696 1683 17560.0 1.5795e-05 3.3452e-05
387696 1684 17587.0 1.5399e-05 3.3338e-05
387696 1685 17432.0 1.5926e-05 3.3497e-05
387696 1686 17716.0 1.556e-05 3.3373e-05
387696 1687 17552.0 1.5723e-05 3.3402e-05
387696 1688 17515.0 1.5756e-05 3.3411e-05
387696 1689 17554.0 1.5735e-05 3.3389e-05
387696 1690 17489.0 1.579e-05 3.339e-05
387696 1691 17489.0 1.5745e-05 3.3359e-05
387696 1692 17394.0 1.5842e-05 3.3379e-05
387696 1693 17603.0 1.5541e-05 3.3266e-05
387696 1694 17399.0 1.5749e-05 3.3286e-05
387696 1695 17229.0 1.592e-05 3.3327e-05
387696 1696 17517.0 1.563e-05 3.3249e-05
387696 1697 17317.0 1.5548e-05 3.3214e-05
387696 1698 17289.0 1.5841e-05 3.328e-05
387696 1699 17065.0 1.6114e-05 3.3372e-05
387696 1700 17481.0 1.5647e-05 3.3245e-05
387696 1701 17533.0 1.5571e-05 3.3212e-05
387696 1702 17233.0 1.5924e-05 3.3327e-05
387696 1703 17313.0 1.5825e-05 3.3271e-05
387696 1704 17183.0 1.5949e-05 3.3299e-05
387696 1705 17115.0 1.6015e-05 3.3322e-05
387696 1706 17193.0 1.5906e-05 3.3276e-05
387696 1707 17042.0 1.6092e-05 3.3308e-05
387696 1708 17058.0 1.6041e-05 3.3282e-05
387696 1709 17157.0 1.5882e-05 3.3213e-05
387696 1710 17162.0 1.5566e-05 3.3088e-05
387696 1711 17008.0 1.6005e-05 3.3178e-05
387696 1712 16915.0 1.614e-05 3.322e-05
387696 1713 16814.0 1.6238e-05 3.3284e-05
387696 1714 16966.0 1.6075e-05 3.3202e-05
387696 1715 16841.0 1.6146e-05 3.3209e-05
387696 1716 3484.6 3.4243e-06 3.1608e-05
387696 1717 5785.7 3.8112e-06 3.1663e-05
387696 1718 17030.0 1.5971e-05 3.3176e-05
387696 1719 16887.0 1.6098e-05 3.3222e-05
387696 1720 17167.0 1.5758e-05 3.3088e-05
387696 1721 16885.0 1.6117e-05 3.3191e-05
387696 1722 16889.0 1.6082e-05 3.3163e-05
387696 1723 16872.0 1.607e-05 3.3148e-05
387696 1724 17001.0 1.5596e-05 3.2962e-05
387696 1725 16715.0 1.6169e-05 3.3128e-05
387696 1726 16359.0 1.6492e-05 3.3216e-05
387696 1727 16848.0 1.5962e-05 3.3028e-05
387696 1728 16757.0 1.61e-05 3.3077e-05
387696 1729 16772.0 1.6057e-05 3.3031e-05
387696 1730 16251.0 1.652e-05 3.3201e-05
387696 1731 16461.0 1.6377e-05 3.3172e-05
387696 1732 16634.0 1.6208e-05 3.3106e-05
387696 1733 16821.0 1.5976e-05 3.303e-05
387696 1734 16521.0 1.63e-05 3.3128e-05
387696 1735 7696.5 4.7308e-06 3.1512e-05
387696 1736 0.0 0.0 0.0
387696 1737 9559.0 5.9255e-06 3.1598e-05
387696 1738 16420.0 1.6355e-05 3.3118e-05
387696 1739 16816.0 1.5616e-05 3.2848e-05
387696 1740 16251.0 1.6468e-05 3.3127e-05
387696 1741 15961.0 1.6701e-05 3.3206e-05
387696 1742 16729.0 1.5913e-05 3.2845e-05
387696 1743 16047.0 1.6565e-05 3.308e-05
387696 1744 16211.0 1.6419e-05 3.3047e-05
387696 1745 16356.0 1.6262e-05 3.2966e-05
387696 1746 16551.0 1.6006e-05 3.2825e-05
387696 1747 16289.0 1.6289e-05 3.2948e-05
387696 1748 16297.0 1.6359e-05 3.3008e-05
387696 1749 16107.0 1.6518e-05 3.3067e-05
387696 1750 15936.0 1.6665e-05 3.3132e-05
387696 1751 16362.0 1.6249e-05 3.2949e-05
387696 1752 16490.0 1.5852e-05 3.279e-05
387696 1753 16236.0 1.6367e-05 3.2985e-05
387696 1754 16405.0 1.6171e-05 3.291e-05
387696 1755 16461.0 1.6093e-05 3.2854e-05
387696 1756 15933.0 1.6592e-05 3.3041e-05
387696 1757 15975.0 1.655e-05 3.3025e-05
387696 1758 15986.0 1.6521e-05 3.2992e-05
387696 1759 16116.0 1.6361e-05 3.2899e-05
387696 1760 16087.0 1.6427e-05 3.2918e-05
387696 1761 15703.0 1.6748e-05 3.3065e-05
387696 1762 15441.0 1.6968e-05 3.3143e-05
387696 1763 15973.0 1.6481e-05 3.2914e-05
387696 1764 15949.0 1.6517e-05 3.2938e-05
387696 1765 16151.0 1.6096e-05 3.2764e-05
387696 1766 15491.0 1.6892e-05 3.308e-05
387696 1767 15395.0 1.6959e-05 3.3098e-05
387696 1768 16093.0 1.6325e-05 3.2834e-05
387696 1769 16049.0 1.6361e-05 3.2836e-05
387696 1770 14992.0 1.7376e-05 3.3265e-05
387696 1771 15641.0 1.6677e-05 3.2934e-05
387696 1772 15376.0 1.6898e-05 3.2996e-05
387696 1773 15420.0 1.686e-05 3.2992e-05
387696 1774 15365.0 1.6913e-05 3.3019e-05
387696 1775 15179.0 1.7068e-05 3.3049e-05
387696 1776 15437.0 1.6778e-05 3.2918e-05
387696 1777 16031.0 1.6003e-05 3.2619e-05
387696 1778 15245.0 1.6965e-05 3.3e-05
387696 1779 15166.0 1.7011e-05 3.2988e-05
387696 1780 15213.0 1.6968e-05 3.2959e-05
387696 1781 15577.0 1.6625e-05 3.2845e-05
387696 1782 15610.0 1.6578e-05 3.2804e-05
387696 1783 15291.0 1.688e-05 3.2908e-05
387696 1784 15450.0 1.6702e-05 3.2837e-05
387696 1785 15051.0 1.7101e-05 3.2994e-05
387696 1786 15344.0 1.6801e-05 3.2858e-05
387696 1787 15304.0 1.6795e-05 3.2842e-05
387696 1788 15036.0 1.7105e-05 3.2955e-05
387696 1789 15048.0 1.7042e-05 3.293e-05
387696 1790 15714.0 1.6177e-05 3.2543e-05
387696 1791 15416.0 1.6637e-05 3.273e-05
387696 1792 15314.0 1.6752e-05 3.278e-05
387696 1793 14776.0 1.7272e-05 3.2977e-05
387696 1794 14693.0 1.7354e-05 3.2974e-05
387696 1795 14978.0 1.7026e-05 3.2851e-05
387696 1796 14833.0 1.7201e-05 3.2931e-05
387696 1797 15449.0 1.6575e-05 3.2664e-05
387696 1798 14664.0 1.7355e-05 3.296e-05
387696 1799 14654.0 1.7357e-05 3.2959e-05
387696 1800 15034.0 1.6939e-05 3.2791e-05
387696 1801 15009.0 1.6954e-05 3.2784e-05
387696 1802 14851.0 1.7085e-05 3.2824e-05
387696 1803 15403.0 1.6359e-05 3.2525e-05
387696 1804 14815.0 1.7134e-05 3.2818e-05
387696 1805 14894.0 1.7009e-05 3.2737e-05
387696 1806 14948.0 1.6943e-05 3.2706e-05
387696 1807 15041.0 1.6843e-05 3.2676e-05
387696 1808 14532.0 1.7396e-05 3.2859e-05
387696 1809 9922.4 6.406e-06 3.0797e-05
387696 1810 5502.9 3.7913e-06 3.0614e-05
387696 1811 14684.0 1.7216e-05 3.2783e-05
387696 1812 14525.0 1.7361e-05 3.2823e-05
387696 1813 14633.0 1.7214e-05 3.2764e-05
387696 1814 14326.0 1.7572e-05 3.2897e-05
387696 1815 14784.0 1.7011e-05 3.2692e-05
387696 1816 14255.0 1.7612e-05 3.2889e-05
387696 1817 14877.0 1.6689e-05 3.2535e-05
387696 1818 14457.0 1.7358e-05 3.2767e-05
387696 1819 14416.0 1.7374e-05 3.2757e-05
387696 1820 14156.0 1.7635e-05 3.2818e-05
387696 1821 14516.0 1.7225e-05 3.267e-05
387696 1822 14098.0 1.7673e-05 3.2848e-05
387696 1823 14033.0 1.7734e-05 3.284e-05
387696 1824 14554.0 1.7116e-05 3.2595e-05
387696 1825 14202.0 1.7562e-05 3.2772e-05
387696 1826 14226.0 1.753e-05 3.2762e-05
387696 1827 13979.0 1.7772e-05 3.2844e-05
387696 1828 14546.0 1.7131e-05 3.26e-05
387696 1829 14382.0 1.7333e-05 3.2666e-05
387696 1830 14728.0 1.6684e-05 3.242e-05
387696 1831 14025.0 1.7676e-05 3.2761e-05
387696 1832 13854.0 1.7866e-05 3.2827e-05
387696 1833 14393.0 1.7255e-05 3.2594e-05
387696 1834 14296.0 1.7338e-05 3.26e-05
387696 1835 14095.0 1.7534e-05 3.2652e-05
387696 1836 14032.0 1.7602e-05 3.269e-05
387696 1837 13999.0 1.7627e-05 3.2697e-05
387696 1838 14217.0 1.7348e-05 3.2568e-05
387696 1839 14302.0 1.7264e-05 3.2521e-05
387696 1840 13722.0 1.7911e-05 3.2787e-05
387696 1841 13772.0 1.7848e-05 3.2747e-05
387696 1842 13494.0 1.8144e-05 3.2841e-05
387696 1843 14460.0 1.6807e-05 3.2349e-05
387696 1844 13831.0 1.7754e-05 3.2691e-05
387696 1845 13448.0 1.8177e-05 3.283e-05
387696 1846 14138.0 1.7384e-05 3.2522e-05
387696 1847 13704.0 1.7858e-05 3.2683e-05
387696 1848 13868.0 1.7659e-05 3.2608e-05
387696 1849 13444.0 1.8065e-05 3.2727e-05
387696 1850 13947.0 1.7521e-05 3.2515e-05
387696 1851 13782.0 1.7701e-05 3.2587e-05
387696 1852 13488.0 1.801e-05 3.2692e-05
387696 1853 13427.0 1.8038e-05 3.2668e-05
387696 1854 13551.0 1.7907e-05 3.2621e-05
387696 1855 12961.0 1.8593e-05 3.2901e-05
387696 1856 13782.0 1.74e-05 3.2448e-05
387696 1857 13552.0 1.7896e-05 3.2617e-05
387696 1858 13267.0 1.8204e-05 3.2734e-05
387696 1859 12998.0 1.8519e-05 3.285e-05
387696 1860 13016.0 1.8484e-05 3.281e-05
387696 1861 13558.0 1.7836e-05 3.2557e-05
387696 1862 13521.0 1.7869e-05 3.2564e-05
387696 1863 13400.0 1.7992e-05 3.2589e-05
387696 1864 12929.0 1.8483e-05 3.2742e-05
387696 1865 13479.0 1.7868e-05 3.2518e-05
387696 1866 13085.0 1.8295e-05 3.269e-05
387696 1867 13048.0 1.8318e-05 3.2683e-05
387696 1868 13185.0 1.8173e-05 3.2608e-05
387696 1869 13838.0 1.719e-05 3.2254e-05
387696 1870 12876.0 1.8526e-05 3.2752e-05
387696 1871 13293.0 1.8043e-05 3.255e-05
387696 1872 13131.0 1.8195e-05 3.2598e-05
387696 1873 13165.0 1.8166e-05 3.2581e-05
387696 1874 13011.0 1.8324e-05 3.2639e-05
387696 1875 12760.0 1.8563e-05 3.2708e-05
387696 1876 13240.0 1.8016e-05 3.2486e-05
387696 1877 7212.6 4.7333e-06 2.9985e-05
387696 1878 12411.0 1.8958e-05 3.2815e-05
387696 1879 12649.0 1.8635e-05 3.2674e-05
387696 1880 12792.0 1.8469e-05 3.2619e-05
387696 1881 12596.0 1.8715e-05 3.2709e-05
387696 1882 13478.0 1.7444e-05 3.2224e-05
387696 1883 13080.0 1.8105e-05 3.2448e-05
387696 1884 12584.0 1.8695e-05 3.268e-05
387696 1885 12938.0 1.8271e-05 3.2516e-05
387696 1886 12769.0 1.8426e-05 3.2557e-05
387696 1887 12632.0 1.8609e-05 3.2616e-05
387696 1888 12487.0 1.8811e-05 3.2681e-05
387696 1889 12954.0 1.8182e-05 3.2449e-05
387696 1890 12700.0 1.8474e-05 3.2532e-05
387696 1891 12284.0 1.9002e-05 3.2721e-05
387696 1892 12398.0 1.8825e-05 3.265e-05
387696 1893 12682.0 1.8457e-05 3.2485e-05
387696 1894 12630.0 1.8466e-05 3.2474e-05
387696 1895 13503.0 1.7249e-05 3.2029e-05
387696 1896 12331.0 1.8861e-05 3.2623e-05
387696 1897 12417.0 1.87e-05 3.2541e-05
387696 1898 12625.0 1.8414e-05 3.2422e-05
387696 1899 12292.0 1.8892e-05 3.2607e-05
387696 1900 13055.0 1.7943e-05 3.2251e-05
387696 1901 12182.0 1.9018e-05 3.2629e-05
387696 1902 11945.0 1.9298e-05 3.2727e-05
387696 1903 12728.0 1.8285e-05 3.2372e-05
387696 1904 12567.0 1.8458e-05 3.242e-05
387696 1905 12245.0 1.8863e-05 3.2551e-05
387696 1906 12218.0 1.8892e-05 3.2546e-05
387696 1907 12128.0 1.9011e-05 3.2572e-05
387696 1908 12712.0 1.802e-05 3.2182e-05
387696 1909 12003.0 1.9081e-05 3.2552e-05
387696 1910 12299.0 1.87e-05 3.2443e-05
387696 1911 11615.0 1.9558e-05 3.2739e-05
387696 1912 12244.0 1.8747e-05 3.2405e-05
387696 1913 12399.0 1.8526e-05 3.2336e-05
387696 1914 12351.0 1.8614e-05 3.2387e-05
387696 1915 12181.0 1.8809e-05 3.2444e-05
387696 1916 11829.0 1.9262e-05 3.2591e-05
387696 1917 12168.0 1.8831e-05 3.2432e-05
387696 1918 11895.0 1.9161e-05 3.2547e-05
387696 1919 11869.0 1.9191e-05 3.2539e-05
387696 1920 11463.0 1.9627e-05 3.2704e-05
387696 1921 12350.0 1.8296e-05 3.22e-05
387696 1922 11543.0 1.951e-05 3.2636e-05
387696 1923 11765.0 1.9209e-05 3.2482e-05
387696 1924 11554.0 1.947e-05 3.2583e-05
387696 1925 12046.0 1.8898e-05 3.237e-05
387696 1926 11437.0 1.9616e-05 3.2624e-05
387696 1927 11966.0 1.8939e-05 3.2355e-05
387696 1928 11946.0 1.8956e-05 3.2368e-05
387696 1929 11937.0 1.8984e-05 3.2382e-05
387696 1930 11303.0 1.9743e-05 3.2663e-05
387696 1931 11869.0 1.9039e-05 3.2383e-05
387696 1932 12105.0 1.8732e-05 3.2266e-05
387696 1933 11731.0 1.9204e-05 3.2433e-05
387696 1934 12068.0 1.8505e-05 3.2157e-05
387696 1935 11316.0 1.9657e-05 3.2582e-05
387696 1936 11471.0 1.9446e-05 3.2487e-05
387696 1937 10792.0 2.0275e-05 3.2791e-05
387696 1938 11384.0 1.9493e-05 3.2461e-05
387696 1939 11233.0 1.966e-05 3.2534e-05
387696 1940 11042.0 1.9913e-05 3.2632e-05
387696 1941 11384.0 1.9464e-05 3.2445e-05
387696 1942 10946.0 1.9973e-05 3.2631e-05
387696 1943 11117.0 1.9794e-05 3.2562e-05
387696 1944 10745.0 2.0254e-05 3.2748e-05
387696 1945 11886.0 1.883e-05 3.2188e-05
387696 1946 10995.0 1.993e-05 3.2595e-05
387696 1947 11673.0 1.8866e-05 3.2194e-05
387696 1948 10731.0 2.0242e-05 3.2707e-05
387696 1949 10657.0 2.0277e-05 3.2715e-05
387696 1950 10743.0 2.0206e-05 3.2666e-05
387696 1951 10666.0 2.0265e-05 3.2684e-05
387696 1952 10945.0 1.9869e-05 3.2506e-05
387696 1953 10543.0 2.0398e-05 3.2687e-05
387696 1954 10929.0 1.9887e-05 3.2507e-05
387696 1955 10703.0 2.018e-05 3.2618e-05
387696 1956 11038.0 1.9714e-05 3.2419e-05
387696 1957 10877.0 1.9891e-05 3.2479e-05
387696 1958 10732.0 2.0116e-05 3.2579e-05
387696 1959 11703.0 1.8665e-05 3.2014e-05
387696 1960 11540.0 1.9075e-05 3.2146e-05
387696 1961 10766.0 2.0019e-05 3.2506e-05
387696 1962 10474.0 2.0418e-05 3.2656e-05
387696 1963 11239.0 1.9385e-05 3.2239e-05
387696 1964 10528.0 2.0267e-05 3.2567e-05
387696 1965 10734.0 2.0022e-05 3.2465e-05
387696 1966 10116.0 2.0817e-05 3.2769e-05
387696 1967 10266.0 2.0585e-05 3.2648e-05
387696 1968 10692.0 1.9982e-05 3.2409e-05
387696 1969 10425.0 2.0369e-05 3.2573e-05
387696 1970 10758.0 1.9916e-05 3.2389e-05
387696 1971 10419.0 2.0342e-05 3.2528e-05
387696 1972 11000.0 1.9367e-05 3.2151e-05
387696 1973 10096.0 2.0803e-05 3.2715e-05
387696 1974 10943.0 1.9621e-05 3.2254e-05
387696 1975 10257.0 2.0554e-05 3.2593e-05
387696 1976 10241.0 2.0574e-05 3.2597e-05
387696 1977 9808.2 2.1208e-05 3.2832e-05
387696 1978 10304.0 2.0443e-05 3.2529e-05
387696 1979 10270.0 2.0462e-05 3.2525e-05
387696 1980 9877.2 2.1028e-05 3.2728e-05
387696 1981 9882.1 2.1012e-05 3.2715e-05
387696 1982 10143.0 2.0551e-05 3.2509e-05
387696 1983 9542.4 2.147e-05 3.2853e-05
387696 1984 9409.6 2.168e-05 3.294e-05
387696 1985 10332.0 2.0073e-05 3.2318e-05
387696 1986 9536.0 2.1387e-05 3.2799e-05
387696 1987 9703.2 2.1182e-05 3.2723e-05
387696 1988 9936.7 2.0854e-05 3.2599e-05
387696 1989 9694.1 2.1186e-05 3.2719e-05
387696 1990 9901.5 2.0869e-05 3.2589e-05
387696 1991 9689.2 2.1191e-05 3.2703e-05
387696 1992 9806.8 2.0987e-05 3.2626e-05
387696 1993 10025.0 2.0631e-05 3.2473e-05
387696 1994 9371.0 2.1647e-05 3.2841e-05
387696 1995 9446.6 2.1481e-05 3.2782e-05
387696 1996 9070.2 2.2105e-05 3.2985e-05
387696 1997 9301.4 2.1659e-05 3.2794e-05
387696 1998 10811.0 1.929e-05 3.1898e-05
387696 1999 9163.8 2.1933e-05 3.2902e-05
387696 2000 9516.7 2.1286e-05 3.2648e-05
387696 2001 9404.6 2.144e-05 3.2687e-05
387696 2002 8819.1 2.2467e-05 3.3076e-05
387696 2003 9556.5 2.1232e-05 3.2622e-05
387696 2004 9080.6 2.2006e-05 3.2895e-05
387696 2005 9099.5 2.1966e-05 3.2874e-05
387696 2006 8690.8 2.2669e-05 3.3132e-05
387696 2007 9810.0 2.0818e-05 3.2428e-05
387696 2008 9602.2 2.1083e-05 3.2521e-05
387696 2009 9717.6 2.0902e-05 3.2437e-05
387696 2010 9396.7 2.1413e-05 3.2618e-05
387696 2011 10693.0 1.9278e-05 3.1792e-05
387696 2012 9128.9 2.1766e-05 3.2711e-05
387696 2013 9088.3 2.1829e-05 3.2727e-05
387696 2014 9240.8 2.1478e-05 3.2548e-05
387696 2015 9440.5 2.1243e-05 3.2513e-05
387696 2016 9399.2 2.1298e-05 3.2532e-05
387696 2017 9382.8 2.1293e-05 3.2503e-05
387696 2018 9007.6 2.1915e-05 3.2721e-05
387696 2019 9077.6 2.1812e-05 3.27e-05
387696 2020 8791.5 2.2286e-05 3.2873e-05
387696 2021 9429.1 2.1225e-05 3.2465e-05
387696 2022 9069.0 2.1807e-05 3.268e-05
387696 2023 8911.0 2.2066e-05 3.2766e-05
387696 2024 9326.0 2.1121e-05 3.2408e-05
387696 2025 9255.0 2.1432e-05 3.2511e-05
387696 2026 8892.2 2.2006e-05 3.2715e-05
387696 2027 8697.9 2.2335e-05 3.2831e-05
387696 2028 9981.9 1.9996e-05 3.1914e-05
387696 2029 8873.9 2.1774e-05 3.2575e-05
387696 2030 8775.6 2.2163e-05 3.2722e-05
387696 2031 8904.8 2.1917e-05 3.2621e-05
387696 2032 8704.7 2.2208e-05 3.2706e-05
387696 2033 8997.7 2.1708e-05 3.2527e-05
387696 2034 8273.7 2.3047e-05 3.3037e-05
387696 2035 9217.3 2.136e-05 3.2402e-05
387696 2036 8516.8 2.2523e-05 3.2838e-05
387696 2037 9516.2 2.0633e-05 3.2129e-05
387696 2038 9084.4 2.1569e-05 3.2462e-05
387696 2039 8902.1 2.1848e-05 3.2537e-05
387696 2040 9217.0 2.1277e-05 3.2322e-05
387696 2041 8268.6 2.2959e-05 3.2942e-05
387696 2042 8065.5 2.3345e-05 3.3071e-05
387696 2043 8292.9 2.2855e-05 3.2853e-05
387696 2044 8328.7 2.2788e-05 3.2829e-05
387696 2045 8304.1 2.2815e-05 3.2853e-05
387696 2046 8244.7 2.2925e-05 3.2881e-05
387696 2047 8398.2 2.2588e-05 3.2739e-05
387696 2048 8182.9 2.3031e-05 3.2905e-05
387696 2049 8283.0 2.283e-05 3.2841e-05
387696 2050 9300.2 2.0838e-05 3.2088e-05
387696 2051 8362.5 2.2641e-05 3.2749e-05
387696 2052 8460.2 2.2478e-05 3.2689e-05
387696 2053 8358.7 2.2691e-05 3.2744e-05
387696 2054 7841.1 2.3672e-05 3.3081e-05
387696 2055 8036.4 2.3251e-05 3.2923e-05
387696 2056 8361.3 2.2601e-05 3.2685e-05
387696 2057 8557.2 2.2185e-05 3.2517e-05
387696 2058 7872.1 2.3525e-05 3.2964e-05
387696 2059 7620.0 2.4085e-05 3.3177e-05
387696 2060 7748.1 2.3797e-05 3.3079e-05
387696 2061 8038.6 2.3129e-05 3.2821e-05
387696 2062 8120.4 2.2927e-05 3.2736e-05
387696 2063 8897.5 2.1313e-05 3.2166e-05
387696 2064 7868.5 2.3493e-05 3.2948e-05
387696 2065 8038.8 2.3083e-05 3.2801e-05
387696 2066 8073.6 2.3045e-05 3.2766e-05
387696 2067 8263.4 2.2658e-05 3.2628e-05
387696 2068 8049.8 2.3064e-05 3.2766e-05
387696 2069 7996.0 2.313e-05 3.2774e-05
387696 2070 8392.3 2.2332e-05 3.2472e-05
387696 2071 8038.1 2.3014e-05 3.2716e-05
387696 2072 7753.1 2.3604e-05 3.2886e-05
387696 2073 7916.6 2.3187e-05 3.2729e-05
387696 2074 7681.5 2.3739e-05 3.2933e-05
387696 2075 7763.5 2.354e-05 3.2859e-05
387696 2076 8021.2 2.2686e-05 3.2528e-05
387696 2077 7528.3 2.4034e-05 3.2994e-05
387696 2078 8233.2 2.2514e-05 3.249e-05
387696 2079 7875.4 2.326e-05 3.2745e-05
387696 2080 7909.5 2.3171e-05 3.2699e-05
387696 2081 7712.4 2.3606e-05 3.2851e-05
387696 2082 8000.3 2.2977e-05 3.2627e-05
387696 2083 7678.8 2.3653e-05 3.2839e-05
387696 2084 7731.6 2.3497e-05 3.2762e-05
387696 2085 7711.1 2.3479e-05 3.2773e-05
387696 2086 7928.2 2.3055e-05 3.2606e-05
387696 2087 7755.1 2.3355e-05 3.2678e-05
387696 2088 7723.8 2.3168e-05 3.2603e-05
387696 2089 7349.6 2.4372e-05 3.3025e-05
387696 2090 7353.3 2.4316e-05 3.3001e-05
387696 2091 7269.4 2.4546e-05 3.305e-05
387696 2092 7713.4 2.3422e-05 3.2675e-05
387696 2093 7413.7 2.4143e-05 3.2936e-05
387696 2094 7423.1 2.412e-05 3.2913e-05
387696 2095 7640.6 2.3558e-05 3.272e-05
387696 2096 7489.6 2.3925e-05 3.2832e-05
387696 2097 7205.3 2.4648e-05 3.3066e-05
387696 2098 7349.1 2.4224e-05 3.2912e-05
387696 2099 7156.2 2.4719e-05 3.3064e-05
387696 2100 7673.0 2.339e-05 3.2613e-05
387696 2101 8127.4 2.2192e-05 3.2164e-05
387696 2102 7216.5 2.4467e-05 3.2921e-05
387696 2103 7385.8 2.3992e-05 3.2771e-05
387696 2104 7494.7 2.3771e-05 3.2702e-05
387696 2105 6953.0 2.5129e-05 3.314e-05
387696 2106 7209.4 2.4399e-05 3.2883e-05
387696 2107 7373.6 2.3984e-05 3.2754e-05
387696 2108 7307.9 2.419e-05 3.2834e-05
387696 2109 7098.7 2.4752e-05 3.2997e-05
387696 2110 7103.7 2.4685e-05 3.2974e-05
387696 2111 7524.1 2.3609e-05 3.261e-05
387696 2112 7150.0 2.4568e-05 3.2913e-05
387696 2113 7091.6 2.4687e-05 3.2925e-05
387696 2114 7168.4 2.4178e-05 3.2759e-05
387696 2115 7286.7 2.4099e-05 3.2734e-05
387696 2116 7111.4 2.4568e-05 3.2865e-05
387696 2117 7278.9 2.4084e-05 3.2677e-05
387696 2118 6830.9 2.5256e-05 3.3078e-05
387696 2119 7099.9 2.4596e-05 3.2848e-05
387696 2120 7009.9 2.476e-05 3.2892e-05
387696 2121 7112.1 2.4494e-05 3.2787e-05
387696 2122 7039.6 2.4674e-05 3.2869e-05
387696 2123 6699.8 2.5581e-05 3.3177e-05
387696 2124 6922.2 2.4979e-05 3.2953e-05
387696 2125 6935.1 2.4953e-05 3.2933e-05
387696 2126 6926.1 2.492e-05 3.2924e-05
387696 2127 7119.4 2.4109e-05 3.2646e-05
387696 2128 7133.5 2.4355e-05 3.2699e-05
387696 2129 6645.3 2.5563e-05 3.311e-05
387696 2130 6580.0 2.5711e-05 3.3162e-05
387696 2131 6481.9 2.5961e-05 3.3219e-05
387696 2132 6468.8 2.5964e-05 3.3199e-05
387696 2133 6699.8 2.5375e-05 3.3007e-05
387696 2134 7051.0 2.4482e-05 3.2695e-05
387696 2135 6792.5 2.5145e-05 3.2896e-05
387696 2136 6329.9 2.627e-05 3.3299e-05
387696 2137 6886.6 2.4898e-05 3.2824e-05
387696 2138 6729.3 2.5301e-05 3.2956e-05
387696 2139 6706.2 2.5328e-05 3.2958e-05
387696 2140 7248.2 2.3606e-05 3.2371e-05
387696 2141 6702.2 2.5318e-05 3.2938e-05
387696 2142 6754.3 2.5143e-05 3.2869e-05
387696 2143 6296.7 2.632e-05 3.3264e-05
387696 2144 6316.8 2.6211e-05 3.3231e-05
387696 2145 10793.0 9.1296e-06 2.7644e-05
387696 2146 3174.8 3.2462e-06 2.7151e-05
387696 2147 3364.7 3.2823e-06 2.7139e-05
387696 2148 6796.7 2.494e-05 3.2746e-05
387696 2149 6290.4 2.6211e-05 3.3188e-05
387696 2150 6322.8 2.6173e-05 3.318e-05
387696 2151 6054.3 2.6835e-05 3.3363e-05
387696 2152 6315.0 2.6033e-05 3.3046e-05
387696 2153 6151.1 2.6565e-05 3.3251e-05
387696 2154 6193.1 2.6452e-05 3.3247e-05
387696 2155 6964.4 2.4145e-05 3.2427e-05
387696 2156 6400.9 2.5871e-05 3.3016e-05
387696 2157 6520.9 2.5543e-05 3.29e-05
387696 2158 6199.6 2.6341e-05 3.3187e-05
387696 2159 6251.1 2.621e-05 3.3116e-05
387696 2160 6194.4 2.6368e-05 3.3165e-05
387696 2161 6312.8 2.5996e-05 3.3012e-05
387696 2162 6299.4 2.603e-05 3.3008e-05
387696 2163 6488.3 2.5445e-05 3.2779e-05
387696 2164 5961.3 2.6952e-05 3.3315e-05
387696 2165 5953.6 2.6943e-05 3.3313e-05
387696 2166 5950.5 2.6928e-05 3.3295e-05
387696 2167 5804.7 2.7346e-05 3.3424e-05
387696 2168 6419.2 2.5349e-05 3.2727e-05
387696 2169 5937.2 2.701e-05 3.3321e-05
387696 2170 5713.2 2.7669e-05 3.3544e-05
387696 2171 6021.9 2.6692e-05 3.3198e-05
387696 2172 5989.6 2.6812e-05 3.3235e-05
387696 2173 5950.9 2.6869e-05 3.3253e-05
387696 2174 6276.7 2.5915e-05 3.2892e-05
387696 2175 5886.8 2.705e-05 3.3317e-05
387696 2176 5948.8 2.6725e-05 3.3148e-05
387696 2177 5498.1 2.8193e-05 3.3671e-05
387696 2178 6149.0 2.6199e-05 3.2959e-05
387696 2179 5974.1 2.6685e-05 3.31e-05
387696 2180 6477.0 2.5004e-05 3.2488e-05
387696 2181 6232.3 2.5923e-05 3.2828e-05
387696 2182 6133.2 2.6213e-05 3.2924e-05
387696 2183 5395.2 2.8526e-05 3.3733e-05
387696 2184 5584.2 2.784e-05 3.3478e-05
387696 2185 5809.2 2.7158e-05 3.3262e-05
387696 2186 5687.5 2.7496e-05 3.3372e-05
387696 2187 5486.9 2.8138e-05 3.3598e-05
387696 2188 5703.0 2.7385e-05 3.3328e-05
387696 2189 5583.3 2.7815e-05 3.3468e-05
387696 2190 5217.4 2.9052e-05 3.3892e-05
387696 2191 5574.9 2.7785e-05 3.342e-05
387696 2192 5666.3 2.7472e-05 3.3307e-05
387696 2193 6584.1 2.4571e-05 3.2265e-05
387696 2194 5748.5 2.7103e-05 3.3149e-05
387696 2195 5356.8 2.8418e-05 3.3592e-05
387696 2196 5487.4 2.7958e-05 3.3449e-05
387696 2197 5133.1 2.9243e-05 3.39e-05
387696 2198 5490.1 2.7923e-05 3.3412e-05
387696 2199 5345.9 2.8404e-05 3.3573e-05
387696 2200 5575.2 2.7636e-05 3.3312e-05
387696 2201 5413.4 2.8251e-05 3.3523e-05
387696 2202 5397.4 2.8245e-05 3.3523e-05
387696 2203 5452.5 2.8025e-05 3.3439e-05
387696 2204 5337.0 2.8443e-05 3.3574e-05
387696 2205 5776.6 2.6918e-05 3.3031e-05
387696 2206 6259.1 2.5248e-05 3.2408e-05
387696 2207 4952.6 2.977e-05 3.4013e-05
387696 2208 5142.8 2.9047e-05 3.3743e-05
387696 2209 5179.9 2.8865e-05 3.366e-05
387696 2210 4991.1 2.9522e-05 3.3876e-05
387696 2211 5278.3 2.8521e-05 3.3523e-05
387696 2212 4988.2 2.9583e-05 3.3912e-05
387696 2213 5416.0 2.7963e-05 3.332e-05
387696 2214 5264.3 2.8423e-05 3.3481e-05
387696 2215 5451.8 2.7839e-05 3.3282e-05
387696 2216 5096.3 2.9106e-05 3.3721e-05
387696 2217 5045.7 2.9267e-05 3.3773e-05
387696 2218 5193.6 2.8734e-05 3.3574e-05
387696 2219 5676.4 2.6756e-05 3.2869e-05
387696 2220 4825.5 3.0041e-05 3.4036e-05
387696 2221 4945.1 2.9577e-05 3.384e-05
387696 2222 5204.9 2.8569e-05 3.3475e-05
387696 2223 4956.0 2.9484e-05 3.3799e-05
387696 2224 5007.7 2.9245e-05 3.3687e-05
387696 2225 4654.8 3.0614e-05 3.4163e-05
387696 2226 4780.1 3.0139e-05 3.4002e-05
387696 2227 4664.8 3.0546e-05 3.4159e-05
387696 2228 4633.2 3.0635e-05 3.4172e-05
387696 2229 5348.4 2.7965e-05 3.3176e-05
387696 2230 4853.4 2.9791e-05 3.3869e-05
387696 2231 4847.9 2.9814e-05 3.3875e-05
387696 2232 5488.8 2.7172e-05 3.2921e-05
387696 2233 4582.2 3.0831e-05 3.423e-05
387696 2234 4941.5 2.9383e-05 3.3692e-05
387696 2235 4951.4 2.928e-05 3.3647e-05
387696 2236 4603.3 3.0697e-05 3.4149e-05
387696 2237 4522.4 3.1012e-05 3.4254e-05
387696 2238 4649.6 3.0471e-05 3.4047e-05
387696 2239 4067.6 3.3032e-05 3.499e-05
387696 2240 5049.8 2.8794e-05 3.34e-05
387696 2241 4744.1 3.0026e-05 3.3863e-05
387696 2242 4544.3 3.0851e-05 3.4157e-05
387696 2243 4555.4 3.0759e-05 3.4106e-05
387696 2244 4463.6 3.1167e-05 3.426e-05
387696 2245 5576.3 2.6713e-05 3.2663e-05
387696 2246 4527.4 3.0881e-05 3.4158e-05
387696 2247 4546.6 3.0795e-05 3.4114e-05
387696 2248 4310.7 3.1794e-05 3.4487e-05
387696 2249 4530.0 3.0764e-05 3.41e-05
387696 2250 4296.5 3.1771e-05 3.4453e-05
387696 2251 4692.8 3.006e-05 3.38e-05
387696 2252 4303.6 3.1703e-05 3.4419e-05
387696 2253 4471.5 3.0998e-05 3.4131e-05
387696 2254 4463.9 3.0922e-05 3.4075e-05
387696 2255 4543.2 3.0608e-05 3.3956e-05
387696 2256 4834.8 2.9449e-05 3.3544e-05
387696 2257 4282.7 3.1709e-05 3.4383e-05
387696 2258 5068.8 2.823e-05 3.3074e-05
387696 2259 4337.0 3.1448e-05 3.4278e-05
387696 2260 4131.6 3.2487e-05 3.4658e-05
387696 2261 4101.1 3.2592e-05 3.469e-05
387696 2262 4129.4 3.2412e-05 3.4619e-05
387696 2263 4270.6 3.1737e-05 3.4366e-05
387696 2264 4346.7 3.1363e-05 3.4214e-05
387696 2265 3924.7 3.3431e-05 3.497e-05
387696 2266 4396.6 3.1053e-05 3.4072e-05
387696 2267 4041.8 3.2693e-05 3.4686e-05
387696 2268 4265.8 3.1625e-05 3.4273e-05
387696 2269 3993.6 3.2962e-05 3.4737e-05
387696 2270 4204.7 3.1837e-05 3.4317e-05
387696 2271 4444.6 3.0524e-05 3.3836e-05
387696 2272 4429.3 3.09e-05 3.4002e-05
387696 2273 4095.9 3.2332e-05 3.449e-05
387696 2274 4306.2 3.1314e-05 3.4103e-05
387696 2275 3842.0 3.3746e-05 3.5029e-05
387696 2276 4109.1 3.2224e-05 3.4463e-05
387696 2277 3831.5 3.375e-05 3.5015e-05
387696 2278 4066.1 3.246e-05 3.4529e-05
387696 2279 4325.9 3.1264e-05 3.4059e-05
387696 2280 3650.8 3.4745e-05 3.5375e-05
387696 2281 4017.3 3.2588e-05 3.4555e-05
387696 2282 3846.8 3.351e-05 3.4888e-05
387696 2283 4030.7 3.2502e-05 3.4511e-05
387696 2284 4095.9 3.1855e-05 3.4255e-05
387696 2285 4081.4 3.2164e-05 3.4355e-05
387696 2286 4190.5 3.1578e-05 3.4115e-05
387696 2287 3904.4 3.3105e-05 3.4701e-05
387696 2288 7443.2 6.0589e-06 2.6129e-05
387696 2289 3798.3 3.3656e-05 3.4875e-05
387696 2290 3835.0 3.3439e-05 3.4787e-05
387696 2291 3858.9 3.3277e-05 3.4757e-05
387696 2292 3922.3 3.3014e-05 3.4638e-05
387696 2293 3827.3 3.3526e-05 3.4809e-05
387696 2294 3855.0 3.3317e-05 3.4735e-05
387696 2295 4095.3 3.1952e-05 3.423e-05
387696 2296 3823.8 3.3398e-05 3.4764e-05
387696 2297 4707.6 2.8979e-05 3.3081e-05
387696 2298 3616.2 3.4639e-05 3.5206e-05
387696 2299 3848.6 3.3268e-05 3.4679e-05
387696 2300 3737.6 3.3787e-05 3.4857e-05
387696 2301 3638.1 3.445e-05 3.5083e-05
387696 2302 3546.2 3.4999e-05 3.5307e-05
387696 2303 3711.2 3.3884e-05 3.4884e-05
387696 2304 3897.8 3.2816e-05 3.4445e-05
387696 2305 3753.4 3.3684e-05 3.4765e-05
387696 2306 3537.2 3.5014e-05 3.5299e-05
387696 2307 3791.2 3.3397e-05 3.4696e-05
387696 2308 3671.1 3.411e-05 3.4941e-05
387696 2309 3578.3 3.4632e-05 3.514e-05
387696 2310 4131.0 3.1302e-05 3.3862e-05
387696 2311 3602.2 3.4445e-05 3.5036e-05
387696 2312 3656.0 3.4036e-05 3.4874e-05
387696 2313 3563.3 3.4657e-05 3.5087e-05
387696 2314 3595.4 3.4441e-05 3.5004e-05
387696 2315 3589.0 3.4315e-05 3.4932e-05
387696 2316 3461.7 3.5235e-05 3.5256e-05
387696 2317 3534.1 3.4693e-05 3.5083e-05
387696 2318 3553.1 3.4589e-05 3.5019e-05
387696 2319 3458.3 3.5164e-05 3.5215e-05
387696 2320 3222.8 3.6809e-05 3.584e-05
387696 2321 3676.8 3.3736e-05 3.4683e-05
387696 2322 3549.1 3.4489e-05 3.4969e-05
387696 2323 3640.8 3.358e-05 3.4601e-05
387696 2324 3233.5 3.6649e-05 3.5754e-05
387696 2325 3500.2 3.4728e-05 3.5011e-05
387696 2326 3390.7 3.5423e-05 3.5245e-05
387696 2327 3215.2 3.6583e-05 3.568e-05
387696 2328 3475.4 3.4822e-05 3.499e-05
387696 2329 3392.0 3.5344e-05 3.5173e-05
387696 2330 3125.1 3.7148e-05 3.5842e-05
387696 2331 3324.1 3.5753e-05 3.5297e-05
387696 2332 3134.2 3.7099e-05 3.5836e-05
387696 2333 3412.8 3.5037e-05 3.502e-05
387696 2334 3164.2 3.6782e-05 3.5675e-05
387696 2335 3493.4 3.4124e-05 3.4672e-05
387696 2336 3101.3 3.7262e-05 3.5868e-05
387696 2337 3142.7 3.6971e-05 3.5739e-05
387696 2338 3239.2 3.6187e-05 3.5428e-05
387696 2339 3230.0 3.6275e-05 3.543e-05
387696 2340 1900.7 3.0431e-06 2.5312e-05
387696 2341 5885.4 4.7365e-06 2.5471e-05
387696 2342 3219.9 3.6263e-05 3.5412e-05
387696 2343 2921.3 3.8473e-05 3.6292e-05
387696 2344 3329.0 3.5412e-05 3.5065e-05
387696 2345 3044.9 3.7415e-05 3.5838e-05
387696 2346 2991.8 3.7755e-05 3.5947e-05
387696 2347 2846.8 3.8892e-05 3.6385e-05
387696 2348 3221.2 3.5972e-05 3.5243e-05
387696 2349 3173.1 3.6077e-05 3.5299e-05
387696 2350 3024.7 3.7361e-05 3.5752e-05
387696 2351 3237.9 3.5805e-05 3.5124e-05
387696 2352 1089.0 3.0285e-06 2.5183e-05
387696 2353 5818.4 4.6492e-06 2.5326e-05
387696 2354 2829.5 3.8918e-05 3.6376e-05
387696 2355 2792.9 3.9172e-05 3.6476e-05
387696 2356 3016.8 3.7316e-05 3.5716e-05
387696 2357 2588.6 4.0944e-05 3.7184e-05
387696 2358 2701.9 3.9849e-05 3.6715e-05
387696 2359 2898.1 3.8154e-05 3.5999e-05
387696 2360 2692.8 3.9838e-05 3.6704e-05
387696 2361 3215.6 3.5667e-05 3.4972e-05
387696 2362 2659.2 4.0078e-05 3.675e-05
387696 2363 3013.4 3.7163e-05 3.5571e-05
387696 2364 3376.9 3.4145e-05 3.4395e-05
387696 2365 2678.7 3.9853e-05 3.6645e-05
387696 2366 2579.1 4.0732e-05 3.7021e-05
387696 2367 2909.0 3.7987e-05 3.5909e-05
387696 2368 2571.9 4.0896e-05 3.7073e-05
387696 2369 2649.2 4.0061e-05 3.6728e-05
387696 2370 2582.6 4.0698e-05 3.6958e-05
387696 2371 2837.4 3.8287e-05 3.5953e-05
387696 2372 2525.3 4.1283e-05 3.7194e-05
387696 2373 2389.3 4.2632e-05 3.7774e-05
387696 2374 2644.7 3.9948e-05 3.661e-05
387696 2375 2485.1 4.1551e-05 3.727e-05
387696 2376 2569.3 4.0634e-05 3.6889e-05
387696 2377 2773.2 3.8371e-05 3.5935e-05
387696 2378 2407.9 4.222e-05 3.7515e-05
387696 2379 2669.7 3.9507e-05 3.6391e-05
387696 2380 2635.8 3.991e-05 3.6555e-05
387696 2381 2570.7 4.0463e-05 3.678e-05
387696 2382 2410.9 4.2154e-05 3.7463e-05
387696 2383 2661.6 3.9609e-05 3.641e-05
387696 2384 2744.6 3.8746e-05 3.6066e-05
387696 2385 2406.4 4.2123e-05 3.7461e-05
387696 2386 2453.8 4.1562e-05 3.7215e-05
387696 2387 2439.1 4.1663e-05 3.7252e-05
387696 2388 2324.6 4.3009e-05 3.7794e-05
387696 2389 2718.5 3.844e-05 3.5889e-05
387696 2390 2406.8 4.1943e-05 3.7328e-05
387696 2391 2306.4 4.3091e-05 3.7799e-05
387696 2392 2495.6 4.0845e-05 3.6836e-05
387696 2393 2471.2 4.1025e-05 3.6904e-05
387696 2394 2423.3 4.1596e-05 3.7151e-05
387696 2395 2424.0 4.1615e-05 3.7161e-05
387696 2396 2344.0 4.2458e-05 3.7497e-05
387696 2397 2644.3 3.9324e-05 3.6167e-05
387696 2398 2379.5 4.2148e-05 3.735e-05
387696 2399 2385.7 4.1995e-05 3.7289e-05
387696 2400 2243.2 4.3758e-05 3.8008e-05
387696 2401 2214.1 4.4015e-05 3.8128e-05
387696 2402 2443.7 4.0811e-05 3.676e-05
387696 2403 2219.3 4.3897e-05 3.8062e-05
387696 2404 2358.0 4.2182e-05 3.7323e-05
387696 2405 2428.8 4.1305e-05 3.6958e-05
387696 2406 2202.8 4.396e-05 3.8081e-05
387696 2407 2250.7 4.333e-05 3.7794e-05
387696 2408 2320.2 4.2419e-05 3.7402e-05
387696 2409 2161.3 4.4374e-05 3.8194e-05
387696 2410 2203.1 4.3798e-05 3.7941e-05
387696 2411 2218.6 4.3652e-05 3.7887e-05
387696 2412 2160.3 4.4263e-05 3.8156e-05
387696 2413 2101.8 4.5024e-05 3.8457e-05
387696 2414 2152.2 4.4352e-05 3.8176e-05
387696 2415 2542.7 3.952e-05 3.6135e-05
387696 2416 2002.5 4.6393e-05 3.907e-05
387696 2417 2087.1 4.5306e-05 3.8559e-05
387696 2418 2228.1 4.338e-05 3.7731e-05
387696 2419 2274.2 4.281e-05 3.7484e-05
387696 2420 2352.6 4.1775e-05 3.7047e-05
387696 2421 2035.4 4.58e-05 3.8787e-05
387696 2422 2054.3 4.5485e-05 3.8621e-05
387696 2423 2039.2 4.5647e-05 3.8688e-05
387696 2424 2086.0 4.4917e-05 3.8334e-05
387696 2425 2190.3 4.3485e-05 3.7723e-05
387696 2426 2086.4 4.4943e-05 3.8346e-05
387696 2427 1971.2 4.6478e-05 3.9019e-05
387696 2428 2246.0 4.2292e-05 3.7183e-05
387696 2429 1986.0 4.6285e-05 3.8936e-05
387696 2430 2155.0 4.3937e-05 3.7903e-05
387696 2431 2098.4 4.4668e-05 3.8215e-05
387696 2432 2167.7 4.3774e-05 3.7804e-05
387696 2433 2177.8 4.3591e-05 3.7715e-05
387696 2434 2117.1 4.4293e-05 3.8035e-05
387696 2435 1995.4 4.5944e-05 3.8743e-05
387696 2436 2149.4 4.3849e-05 3.7805e-05
387696 2437 1937.6 4.675e-05 3.9095e-05
387696 2438 1928.4 4.686e-05 3.912e-05
387696 2439 1898.5 4.7211e-05 3.9268e-05
387696 2440 1934.6 4.6648e-05 3.9028e-05
387696 2441 2204.4 4.2549e-05 3.7227e-05
387696 2442 1864.8 4.7862e-05 3.9584e-05
387696 2443 1968.1 4.6092e-05 3.8759e-05
387696 2444 1742.1 4.9649e-05 4.0431e-05
387696 2445 1856.1 4.7898e-05 3.9584e-05
387696 2446 1832.6 4.8076e-05 3.9675e-05
387696 2447 1974.2 4.6018e-05 3.8707e-05
387696 2448 1860.0 4.7651e-05 3.9453e-05
387696 2449 1901.6 4.6953e-05 3.9127e-05
387696 2450 1757.8 4.9171e-05 4.0141e-05
387696 2451 2116.6 4.3901e-05 3.7718e-05
387696 2452 1877.5 4.7226e-05 3.9218e-05
387696 2453 1777.1 4.8727e-05 3.9917e-05
387696 2454 2095.8 4.3526e-05 3.7543e-05
387696 2455 1875.5 4.7093e-05 3.9154e-05
387696 2456 1832.5 4.7762e-05 3.9455e-05
387696 2457 1753.6 4.8927e-05 4.0011e-05
387696 2458 1936.3 4.6224e-05 3.8703e-05
387696 2459 1780.1 4.8617e-05 3.9843e-05
387696 2460 1701.5 4.9892e-05 4.0448e-05
387696 2461 1674.7 5.0319e-05 4.0659e-05
387696 2462 1688.5 5.0038e-05 4.052e-05
387696 2463 3120.6 3.145e-06 2.4099e-05
387696 2464 1616.2 5.1271e-05 4.1125e-05
387696 2465 1593.9 5.161e-05 4.1288e-05
387696 2466 1847.2 4.7307e-05 3.9172e-05
387696 2467 1972.0 4.485e-05 3.8079e-05
387696 2468 1405.9 5.5248e-05 4.3181e-05
387696 2469 1497.2 5.3161e-05 4.2073e-05
387696 2470 1640.5 5.0681e-05 4.0774e-05
387696 2471 1624.0 5.088e-05 4.0858e-05
387696 2472 1708.2 4.9315e-05 4.0087e-05
387696 2473 1482.3 5.3512e-05 4.2227e-05
387696 2474 1568.5 5.1833e-05 4.1374e-05
387696 2475 1652.4 5.0278e-05 4.0569e-05
387696 2476 1538.7 5.2353e-05 4.1622e-05
387696 2477 1673.0 4.9991e-05 4.0402e-05
387696 2478 1701.0 4.9488e-05 4.0152e-05
387696 2479 1565.4 5.1769e-05 4.1305e-05
387696 2480 1963.7 4.4717e-05 3.7931e-05
387696 2481 8576.4 8.4311e-06 2.4364e-05
387696 2482 1.6169 2.9062e-06 2.3867e-05
387696 2483 8547.0 8.603e-06 2.4338e-05
387696 2484 1671.3 4.9628e-05 4.0177e-05
387696 2485 1681.2 4.9484e-05 4.0113e-05
387696 2486 2373.6 3.8596e-05 3.525e-05
387696 2487 1778.2 4.7727e-05 3.9237e-05
387696 2488 1453.9 5.362e-05 4.2235e-05
387696 2489 1609.7 5.0704e-05 4.0707e-05
387696 2490 1499.2 5.2709e-05 4.1728e-05
387696 2491 1460.4 5.3487e-05 4.2149e-05
387696 2492 1403.3 5.4804e-05 4.2825e-05
387696 2493 1367.3 5.5659e-05 4.327e-05
387696 2494 1707.2 4.8393e-05 3.9529e-05
387696 2495 1308.7 5.7052e-05 4.3993e-05
387696 2496 1386.3 5.4802e-05 4.2844e-05
387696 2497 1427.6 5.3844e-05 4.2315e-05
387696 2498 1363.0 5.5329e-05 4.308e-05
387696 2499 1292.4 5.7275e-05 4.4106e-05
387696 2500 1378.1 5.5178e-05 4.2977e-05
387696 2501 1461.7 5.3117e-05 4.1901e-05
387696 2502 1303.5 5.6839e-05 4.3858e-05
387696 2503 2068.0 4.2127e-05 3.6645e-05
387696 2504 1313.0 5.6678e-05 4.3775e-05
387696 2505 8942.2 1.2855e-05 2.5316e-05
387696 2506 1368.7 5.5173e-05 4.2968e-05
387696 2507 1742.1 4.7608e-05 3.9081e-05
387696 2508 1388.5 5.4659e-05 4.2674e-05
387696 2509 1330.9 5.5868e-05 4.3332e-05
387696 2510 1400.3 5.426e-05 4.2436e-05
387696 2511 1393.5 5.4304e-05 4.2487e-05
387696 2512 1383.1 5.4472e-05 4.2547e-05
387696 2513 1313.8 5.6324e-05 4.3497e-05
387696 2514 6271.4 5.506e-06 2.3809e-05
387696 2515 1469.0 5.2616e-05 4.1567e-05
387696 2516 1256.9 5.7782e-05 4.4297e-05
387696 2517 1264.0 5.7658e-05 4.4213e-05
387696 2518 1383.6 5.4516e-05 4.2543e-05
387696 2519 1334.4 5.5657e-05 4.3127e-05
387696 2520 1561.3 5.036e-05 4.0369e-05
387696 2521 1359.5 5.4907e-05 4.2745e-05
387696 2522 1247.7 5.7873e-05 4.4329e-05
387696 2523 1381.9 5.4385e-05 4.2461e-05
387696 2524 1269.5 5.7431e-05 4.4061e-05
387696 2525 1268.2 5.7197e-05 4.3968e-05
387696 2526 1210.7 5.8808e-05 4.4836e-05
387696 2527 1231.9 5.8198e-05 4.449e-05
387696 2528 1307.9 5.5896e-05 4.3261e-05
387696 2529 1278.7 5.6678e-05 4.3638e-05
387696 2530 1201.2 5.8856e-05 4.4848e-05
387696 2531 1229.9 5.8326e-05 4.4496e-05
387696 2532 1265.0 5.7055e-05 4.3852e-05
387696 2533 1473.1 5.1578e-05 4.0939e-05
387696 2534 1271.6 5.6823e-05 4.3726e-05
387696 2535 1214.9 5.859e-05 4.4654e-05
387696 2536 1136.7 6.1094e-05 4.6044e-05
387696 2537 1207.1 5.8637e-05 4.4707e-05
387696 2538 1367.2 5.418e-05 4.2306e-05
387696 2539 1164.0 6.0016e-05 4.5441e-05
387696 2540 1198.5 5.8866e-05 4.479e-05
387696 2541 1268.1 5.68e-05 4.3649e-05
387696 2542 1141.3 6.0543e-05 4.5748e-05
387696 2543 9149.4 1.017e-05 2.4114e-05
387696 2544 0.0 0.0 0.0
387696 2545 2683.7 3.4026e-05 3.299e-05
387696 2546 1294.0 5.5937e-05 4.3174e-05
387696 2547 1398.3 5.2819e-05 4.1513e-05
387696 2548 1194.6 5.8659e-05 4.4647e-05
387696 2549 1193.6 5.8614e-05 4.4644e-05
387696 2550 1286.4 5.6058e-05 4.323e-05
387696 2551 1180.5 5.9167e-05 4.4921e-05
387696 2552 1095.6 6.1876e-05 4.6461e-05
387696 2553 1038.4 6.3651e-05 4.7567e-05
387696 2554 1270.7 5.642e-05 4.3396e-05
387696 2555 1171.8 5.93e-05 4.4962e-05
387696 2556 1185.8 5.8835e-05 4.4713e-05
387696 2557 1093.1 6.1682e-05 4.6347e-05
387696 2558 1000.1 6.4629e-05 4.8178e-05
387696 2559 1187.8 5.8297e-05 4.4415e-05
387696 2560 1370.1 5.299e-05 4.156e-05
387696 2561 1070.7 6.2323e-05 4.6709e-05
387696 2562 1005.8 6.4316e-05 4.7967e-05
387696 2563 1083.1 6.1661e-05 4.6321e-05
387696 2564 963.33 6.5917e-05 4.8983e-05
387696 2565 1049.6 6.2703e-05 4.6944e-05
387696 2566 6932.1 6.5614e-06 2.3471e-05
387696 2567 4223.0 3.811e-06 2.3247e-05
387696 2568 1061.4 6.2448e-05 4.6757e-05
387696 2569 1024.5 6.361e-05 4.7486e-05
387696 2570 1143.5 5.9542e-05 4.505e-05
387696 2571 1154.5 5.9115e-05 4.4836e-05
387696 2572 1093.4 6.1181e-05 4.5995e-05
387696 2573 1123.7 6.0107e-05 4.5349e-05
387696 2574 1215.1 5.6801e-05 4.3522e-05
387696 2575 1177.1 5.8276e-05 4.4338e-05
387696 2576 893.69 6.8305e-05 5.0487e-05
387696 2577 1063.8 6.2016e-05 4.6478e-05
387696 2578 923.63 6.7063e-05 4.9689e-05
387696 2579 1071.4 6.1784e-05 4.6311e-05
387696 2580 1066.4 6.1626e-05 4.6258e-05
387696 2581 4521.0 2.2179e-05 2.8338e-05
387696 2582 1014.5 6.3587e-05 4.7445e-05
387696 2583 1000.5 6.3972e-05 4.7707e-05
387696 2584 894.24 6.817e-05 5.0415e-05
387696 2585 1070.3 6.1653e-05 4.6246e-05
387696 2586 1041.4 6.2504e-05 4.6763e-05
387696 2587 1204.9 5.6696e-05 4.3425e-05
387696 2588 954.86 6.5541e-05 4.8658e-05
387696 2589 977.06 6.4678e-05 4.8114e-05
387696 2590 945.7 6.5558e-05 4.8686e-05
387696 2591 919.39 6.6764e-05 4.9459e-05
387696 2592 1020.7 6.2752e-05 4.6924e-05
387696 2593 1003.8 6.363e-05 4.7427e-05
387696 2594 944.47 6.5554e-05 4.8686e-05
387696 2595 1065.2 6.1476e-05 4.6096e-05
387696 2596 975.44 6.4467e-05 4.7997e-05
387696 2597 982.1 6.4219e-05 4.7827e-05
387696 2598 918.38 6.6687e-05 4.9407e-05
387696 2599 981.32 6.4214e-05 4.7805e-05
387696 2600 1152.8 5.7975e-05 4.4077e-05
387696 2601 915.6 6.6497e-05 4.9292e-05
387696 2602 895.86 6.7658e-05 4.9982e-05
387696 2603 964.3 6.4626e-05 4.8058e-05
387696 2604 964.87 6.4566e-05 4.8013e-05
387696 2605 894.22 6.7494e-05 4.9878e-05
387696 2606 929.32 6.6103e-05 4.8951e-05
387696 2607 936.15 6.5715e-05 4.8733e-05
387696 2608 816.04 7.1301e-05 5.2391e-05
387696 2609 879.39 6.8026e-05 5.0231e-05
387696 2610 858.76 6.9118e-05 5.0939e-05
387696 2611 929.23 6.5887e-05 4.8861e-05
387696 2612 899.3 6.7202e-05 4.9667e-05
387696 2613 1004.6 6.2532e-05 4.6706e-05
387696 2614 821.68 7.0846e-05 5.2053e-05
387696 2615 885.16 6.7725e-05 4.9991e-05
387696 2616 885.01 6.7695e-05 4.9982e-05
387696 2617 877.79 6.795e-05 5.0158e-05
387696 2618 742.43 7.4711e-05 5.4839e-05
387696 2619 827.94 7.0468e-05 5.1777e-05
387696 2620 877.1 6.8044e-05 5.0173e-05
387696 2621 868.73 6.8283e-05 5.0319e-05
387696 2622 875.42 6.7582e-05 4.9951e-05
387696 2623 939.32 6.5165e-05 4.8341e-05
387696 2624 869.01 6.8092e-05 5.0252e-05
387696 2625 1102.0 5.8714e-05 4.4411e-05
387696 2626 818.96 7.0457e-05 5.1821e-05
387696 2627 847.61 6.9246e-05 5.0965e-05
387696 2628 846.66 6.8975e-05 5.084e-05
387696 2629 824.38 7.026e-05 5.1634e-05
387696 2630 860.18 6.8413e-05 5.0417e-05
387696 2631 839.38 6.9309e-05 5.105e-05
387696 2632 861.73 6.8007e-05 5.0153e-05
387696 2633 6770.4 1.5e-05 2.5266e-05
387696 2634 991.24 2.8385e-06 2.2593e-05
387696 2635 3693.0 2.4746e-05 2.891e-05
387696 2636 1874.2 4.0591e-05 3.5244e-05
387696 2637 7264.6 7.5739e-06 2.2959e-05
387696 2638 973.29 6.2403e-05 4.6583e-05
387696 2639 778.98 7.1883e-05 5.2778e-05
387696 2640 3350.1 3.3335e-06 2.2614e-05
387696 2641 329.14 2.8357e-06 2.2536e-05
387696 2642 1.5346 2.8292e-06 2.2519e-05
387696 2643 74.222 2.8295e-06 2.2525e-05
387696 2644 558.14 2.8325e-06 2.2529e-05
387696 2645 66.536 2.8303e-06 2.2521e-05
387696 2646 2.1783 2.8293e-06 2.2519e-05
387696 2647 0.0 0.0 0.0
387696 2648 1090.6 5.8414e-05 4.4173e-05
387696 2649 896.18 6.5965e-05 4.8822e-05
387696 2650 827.46 6.9472e-05 5.1069e-05
387696 2651 756.66 7.2998e-05 5.3541e-05
387696 2652 770.31 7.2329e-05 5.3023e-05
387696 2653 684.02 7.7268e-05 5.6625e-05
387696 2654 706.21 7.579e-05 5.5569e-05
387696 2655 770.12 7.2191e-05 5.2956e-05
387696 2656 845.38 6.812e-05 5.0192e-05
387696 2657 840.12 6.7714e-05 4.9926e-05
387696 2658 741.39 7.3767e-05 5.4065e-05
387696 2659 839.34 6.8612e-05 5.0484e-05
387696 2660 839.68 6.8687e-05 5.0518e-05
387696 2661 782.61 7.1315e-05 5.2336e-05
387696 2662 767.43 7.2008e-05 5.2838e-05
387696 2663 732.87 7.3957e-05 5.4224e-05
387696 2664 718.64 7.4721e-05 5.4793e-05
387696 2665 697.23 7.6117e-05 5.5786e-05
387696 2666 739.02 7.3376e-05 5.3824e-05
387696 2667 767.13 7.2076e-05 5.2824e-05
387696 2668 697.4 7.5937e-05 5.571e-05
387696 2669 751.81 7.2637e-05 5.3241e-05
387696 2670 768.42 7.13e-05 5.224e-05
387696 2671 688.82 7.6397e-05 5.6e-05
387696 2672 730.85 7.3713e-05 5.4056e-05
387696 2673 666.81 7.7633e-05 5.6954e-05
387696 2674 659.9 7.8361e-05 5.7434e-05
387696 2675 702.47 7.5739e-05 5.5426e-05
387696 2676 694.81 7.576e-05 5.5548e-05
387696 2677 680.86 7.6653e-05 5.6223e-05
387696 2678 722.77 7.4141e-05 5.4324e-05
387696 2679 722.54 7.3985e-05 5.4248e-05
387696 2680 679.98 7.6563e-05 5.6154e-05
387696 2681 680.07 7.6753e-05 5.624e-05
387696 2682 693.99 7.583e-05 5.555e-05
387696 2683 895.27 6.4374e-05 4.7746e-05
387696 2684 776.14 7.0746e-05 5.191e-05
387696 2685 685.87 7.633e-05 5.5873e-05
387696 2686 679.37 7.6841e-05 5.6255e-05
387696 2687 671.78 7.7144e-05 5.6516e-05
387696 2688 635.46 7.935e-05 5.8254e-05
387696 2689 657.43 7.8081e-05 5.7228e-05
387696 2690 685.85 7.626e-05 5.5845e-05
387696 2691 678.26 7.64e-05 5.6023e-05
387696 2692 678.12 7.6635e-05 5.6126e-05
387696 2693 677.56 7.6341e-05 5.5975e-05
387696 2694 663.14 7.7302e-05 5.6678e-05
387696 2695 656.64 7.7912e-05 5.7133e-05
387696 2696 770.73 7.0231e-05 5.1559e-05
387696 2697 670.06 7.6895e-05 5.6348e-05
387696 2698 662.67 7.7442e-05 5.6728e-05
387696 2699 634.5 7.9133e-05 5.8112e-05
387696 2700 4820.0 4.5604e-06 2.2241e-05
387696 2701 0.0 0.0 0.0
387696 2702 1232.7 5.1355e-05 4.0127e-05
387696 2703 669.11 7.6569e-05 5.6172e-05
387696 2704 598.41 8.1498e-05 6.0053e-05
387696 2705 654.56 7.7764e-05 5.6991e-05
387696 2706 577.43 8.357e-05 6.1639e-05
387696 2707 703.56 7.4282e-05 5.4469e-05
387696 2708 682.35 7.5856e-05 5.5549e-05
387696 2709 597.88 8.1767e-05 6.0163e-05
387696 2710 780.91 6.9273e-05 5.0881e-05
387696 2711 653.74 7.7526e-05 5.6851e-05
387696 2712 639.27 7.8599e-05 5.763e-05
387696 2713 589.96 8.2104e-05 6.0481e-05
387696 2714 667.22 7.678e-05 5.6202e-05
387696 2715 603.04 8.0758e-05 5.9435e-05
387696 2716 602.99 8.076e-05 5.9435e-05
387696 2717 652.43 7.7459e-05 5.6775e-05
387696 2718 589.17 8.1835e-05 6.0322e-05
387696 2719 588.35 8.1758e-05 6.0269e-05
387696 2720 588.86 8.1973e-05 6.0388e-05
387696 2721 596.34 8.1334e-05 5.9907e-05
387696 2722 560.79 8.4089e-05 6.2206e-05
387696 2723 655.97 7.6166e-05 5.5871e-05
387696 2724 637.61 7.8258e-05 5.742e-05
387696 2725 644.72 7.7949e-05 5.7124e-05
387696 2726 587.92 8.185e-05 6.0288e-05
387696 2727 636.76 7.8397e-05 5.7451e-05
387696 2728 573.47 8.2724e-05 6.1082e-05
387696 2729 580.49 8.217e-05 6.0618e-05
387696 2730 550.82 8.445e-05 6.2517e-05
387696 2731 586.68 8.1603e-05 6.0123e-05
387696 2732 551.55 8.4498e-05 6.2544e-05
387696 2733 593.7 8.1217e-05 5.9753e-05
387696 2734 565.12 8.3232e-05 6.1483e-05
387696 2735 550.67 8.4129e-05 6.2326e-05
387696 2736 680.12 7.3973e-05 5.4256e-05
387696 2737 529.37 8.6327e-05 6.4104e-05
387695 1 64877.0 1.2165e-05 0.00011514
387695 2 68256.0 1.2422e-05 0.000115
387695 3 68235.0 1.2418e-05 0.00011484
387695 4 67893.0 1.2367e-05 0.00011469
387695 5 67818.0 1.2365e-05 0.00011454
387695 6 67725.0 1.2338e-05 0.00011441
387695 7 67650.0 1.2355e-05 0.00011429
387695 8 67581.0 1.233e-05 0.00011415
387695 9 67403.0 1.2305e-05 0.000114
387695 10 67408.0 1.2313e-05 0.00011386
387695 11 67220.0 1.2279e-05 0.00011373
387695 12 67145.0 1.2287e-05 0.0001136
387695 13 66166.0 1.2185e-05 0.00011348
387695 14 67048.0 1.2226e-05 0.00011338
387695 15 66989.0 1.2257e-05 0.00011325
387695 16 66914.0 1.2252e-05 0.00011311
387695 17 66849.0 1.2187e-05 0.00011299
387695 18 66756.0 1.2181e-05 0.00011284
387695 19 66600.0 1.2194e-05 0.00011259
387695 20 66645.0 1.2177e-05 0.00011266
387695 21 66523.0 1.215e-05 0.00011243
387695 22 66431.0 1.2135e-05 0.00011229
387695 23 66395.0 1.2146e-05 0.00011219
387695 24 66278.0 1.213e-05 0.00011204
387695 25 66223.0 1.2121e-05 0.00011192
387695 26 65222.0 1.2027e-05 0.0001118
387695 27 66100.0 1.2063e-05 0.00011168
387695 28 66038.0 1.2057e-05 0.00011157
387695 29 65967.0 1.2048e-05 0.00011148
387695 30 65901.0 1.2055e-05 0.00011135
387695 31 65828.0 1.1999e-05 0.00011122
387695 32 65772.0 1.2004e-05 0.00011111
387695 33 65687.0 1.2027e-05 0.00011098
387695 34 65623.0 1.2011e-05 0.00011087
387695 35 65548.0 1.1984e-05 0.00011076
387695 36 65445.0 1.1959e-05 0.00011063
387695 37 36941.0 1.0715e-05 0.00011037
387695 38 7.0133 1.0603e-05 0.00011022
387695 39 56200.0 1.1282e-05 0.00011021
387695 40 64182.0 1.1777e-05 0.00011014
387695 41 64934.0 1.1878e-05 0.00011002
387695 42 64908.0 1.1843e-05 0.00010993
387695 43 64772.0 1.1866e-05 0.00010983
387695 44 64751.0 1.186e-05 0.00010968
387695 45 64639.0 1.1856e-05 0.00010954
387695 46 64631.0 1.1816e-05 0.00010943
387695 47 64541.0 1.1833e-05 0.0001093
387695 48 64460.0 1.1817e-05 0.00010916
387695 49 64401.0 1.1803e-05 0.00010905
387695 50 64253.0 1.1774e-05 0.00010893
387695 51 64261.0 1.1779e-05 0.00010879
387695 52 64162.0 1.1769e-05 0.00010868
387695 53 63194.0 1.168e-05 0.00010855
387695 54 64070.0 1.1754e-05 0.00010846
387695 55 63956.0 1.1741e-05 0.00010834
387695 56 63870.0 1.1719e-05 0.0001082
387695 57 63860.0 1.1677e-05 0.0001081
387695 58 63794.0 1.1717e-05 0.00010798
387695 59 63733.0 1.1684e-05 0.00010787
387695 60 63674.0 1.1694e-05 0.00010778
387695 61 63634.0 1.1701e-05 0.0001077
387695 62 63453.0 1.1672e-05 0.0001076
387695 63 63542.0 1.1635e-05 0.00010753
387695 64 63471.0 1.1647e-05 0.00010742
387695 65 63420.0 1.1623e-05 0.00010732
387695 66 62474.0 1.1535e-05 0.00010725
387695 67 63291.0 1.1609e-05 0.00010712
387695 68 63239.0 1.1603e-05 0.00010701
387695 69 63172.0 1.1592e-05 0.0001069
387695 70 63109.0 1.158e-05 0.00010679
387695 71 63034.0 1.1555e-05 0.00010666
387695 72 63051.0 1.1577e-05 0.00010668
387695 73 62880.0 1.1557e-05 0.00010642
387695 74 62805.0 1.1534e-05 0.00010633
387695 75 62777.0 1.1511e-05 0.00010619
387695 76 62728.0 1.1498e-05 0.0001061
387695 77 62655.0 1.149e-05 0.000106
387695 78 62604.0 1.1519e-05 0.0001059
387695 79 61633.0 1.1422e-05 0.00010577
387695 80 62454.0 1.1489e-05 0.00010565
387695 81 62393.0 1.1492e-05 0.00010552
387695 82 62325.0 1.1486e-05 0.00010541
387695 83 62255.0 1.1459e-05 0.00010531
387695 84 62197.0 1.1465e-05 0.0001052
387695 85 62128.0 1.1471e-05 0.00010512
387695 86 62109.0 1.148e-05 0.00010503
387695 87 62039.0 1.1444e-05 0.00010492
387695 88 61984.0 1.1437e-05 0.00010483
387695 89 61897.0 1.1424e-05 0.00010472
387695 90 61859.0 1.1424e-05 0.00010462
387695 91 61807.0 1.1407e-05 0.00010452
387695 92 60880.0 1.1333e-05 0.00010442
387695 93 61679.0 1.1378e-05 0.00010429
387695 94 61613.0 1.1386e-05 0.00010418
387695 95 61455.0 1.1337e-05 0.0001041
387695 96 61486.0 1.1321e-05 0.00010396
387695 97 61430.0 1.1333e-05 0.00010386
387695 98 61402.0 1.134e-05 0.0001038
387695 99 61316.0 1.1365e-05 0.0001037
387695 100 61241.0 1.1353e-05 0.00010362
387695 101 61231.0 1.133e-05 0.00010353
387695 102 61176.0 1.1304e-05 0.00010343
387695 103 61121.0 1.1279e-05 0.00010335
387695 104 61063.0 1.1318e-05 0.00010323
387695 105 60116.0 1.1197e-05 0.00010312
387695 106 60968.0 1.1332e-05 0.00010307
387695 107 60914.0 1.1269e-05 0.00010295
387695 108 60855.0 1.1277e-05 0.00010285
387695 109 60739.0 1.1279e-05 0.00010276
387695 110 60716.0 1.1303e-05 0.00010263
387695 111 60673.0 1.1263e-05 0.00010254
387695 112 60619.0 1.129e-05 0.00010245
387695 113 60525.0 1.1262e-05 0.00010237
387695 114 60496.0 1.1264e-05 0.00010227
387695 115 60443.0 1.1225e-05 0.00010216
387695 116 60361.0 1.1222e-05 0.00010206
387695 117 60356.0 1.1233e-05 0.00010199
387695 118 59279.0 1.1075e-05 0.00010186
387695 119 60237.0 1.1205e-05 0.00010179
387695 120 60178.0 1.1194e-05 0.0001017
387695 121 60120.0 1.1199e-05 0.00010158
387695 122 60057.0 1.1206e-05 0.00010151
387695 123 59959.0 1.1199e-05 0.00010142
387695 124 59942.0 1.1206e-05 0.00010134
387695 125 59920.0 1.1181e-05 0.00010127
387695 126 59877.0 1.1148e-05 0.00010121
387695 127 31197.0 9.4706e-06 0.00010094
387695 128 59786.0 1.1177e-05 0.00010103
387695 129 59728.0 1.116e-05 0.00010093
387695 130 59706.0 1.1146e-05 0.00010088
387695 131 58785.0 1.104e-05 0.00010078
387695 132 59596.0 1.1143e-05 0.0001007
387695 133 59469.0 1.1121e-05 0.00010059
387695 134 59479.0 1.1101e-05 0.00010051
387695 135 59447.0 1.1102e-05 0.00010043
387695 136 59395.0 1.1089e-05 0.00010034
387695 137 59351.0 1.1092e-05 0.00010026
387695 138 59290.0 1.1117e-05 0.00010015
387695 139 59283.0 1.1105e-05 0.0001002
387695 140 59181.0 1.11e-05 0.00010001
387695 141 59123.0 1.1115e-05 9.9895e-05
387695 142 59065.0 1.1036e-05 9.978e-05
387695 143 59041.0 1.1075e-05 9.973e-05
387695 144 58087.0 1.0976e-05 9.9532e-05
387695 145 58857.0 1.1029e-05 9.948e-05
387695 146 58881.0 1.1036e-05 9.9453e-05
387695 147 58773.0 1.104e-05 9.9288e-05
387695 148 58755.0 1.1075e-05 9.9231e-05
387695 149 58679.0 1.1044e-05 9.9111e-05
387695 150 58579.0 1.1012e-05 9.9009e-05
387695 151 58436.0 1.1027e-05 9.8926e-05
387695 152 58365.0 1.1e-05 9.8801e-05
387695 153 58303.0 1.0945e-05 9.8734e-05
387695 154 58294.0 1.1029e-05 9.8657e-05
387695 155 58222.0 1.1004e-05 9.8576e-05
387695 156 58173.0 1.0979e-05 9.8444e-05
387695 157 57277.0 1.0876e-05 9.8323e-05
387695 158 58002.0 1.0969e-05 9.8242e-05
387695 159 57935.0 1.0918e-05 9.803e-05
387695 160 57948.0 1.0987e-05 9.8112e-05
387695 161 57877.0 1.0923e-05 9.7941e-05
387695 162 57826.0 1.0932e-05 9.7874e-05
387695 163 57787.0 1.0963e-05 9.7783e-05
387695 164 57707.0 1.0942e-05 9.7672e-05
387695 165 57673.0 1.0928e-05 9.7591e-05
387695 166 57647.0 1.0895e-05 9.7532e-05
387695 167 57588.0 1.0928e-05 9.7436e-05
387695 168 57529.0 1.0879e-05 9.7322e-05
387695 169 57489.0 1.0928e-05 9.727e-05
387695 170 56555.0 1.0779e-05 9.7135e-05
387695 171 57312.0 1.0901e-05 9.7039e-05
387695 172 57310.0 1.0884e-05 9.6976e-05
387695 173 57252.0 1.0931e-05 9.6882e-05
387695 174 57223.0 1.0896e-05 9.6797e-05
387695 175 57156.0 1.0866e-05 9.6692e-05
387695 176 57094.0 1.0837e-05 9.6588e-05
387695 177 57045.0 1.0841e-05 9.6503e-05
387695 178 57007.0 1.0821e-05 9.6429e-05
387695 179 56962.0 1.0907e-05 9.6339e-05
387695 180 56898.0 1.0816e-05 9.6263e-05
387695 181 56838.0 1.0807e-05 9.616e-05
387695 182 56827.0 1.085e-05 9.6101e-05
387695 183 55947.0 1.0735e-05 9.6036e-05
387695 184 56715.0 1.0818e-05 9.5946e-05
387695 185 56663.0 1.0819e-05 9.5831e-05
387695 186 56596.0 1.08e-05 9.574e-05
387695 187 56684.0 1.0824e-05 9.5877e-05
387695 188 56555.0 1.0759e-05 9.5681e-05
387695 189 56562.0 1.0807e-05 9.566e-05
387695 190 56500.0 1.0791e-05 9.5548e-05
387695 191 56488.0 1.0824e-05 9.5527e-05
387695 192 56407.0 1.0793e-05 9.5415e-05
387695 193 56369.0 1.082e-05 9.5324e-05
387695 194 56321.0 1.0763e-05 9.5249e-05
387695 195 55471.0 1.0653e-05 9.5161e-05
387695 196 56232.0 1.0812e-05 9.5107e-05
387695 197 56176.0 1.0774e-05 9.5011e-05
387695 198 56142.0 1.0783e-05 9.4913e-05
387695 199 56059.0 1.0784e-05 9.4819e-05
387695 200 56022.0 1.0767e-05 9.4739e-05
387695 201 55967.0 1.0725e-05 9.4663e-05
387695 202 55963.0 1.0762e-05 9.4623e-05
387695 203 55910.0 1.0769e-05 9.455e-05
387695 204 55868.0 1.0697e-05 9.4464e-05
387695 205 55832.0 1.0803e-05 9.44e-05
387695 206 55787.0 1.0726e-05 9.4327e-05
387695 207 55750.0 1.0769e-05 9.4248e-05
387695 208 54895.0 1.0608e-05 9.4151e-05
387695 209 55649.0 1.0743e-05 9.4093e-05
387695 210 55620.0 1.077e-05 9.4026e-05
387695 211 55578.0 1.0778e-05 9.396e-05
387695 212 55515.0 1.0678e-05 9.3847e-05
387695 213 55435.0 1.0722e-05 9.3785e-05
387695 214 55311.0 1.0694e-05 9.3702e-05
387695 215 55312.0 1.0708e-05 9.363e-05
387695 216 55252.0 1.0706e-05 9.3524e-05
387695 217 55192.0 1.0675e-05 9.342e-05
387695 218 55154.0 1.0674e-05 9.3351e-05
387695 219 55118.0 1.0706e-05 9.3307e-05
387695 220 54989.0 1.0665e-05 9.321e-05
387695 221 54233.0 1.0573e-05 9.3106e-05
387695 222 54965.0 1.0717e-05 9.3034e-05
387695 223 54951.0 1.067e-05 9.2983e-05
387695 224 54888.0 1.0704e-05 9.2881e-05
387695 225 54836.0 1.0635e-05 9.2834e-05
387695 226 54801.0 1.0676e-05 9.2738e-05
387695 227 54730.0 1.0629e-05 9.2608e-05
387695 228 54708.0 1.0701e-05 9.2559e-05
387695 229 54645.0 1.0642e-05 9.2465e-05
387695 230 54583.0 1.0587e-05 9.2357e-05
387695 231 54554.0 1.0638e-05 9.2304e-05
387695 232 54496.0 1.0626e-05 9.2198e-05
387695 233 54442.0 1.063e-05 9.2134e-05
387695 234 53624.0 1.0507e-05 9.2035e-05
387695 235 54321.0 1.0667e-05 9.1922e-05
387695 236 54313.0 1.0671e-05 9.1882e-05
387695 237 54260.0 1.0643e-05 9.1802e-05
387695 238 54146.0 1.0626e-05 9.1721e-05
387695 239 54166.0 1.0628e-05 9.1642e-05
387695 240 54091.0 1.0612e-05 9.1555e-05
387695 241 54074.0 1.0601e-05 9.1481e-05
387695 242 54024.0 1.0559e-05 9.14e-05
387695 243 53975.0 1.0596e-05 9.1295e-05
387695 244 53941.0 1.0581e-05 9.1226e-05
387695 245 53868.0 1.0567e-05 9.1129e-05
387695 246 53845.0 1.059e-05 9.1058e-05
387695 247 53030.0 1.0464e-05 9.0964e-05
387695 248 53749.0 1.057e-05 9.0925e-05
387695 249 53724.0 1.06e-05 9.0871e-05
387695 250 53672.0 1.0601e-05 9.0781e-05
387695 251 53654.0 1.0555e-05 9.0734e-05
387695 252 53624.0 1.0543e-05 9.069e-05
387695 253 53609.0 1.0537e-05 9.0675e-05
387695 254 53581.0 1.058e-05 9.0616e-05
387695 255 53552.0 1.0576e-05 9.0564e-05
387695 256 53530.0 1.0525e-05 9.0521e-05
387695 257 53443.0 1.0615e-05 9.0447e-05
387695 258 53440.0 1.0593e-05 9.0385e-05
387695 259 53438.0 1.0573e-05 9.036e-05
387695 260 52617.0 1.0461e-05 9.0275e-05
387695 261 53343.0 1.0552e-05 9.019e-05
387695 262 53343.0 1.0562e-05 9.0188e-05
387695 263 53277.0 1.0586e-05 9.0098e-05
387695 264 53232.0 1.0551e-05 9.0006e-05
387695 265 53200.0 1.0584e-05 8.9957e-05
387695 266 53167.0 1.0492e-05 8.9899e-05
387695 267 53139.0 1.0554e-05 8.9848e-05
387695 268 53093.0 1.0503e-05 8.9781e-05
387695 269 53145.0 1.0528e-05 8.9724e-05
387695 270 53009.0 1.0514e-05 8.9637e-05
387695 271 52975.0 1.0536e-05 8.956e-05
387695 272 52902.0 1.0512e-05 8.9482e-05
387695 273 52057.0 1.042e-05 8.9382e-05
387695 274 52829.0 1.0509e-05 8.9315e-05
387695 275 52804.0 1.0541e-05 8.9262e-05
387695 276 52767.0 1.0452e-05 8.921e-05
387695 277 52728.0 1.0531e-05 8.9135e-05
387695 278 52677.0 1.0485e-05 8.9039e-05
387695 279 52625.0 1.0475e-05 8.8959e-05
387695 280 52589.0 1.0468e-05 8.8892e-05
387695 281 52555.0 1.0458e-05 8.8838e-05
387695 282 52516.0 1.0554e-05 8.8764e-05
387695 283 52448.0 1.0476e-05 8.8697e-05
387695 284 52456.0 1.0477e-05 8.8653e-05
387695 285 52301.0 1.0542e-05 8.8555e-05
387695 286 51594.0 1.04e-05 8.8464e-05
387695 287 52308.0 1.0526e-05 8.8438e-05
387695 288 52281.0 1.0513e-05 8.8362e-05
387695 289 52245.0 1.0508e-05 8.8307e-05
387695 290 52202.0 1.049e-05 8.8215e-05
387695 291 52123.0 1.0496e-05 8.8102e-05
387695 292 52084.0 1.0479e-05 8.8021e-05
387695 293 52047.0 1.0503e-05 8.7961e-05
387695 294 52000.0 1.0463e-05 8.7887e-05
387695 295 51974.0 1.0487e-05 8.7828e-05
387695 296 51912.0 1.0436e-05 8.7719e-05
387695 297 51855.0 1.0463e-05 8.7637e-05
387695 298 51857.0 1.0494e-05 8.7618e-05
387695 299 51069.0 1.0353e-05 8.7558e-05
387695 300 51779.0 1.0445e-05 8.7494e-05
387695 301 51739.0 1.0463e-05 8.7434e-05
387695 302 51688.0 1.0482e-05 8.7383e-05
387695 303 51676.0 1.049e-05 8.7331e-05
387695 304 51645.0 1.0453e-05 8.7277e-05
387695 305 51612.0 1.045e-05 8.7208e-05
387695 306 51573.0 1.0482e-05 8.7151e-05
387695 307 51531.0 1.0391e-05 8.708e-05
387695 308 51510.0 1.0498e-05 8.7037e-05
387695 309 51458.0 1.0491e-05 8.699e-05
387695 310 51441.0 1.0491e-05 8.6916e-05
387695 311 51399.0 1.0459e-05 8.6842e-05
387695 312 50588.0 1.0366e-05 8.6794e-05
387695 313 51322.0 1.0469e-05 8.6719e-05
387695 314 51279.0 1.0436e-05 8.6643e-05
387695 315 51238.0 1.0393e-05 8.657e-05
387695 316 51174.0 1.0405e-05 8.6483e-05
387695 317 51144.0 1.0418e-05 8.6437e-05
387695 318 51106.0 1.0452e-05 8.6349e-05
387695 319 51038.0 1.0408e-05 8.6226e-05
387695 320 50993.0 1.041e-05 8.6165e-05
387695 321 50959.0 1.042e-05 8.6085e-05
387695 322 50907.0 1.0451e-05 8.5999e-05
387695 323 50856.0 1.0453e-05 8.5912e-05
387695 324 49987.0 1.0288e-05 8.5811e-05
387695 325 50828.0 1.0413e-05 8.5916e-05
387695 326 50762.0 1.0406e-05 8.5789e-05
387695 327 50716.0 1.0397e-05 8.5696e-05
387695 328 50702.0 1.0428e-05 8.5645e-05
387695 329 50644.0 1.0496e-05 8.5562e-05
387695 330 50612.0 1.0456e-05 8.55e-05
387695 331 50594.0 1.0421e-05 8.5461e-05
387695 332 50560.0 1.0419e-05 8.5403e-05
387695 333 50506.0 1.0426e-05 8.5341e-05
387695 334 50518.0 1.0429e-05 8.5324e-05
387695 335 50501.0 1.0424e-05 8.5322e-05
387695 336 50473.0 1.0439e-05 8.5248e-05
387695 337 49729.0 1.0279e-05 8.5218e-05
387695 338 50403.0 1.0358e-05 8.5163e-05
387695 339 50394.0 1.0402e-05 8.5129e-05
387695 340 50378.0 1.04e-05 8.5106e-05
387695 341 50298.0 1.0379e-05 8.5029e-05
387695 342 50318.0 1.0466e-05 8.5005e-05
387695 343 50242.0 1.0408e-05 8.4942e-05
387695 344 50244.0 1.0391e-05 8.4866e-05
387695 345 50212.0 1.0471e-05 8.4833e-05
387695 346 50175.0 1.0373e-05 8.4748e-05
387695 347 50131.0 1.0398e-05 8.4677e-05
387695 348 50086.0 1.0321e-05 8.4649e-05
387695 349 50091.0 1.0393e-05 8.4601e-05
387695 350 49333.0 1.0286e-05 8.4518e-05
387695 351 49993.0 1.033e-05 8.4459e-05
387695 352 49972.0 1.0448e-05 8.4411e-05
387695 353 49865.0 1.0373e-05 8.4322e-05
387695 354 49887.0 1.0335e-05 8.4248e-05
387695 355 49840.0 1.041e-05 8.4177e-05
387695 356 49882.0 1.0394e-05 8.4264e-05
387695 357 49782.0 1.0376e-05 8.4087e-05
387695 358 49721.0 1.0366e-05 8.3984e-05
387695 359 49692.0 1.0345e-05 8.3912e-05
387695 360 49655.0 1.0383e-05 8.3869e-05
387695 361 49611.0 1.0389e-05 8.38e-05
387695 362 49506.0 1.0311e-05 8.3734e-05
387695 363 48833.0 1.0247e-05 8.3664e-05
387695 364 49489.0 1.0333e-05 8.3598e-05
387695 365 49444.0 1.037e-05 8.3501e-05
387695 366 49406.0 1.0365e-05 8.3457e-05
387695 367 49385.0 1.0417e-05 8.3396e-05
387695 368 49368.0 1.0375e-05 8.3361e-05
387695 369 49339.0 1.0387e-05 8.3325e-05
387695 370 49273.0 1.0389e-05 8.3248e-05
387695 371 49277.0 1.0351e-05 8.3213e-05
387695 372 49230.0 1.0368e-05 8.313e-05
387695 373 49220.0 1.0335e-05 8.3104e-05
387695 374 49191.0 1.0356e-05 8.3066e-05
387695 375 49150.0 1.0337e-05 8.3005e-05
387695 376 48408.0 1.0193e-05 8.2962e-05
387695 377 49096.0 1.0375e-05 8.2898e-05
387695 378 48981.0 1.0392e-05 8.2801e-05
387695 379 49015.0 1.0339e-05 8.277e-05
387695 380 48952.0 1.0325e-05 8.2704e-05
387695 381 48928.0 1.0346e-05 8.2618e-05
387695 382 48983.0 1.036e-05 8.2711e-05
387695 383 48883.0 1.038e-05 8.2546e-05
387695 384 48828.0 1.0392e-05 8.2453e-05
387695 385 48809.0 1.0376e-05 8.2406e-05
387695 386 48747.0 1.0373e-05 8.233e-05
387695 387 48718.0 1.0354e-05 8.2274e-05
387695 388 48713.0 1.0362e-05 8.2243e-05
387695 389 47966.0 1.0179e-05 8.2171e-05
387695 390 48648.0 1.0296e-05 8.2125e-05
387695 391 48622.0 1.0362e-05 8.2092e-05
387695 392 48588.0 1.029e-05 8.2026e-05
387695 393 48575.0 1.0397e-05 8.2007e-05
387695 394 48567.0 1.0377e-05 8.1993e-05
387695 395 48525.0 1.0354e-05 8.1925e-05
387695 396 48509.0 1.0383e-05 8.1891e-05
387695 397 48476.0 1.0368e-05 8.1845e-05
387695 398 48443.0 1.0331e-05 8.1787e-05
387695 399 48429.0 1.0362e-05 8.1772e-05
387695 400 48397.0 1.0353e-05 8.1702e-05
387695 401 48360.0 1.0353e-05 8.1636e-05
387695 402 47636.0 1.0184e-05 8.1589e-05
387695 403 48334.0 1.0338e-05 8.1605e-05
387695 404 48317.0 1.0351e-05 8.1566e-05
387695 405 48277.0 1.0356e-05 8.1517e-05
387695 406 48238.0 1.0299e-05 8.1431e-05
387695 407 48208.0 1.0396e-05 8.1384e-05
387695 408 48202.0 1.0276e-05 8.1358e-05
387695 409 48127.0 1.0344e-05 8.1279e-05
387695 410 48090.0 1.0331e-05 8.1238e-05
387695 411 48097.0 1.0409e-05 8.1195e-05
387695 412 48043.0 1.0282e-05 8.1095e-05
387695 413 47986.0 1.0313e-05 8.1068e-05
387695 414 47991.0 1.0328e-05 8.102e-05
387695 415 47195.0 1.0175e-05 8.0808e-05
387695 416 47904.0 1.0332e-05 8.0887e-05
387695 417 47850.0 1.0379e-05 8.0852e-05
387695 418 47793.0 1.0319e-05 8.0691e-05
387695 419 43012.0 9.4078e-06 8.063e-05
387695 420 4.7641 7.0684e-06 8.0326e-05
387695 421 16845.0 7.1005e-06 8.0253e-05
387695 422 47554.0 1.0302e-05 8.0487e-05
387695 423 33688.0 8.014e-06 8.0242e-05
387695 424 4.6303 7.0451e-06 8.0077e-05
387695 425 24865.0 7.2895e-06 8.0078e-05
387695 426 47431.0 1.0353e-05 8.0283e-05
387695 427 47373.0 1.0247e-05 8.0211e-05
387695 428 47342.0 1.0284e-05 8.0185e-05
387695 429 47334.0 1.0326e-05 8.0124e-05
387695 430 46619.0 1.0261e-05 8.0067e-05
387695 431 47263.0 1.0309e-05 8.0047e-05
387695 432 47263.0 1.0293e-05 8e-05
387695 433 47230.0 1.0333e-05 7.9956e-05
387695 434 47222.0 1.0327e-05 7.9917e-05
387695 435 47175.0 1.0298e-05 7.9849e-05
387695 436 47156.0 1.0283e-05 7.9811e-05
387695 437 47202.0 1.0347e-05 7.9779e-05
387695 438 47088.0 1.0324e-05 7.9705e-05
387695 439 47055.0 1.0333e-05 7.9651e-05
387695 440 47027.0 1.0299e-05 7.9592e-05
387695 441 46957.0 1.0333e-05 7.9497e-05
387695 442 46944.0 1.0318e-05 7.9479e-05
387695 443 46162.0 1.0201e-05 7.9421e-05
387695 444 46891.0 1.0284e-05 7.9353e-05
387695 445 46863.0 1.037e-05 7.9332e-05
387695 446 46824.0 1.0305e-05 7.9246e-05
387695 447 46795.0 1.0298e-05 7.9192e-05
387695 448 46719.0 1.0266e-05 7.912e-05
387695 449 46694.0 1.0278e-05 7.9037e-05
387695 450 46694.0 1.0297e-05 7.9002e-05
387695 451 46668.0 1.0298e-05 7.896e-05
387695 452 46624.0 1.0224e-05 7.888e-05
387695 453 46600.0 1.0325e-05 7.8838e-05
387695 454 46564.0 1.0326e-05 7.8786e-05
387695 455 46524.0 1.0303e-05 7.8708e-05
387695 456 45827.0 1.014e-05 7.8655e-05
387695 457 46457.0 1.0308e-05 7.8607e-05
387695 458 46425.0 1.0312e-05 7.858e-05
387695 459 46454.0 1.0237e-05 7.8584e-05
387695 460 46447.0 1.0274e-05 7.8573e-05
387695 461 46288.0 1.0265e-05 7.8487e-05
387695 462 46352.0 1.0275e-05 7.844e-05
387695 463 46242.0 1.0308e-05 7.8373e-05
387695 464 46285.0 1.0342e-05 7.8329e-05
387695 465 46243.0 1.0297e-05 7.8265e-05
387695 466 46224.0 1.0287e-05 7.8211e-05
387695 467 46193.0 1.0319e-05 7.8147e-05
387695 468 46168.0 1.0354e-05 7.8102e-05
387695 469 45459.0 1.0146e-05 7.8022e-05
387695 470 46117.0 1.034e-05 7.8018e-05
387695 471 46092.0 1.0211e-05 7.7968e-05
387695 472 46044.0 1.0374e-05 7.7904e-05
387695 473 46020.0 1.031e-05 7.7844e-05
387695 474 45986.0 1.0319e-05 7.7786e-05
387695 475 45887.0 1.0322e-05 7.7719e-05
387695 476 45929.0 1.0326e-05 7.7675e-05
387695 477 45878.0 1.0252e-05 7.7637e-05
387695 478 45818.0 1.0295e-05 7.7575e-05
387695 479 45826.0 1.0391e-05 7.7528e-05
387695 480 45811.0 1.0321e-05 7.7471e-05
387695 481 45723.0 1.0343e-05 7.7392e-05
387695 482 45064.0 1.016e-05 7.7348e-05
387695 483 45709.0 1.0329e-05 7.731e-05
387695 484 45677.0 1.0297e-05 7.7256e-05
387695 485 45614.0 1.0317e-05 7.7227e-05
387695 486 45649.0 1.0328e-05 7.7203e-05
387695 487 45491.0 1.0296e-05 7.716e-05
387695 488 45521.0 1.0262e-05 7.7106e-05
387695 489 45554.0 1.0278e-05 7.7046e-05
387695 490 45475.0 1.027e-05 7.7008e-05
387695 491 45401.0 1.0299e-05 7.7002e-05
387695 492 45498.0 1.0349e-05 7.6977e-05
387695 493 45479.0 1.0291e-05 7.6921e-05
387695 494 45403.0 1.0276e-05 7.6901e-05
387695 495 44714.0 1.0146e-05 7.6828e-05
387695 496 45422.0 1.0362e-05 7.6837e-05
387695 497 45377.0 1.0335e-05 7.6798e-05
387695 498 45382.0 1.0311e-05 7.6739e-05
387695 499 45378.0 1.0348e-05 7.6741e-05
387695 500 45251.0 1.0318e-05 7.668e-05
387695 501 45322.0 1.0287e-05 7.6635e-05
387695 502 45155.0 1.0285e-05 7.6586e-05
387695 503 45253.0 1.0307e-05 7.6524e-05
387695 504 45206.0 1.0282e-05 7.6451e-05
387695 505 13222.0 6.6673e-06 7.6114e-05
387695 506 9262.0 6.664e-06 7.6079e-05
387695 507 45156.0 1.0328e-05 7.6358e-05
387695 508 45114.0 1.032e-05 7.631e-05
387695 509 44394.0 1.019e-05 7.6249e-05
387695 510 45000.0 1.0287e-05 7.62e-05
387695 511 44980.0 1.037e-05 7.6159e-05
387695 512 44947.0 1.0294e-05 7.6087e-05
387695 513 44913.0 1.0268e-05 7.6046e-05
387695 514 44854.0 1.0293e-05 7.6001e-05
387695 515 44840.0 1.0357e-05 7.5925e-05
387695 516 44813.0 1.0328e-05 7.5866e-05
387695 517 44777.0 1.0322e-05 7.5821e-05
387695 518 44750.0 1.0302e-05 7.5755e-05
387695 519 44698.0 1.0318e-05 7.5718e-05
387695 520 44694.0 1.0308e-05 7.569e-05
387695 521 44686.0 1.035e-05 7.5647e-05
387695 522 44013.0 1.0218e-05 7.5594e-05
387695 523 44608.0 1.0379e-05 7.5537e-05
387695 524 44575.0 1.0312e-05 7.5455e-05
387695 525 44547.0 1.0321e-05 7.5414e-05
387695 526 44507.0 1.0291e-05 7.5365e-05
387695 527 44489.0 1.0349e-05 7.531e-05
387695 528 44450.0 1.0289e-05 7.5247e-05
387695 529 44408.0 1.0327e-05 7.5208e-05
387695 530 44339.0 1.036e-05 7.5164e-05
387695 531 44365.0 1.0371e-05 7.5099e-05
387695 532 44337.0 1.0267e-05 7.5024e-05
387695 533 44277.0 1.0359e-05 7.4968e-05
387695 534 44225.0 1.0314e-05 7.4894e-05
387695 535 43570.0 1.0153e-05 7.4805e-05
387695 536 44160.0 1.0356e-05 7.4794e-05
387695 537 44171.0 1.0248e-05 7.475e-05
387695 538 44164.0 1.0398e-05 7.479e-05
387695 539 44113.0 1.0311e-05 7.4649e-05
387695 540 44075.0 1.0297e-05 7.4598e-05
387695 541 44048.0 1.03e-05 7.4537e-05
387695 542 44026.0 1.0324e-05 7.4492e-05
387695 543 44003.0 1.0419e-05 7.4473e-05
387695 544 43909.0 1.0271e-05 7.4416e-05
387695 545 43922.0 1.0326e-05 7.4324e-05
387695 546 43942.0 1.0368e-05 7.4367e-05
387695 547 43929.0 1.0277e-05 7.4381e-05
387695 548 43310.0 1.0286e-05 7.4368e-05
387695 549 43909.0 1.0369e-05 7.431e-05
387695 550 43891.0 1.0272e-05 7.4271e-05
387695 551 43867.0 1.0312e-05 7.425e-05
387695 552 7452.9 6.4471e-06 7.3867e-05
387695 553 11292.0 6.4329e-06 7.3841e-05
387695 554 43649.0 1.0221e-05 7.4127e-05
387695 555 43760.0 1.0328e-05 7.4049e-05
387695 556 43758.0 1.0343e-05 7.4048e-05
387695 557 43708.0 1.0351e-05 7.3959e-05
387695 558 43672.0 1.0356e-05 7.3907e-05
387695 559 43645.0 1.0388e-05 7.3883e-05
387695 560 43616.0 1.0391e-05 7.3792e-05
387695 561 43633.0 1.0348e-05 7.3823e-05
387695 562 31462.0 7.6808e-06 7.3602e-05
387695 563 43565.0 1.0366e-05 7.3753e-05
387695 564 43535.0 1.0355e-05 7.3692e-05
387695 565 43495.0 1.028e-05 7.3628e-05
387695 566 43473.0 1.0386e-05 7.3556e-05
387695 567 43436.0 1.0263e-05 7.3497e-05
387695 568 43401.0 1.0294e-05 7.3468e-05
387695 569 43441.0 1.0423e-05 7.3508e-05
387695 570 43372.0 1.035e-05 7.3379e-05
387695 571 43321.0 1.0372e-05 7.3306e-05
387695 572 43289.0 1.0398e-05 7.3247e-05
387695 573 43270.0 1.0364e-05 7.3215e-05
387695 574 43247.0 1.034e-05 7.3193e-05
387695 575 42595.0 1.0205e-05 7.3103e-05
387695 576 43205.0 1.0425e-05 7.3095e-05
387695 577 43183.0 1.0372e-05 7.3063e-05
387695 578 43165.0 1.038e-05 7.301e-05
387695 579 43142.0 1.0391e-05 7.2979e-05
387695 580 43101.0 1.0437e-05 7.2929e-05
387695 581 43018.0 1.04e-05 7.2874e-05
387695 582 43006.0 1.0404e-05 7.2857e-05
387695 583 42969.0 1.0375e-05 7.2785e-05
387695 584 42956.0 1.035e-05 7.2766e-05
387695 585 42944.0 1.0345e-05 7.2738e-05
387695 586 42895.0 1.0357e-05 7.2657e-05
387695 587 42858.0 1.0286e-05 7.26e-05
387695 588 42238.0 1.0155e-05 7.2568e-05
387695 589 42808.0 1.0374e-05 7.2514e-05
387695 590 42780.0 1.0306e-05 7.2468e-05
387695 591 42765.0 1.0318e-05 7.2431e-05
387695 592 42737.0 1.0364e-05 7.2389e-05
387695 593 42701.0 1.0307e-05 7.2352e-05
387695 594 42698.0 1.033e-05 7.2315e-05
387695 595 42650.0 1.0443e-05 7.2238e-05
387695 596 42631.0 1.0328e-05 7.219e-05
387695 597 42571.0 1.0331e-05 7.2113e-05
387695 598 42546.0 1.0383e-05 7.2056e-05
387695 599 42529.0 1.0411e-05 7.204e-05
387695 600 42494.0 1.035e-05 7.1984e-05
387695 601 41665.0 1.0182e-05 7.1905e-05
387695 602 42439.0 1.0355e-05 7.1882e-05
387695 603 42411.0 1.0357e-05 7.183e-05
387695 604 42385.0 1.0403e-05 7.1791e-05
387695 605 42386.0 1.0339e-05 7.1772e-05
387695 606 42342.0 1.0452e-05 7.1707e-05
387695 607 42311.0 1.0294e-05 7.1632e-05
387695 608 42300.0 1.0426e-05 7.1635e-05
387695 609 42250.0 1.0429e-05 7.1587e-05
387695 610 42263.0 1.0488e-05 7.1573e-05
387695 611 42246.0 1.0433e-05 7.1539e-05
387695 612 42212.0 1.044e-05 7.1478e-05
387695 613 41572.0 1.0268e-05 7.1407e-05
387695 614 42153.0 1.0416e-05 7.1382e-05
387695 615 42132.0 1.0436e-05 7.1336e-05
387695 616 42113.0 1.0398e-05 7.1332e-05
387695 617 42117.0 1.0432e-05 7.1309e-05
387695 618 42088.0 1.0417e-05 7.1271e-05
387695 619 42090.0 1.0403e-05 7.1264e-05
387695 620 42058.0 1.0398e-05 7.1217e-05
387695 621 42030.0 1.041e-05 7.116e-05
387695 622 42021.0 1.0346e-05 7.1141e-05
387695 623 41982.0 1.0375e-05 7.1111e-05
387695 624 41987.0 1.0366e-05 7.1086e-05
387695 625 41979.0 1.0368e-05 7.1068e-05
387695 626 41343.0 1.019e-05 7.1017e-05
387695 627 41748.0 1.0272e-05 7.099e-05
387695 628 41912.0 1.039e-05 7.0957e-05
387695 629 41793.0 1.0352e-05 7.0902e-05
387695 630 41859.0 1.0314e-05 7.0847e-05
387695 631 41813.0 1.0386e-05 7.0796e-05
387695 632 41793.0 1.0405e-05 7.0741e-05
387695 633 41779.0 1.0408e-05 7.0726e-05
387695 634 41738.0 1.037e-05 7.0664e-05
387695 635 41705.0 1.0384e-05 7.0608e-05
387695 636 41662.0 1.0414e-05 7.0562e-05
387695 637 41631.0 1.0359e-05 7.0502e-05
387695 638 41584.0 1.0351e-05 7.0482e-05
387695 639 40997.0 1.0262e-05 7.0413e-05
387695 640 41568.0 1.0414e-05 7.0368e-05
387695 641 41550.0 1.0411e-05 7.0349e-05
387695 642 41528.0 1.0431e-05 7.0299e-05
387695 643 41520.0 1.0396e-05 7.0282e-05
387695 644 41495.0 1.0397e-05 7.0275e-05
387695 645 41461.0 1.0499e-05 7.0215e-05
387695 646 41435.0 1.0464e-05 7.0133e-05
387695 647 41424.0 1.0403e-05 7.0116e-05
387695 648 41384.0 1.0444e-05 7.0072e-05
387695 649 41339.0 1.0441e-05 7.0006e-05
387695 650 41339.0 1.0434e-05 6.9981e-05
387695 651 27312.0 7.1138e-06 6.9688e-05
387695 652 0.0 0.0 0.0
387695 653 38160.0 9.5056e-06 6.9772e-05
387695 654 41020.0 1.0371e-05 6.9764e-05
387695 655 41191.0 1.0388e-05 6.9727e-05
387695 656 13336.0 6.0245e-06 6.9349e-05
387695 657 3.9204 5.9774e-06 6.9297e-05
387695 658 3.8279 5.9717e-06 6.9262e-05
387695 659 29387.0 7.4347e-06 6.9386e-05
387695 660 41033.0 1.0432e-05 6.956e-05
387695 661 41002.0 1.0377e-05 6.953e-05
387695 662 40935.0 1.0426e-05 6.9509e-05
387695 663 40940.0 1.0477e-05 6.9492e-05
387695 664 37738.0 9.4691e-06 6.9458e-05
387695 665 40858.0 1.0429e-05 6.9471e-05
387695 666 40897.0 1.0298e-05 6.9424e-05
387695 667 40817.0 1.0315e-05 6.9397e-05
387695 668 1627.9 5.9697e-06 6.9019e-05
387695 669 0.0 0.0 0.0
387695 670 38755.0 9.8369e-06 6.924e-05
387695 671 40852.0 1.0494e-05 6.9238e-05
387695 672 40825.0 1.043e-05 6.9209e-05
387695 673 40776.0 1.0443e-05 6.9172e-05
387695 674 40806.0 1.0456e-05 6.9151e-05
387695 675 40777.0 1.0396e-05 6.9123e-05
387695 676 4369.2 5.9539e-06 6.8739e-05
387695 677 18531.0 6.1496e-06 6.876e-05
387695 678 40738.0 1.0429e-05 6.9044e-05
387695 679 40711.0 1.0363e-05 6.8994e-05
387695 680 40683.0 1.048e-05 6.8949e-05
387695 681 40661.0 1.0446e-05 6.8916e-05
387695 682 40652.0 1.0449e-05 6.8918e-05
387695 683 40640.0 1.0504e-05 6.8882e-05
387695 684 40039.0 1.0304e-05 6.8835e-05
387695 685 40575.0 1.0452e-05 6.8789e-05
387695 686 40572.0 1.0486e-05 6.8756e-05
387695 687 40536.0 1.0476e-05 6.8696e-05
387695 688 40496.0 1.0512e-05 6.8635e-05
387695 689 40494.0 1.0456e-05 6.8604e-05
387695 690 40469.0 1.0442e-05 6.8576e-05
387695 691 40462.0 1.0488e-05 6.8564e-05
387695 692 40451.0 1.043e-05 6.853e-05
387695 693 40407.0 1.0488e-05 6.8481e-05
387695 694 40384.0 1.0557e-05 6.843e-05
387695 695 40364.0 1.0534e-05 6.84e-05
387695 696 40346.0 1.0472e-05 6.8361e-05
387695 697 39728.0 1.029e-05 6.8305e-05
387695 698 40269.0 1.0559e-05 6.8277e-05
387695 699 40250.0 1.05e-05 6.823e-05
387695 700 40251.0 1.0495e-05 6.8183e-05
387695 701 40193.0 1.0498e-05 6.8153e-05
387695 702 40207.0 1.0498e-05 6.8104e-05
387695 703 40141.0 1.0437e-05 6.804e-05
387695 704 40121.0 1.0532e-05 6.8024e-05
387695 705 40105.0 1.0362e-05 6.7958e-05
387695 706 40082.0 1.0491e-05 6.7906e-05
387695 707 40063.0 1.0399e-05 6.7874e-05
387695 708 40055.0 1.0531e-05 6.785e-05
387695 709 40027.0 1.053e-05 6.7797e-05
387695 710 39433.0 1.0275e-05 6.7758e-05
387695 711 39983.0 1.0448e-05 6.7739e-05
387695 712 39930.0 1.047e-05 6.7681e-05
387695 713 39903.0 1.0497e-05 6.7651e-05
387695 714 39922.0 1.0507e-05 6.7619e-05
387695 715 39861.0 1.0507e-05 6.7572e-05
387695 716 39867.0 1.0553e-05 6.7541e-05
387695 717 39832.0 1.0444e-05 6.7471e-05
387695 718 39798.0 1.0511e-05 6.7404e-05
387695 719 39753.0 1.0346e-05 6.7359e-05
387695 720 39729.0 1.0469e-05 6.7293e-05
387695 721 39706.0 1.0612e-05 6.7265e-05
387695 722 39677.0 1.0533e-05 6.7207e-05
387695 723 39065.0 1.0286e-05 6.7137e-05
387695 724 39618.0 1.0491e-05 6.7112e-05
387695 725 39495.0 1.0472e-05 6.7103e-05
387695 726 39519.0 1.0507e-05 6.7053e-05
387695 727 39571.0 1.0508e-05 6.7031e-05
387695 728 14114.0 5.8179e-06 6.6631e-05
387695 729 4.098 5.7373e-06 6.6544e-05
387695 730 4.1333 5.7358e-06 6.653e-05
387695 731 30143.0 7.8283e-06 6.6682e-05
387695 732 27333.0 7.2343e-06 6.6588e-05
387695 733 4.2061 5.7286e-06 6.6496e-05
387695 734 4.1305 5.719e-06 6.6368e-05
387695 735 4.0143 5.7141e-06 6.6318e-05
387695 736 8.5405 5.7067e-06 6.6255e-05
387695 737 4.0913 5.7053e-06 6.624e-05
387695 738 8.2789 5.7051e-06 6.624e-05
387695 739 3.9411 5.7017e-06 6.618e-05
387695 740 4.302 5.694e-06 6.6115e-05
387695 741 8.4915 5.6919e-06 6.6098e-05
387695 742 3.9388 5.6902e-06 6.61e-05
387695 743 4.0472 5.6871e-06 6.603e-05
387695 744 4.1312 5.6844e-06 6.6031e-05
387695 745 4.1452 5.6803e-06 6.5986e-05
387695 746 0.0 0.0 0.0
387695 747 4.1691 5.6841e-06 6.6061e-05
387695 748 4.1023 5.6748e-06 6.5913e-05
387695 749 3.9307 5.6692e-06 6.5883e-05
387695 750 4.1895 5.6675e-06 6.5891e-05
387695 751 3.8202 5.6641e-06 6.5833e-05
387695 752 0.0 0.0 0.0
387694 1 426.53 1.1536e-05 0.00011678
387694 2 0.0 0.0 0.0
387694 3 0.0 0.0 0.0
387694 4 0.0 0.0 0.0
387694 5 0.0 0.0 0.0
387709 1 0.0 0.0 0.0
387709 2 0.0 0.0 0.0
387709 3 0.0 0.0 0.0
387709 4 0.0 0.0 0.0
387709 5 0.0 0.0 0.0
387709 6 0.0 0.0 0.0
387670 1 53.63 5.5976e-06 5.0872e-05
387670 2 3.192 5.5909e-06 5.0807e-05
387670 3 2.9121 5.5849e-06 5.0784e-05
387670 4 2.9125 5.5943e-06 5.0857e-05
387670 5 3.0833 5.5906e-06 5.083e-05
387670 6 6.0307 5.5895e-06 5.0812e-05
387670 7 17026.0 6.7893e-06 5.0919e-05
387670 8 29982.0 1.2187e-05 5.1294e-05
387670 9 29959.0 1.2192e-05 5.1254e-05
387670 10 29946.0 1.2159e-05 5.1213e-05
387670 11 29911.0 1.2278e-05 5.1184e-05
387670 12 29901.0 1.2193e-05 5.1147e-05
387670 13 29825.0 1.2091e-05 5.1019e-05
387670 14 29819.0 1.2278e-05 5.101e-05
387670 15 29851.0 1.2174e-05 5.1069e-05
387670 16 29820.0 1.2202e-05 5.103e-05
387670 17 29356.0 1.1978e-05 5.0938e-05
387670 18 29791.0 1.2307e-05 5.0972e-05
387670 19 29789.0 1.2185e-05 5.1011e-05
387670 20 29803.0 1.2116e-05 5.0982e-05
387670 21 29791.0 1.2081e-05 5.0961e-05
387670 22 29785.0 1.2214e-05 5.0953e-05
387670 23 29771.0 1.2261e-05 5.0931e-05
387670 24 29749.0 1.2283e-05 5.0901e-05
387670 25 29734.0 1.2211e-05 5.0862e-05
387670 26 29653.0 1.213e-05 5.0811e-05
387670 27 29676.0 1.2145e-05 5.0765e-05
387670 28 29606.0 1.2196e-05 5.0638e-05
387670 29 29606.0 1.2227e-05 5.0663e-05
387670 30 29213.0 1.1987e-05 5.0686e-05
387670 31 29614.0 1.2228e-05 5.0659e-05
387670 32 29590.0 1.2286e-05 5.0615e-05
387670 33 29607.0 1.224e-05 5.0646e-05
387670 34 29611.0 1.2236e-05 5.0665e-05
387670 35 29607.0 1.2154e-05 5.0637e-05
387670 36 29598.0 1.2172e-05 5.0618e-05
387670 37 29580.0 1.2319e-05 5.0609e-05
387670 38 29565.0 1.2158e-05 5.057e-05
387670 39 29528.0 1.2264e-05 5.0514e-05
387670 40 29519.0 1.2218e-05 5.0496e-05
387670 41 29499.0 1.2286e-05 5.0463e-05
387670 42 29466.0 1.2343e-05 5.0408e-05
387670 43 28989.0 1.2006e-05 5.0316e-05
387670 44 29445.0 1.215e-05 5.0365e-05
387670 45 29454.0 1.233e-05 5.0389e-05
387670 46 29378.0 1.2227e-05 5.0314e-05
387670 47 22101.0 8.5318e-06 4.9996e-05
387670 48 29426.0 1.2225e-05 5.0332e-05
387670 49 29419.0 1.2225e-05 5.0329e-05
387670 50 29447.0 1.2276e-05 5.0372e-05
387670 51 29394.0 1.2232e-05 5.0278e-05
387670 52 29360.0 1.226e-05 5.0219e-05
387670 53 29360.0 1.2252e-05 5.0224e-05
387670 54 29368.0 1.2184e-05 5.0231e-05
387670 55 29387.0 1.2239e-05 5.0268e-05
387670 56 28869.0 1.2029e-05 5.0147e-05
387670 57 26825.0 1.0902e-05 5.0064e-05
387670 58 23884.0 9.4356e-06 4.9933e-05
387670 59 29269.0 1.2173e-05 5.0065e-05
387670 60 29253.0 1.228e-05 5.0043e-05
387670 61 29267.0 1.2244e-05 5.0058e-05
387670 62 29238.0 1.224e-05 5.0025e-05
387670 63 29205.0 1.2226e-05 4.9948e-05
387670 64 29178.0 1.2264e-05 4.9946e-05
387670 65 29205.0 1.2273e-05 4.9965e-05
387670 66 29185.0 1.2258e-05 4.9919e-05
387670 67 29150.0 1.2159e-05 4.987e-05
387670 68 29171.0 1.2268e-05 4.9891e-05
387670 69 28748.0 1.2151e-05 4.988e-05
387670 70 29122.0 1.227e-05 4.9844e-05
387670 71 29122.0 1.2289e-05 4.9818e-05
387670 72 29125.0 1.2163e-05 4.9811e-05
387670 73 29112.0 1.2307e-05 4.98e-05
387670 74 29081.0 1.2263e-05 4.9733e-05
387670 75 29069.0 1.2394e-05 4.9728e-05
387670 76 29066.0 1.233e-05 4.972e-05
387670 77 29037.0 1.227e-05 4.9664e-05
387670 78 28996.0 1.2284e-05 4.9603e-05
387670 79 29010.0 1.2266e-05 4.9615e-05
387670 80 29003.0 1.2396e-05 4.9623e-05
387670 81 28978.0 1.2312e-05 4.9565e-05
387670 82 28526.0 1.2104e-05 4.951e-05
387670 83 28959.0 1.232e-05 4.9565e-05
387670 84 28960.0 1.2213e-05 4.9542e-05
387670 85 28952.0 1.2335e-05 4.9518e-05
387670 86 28937.0 1.2284e-05 4.9495e-05
387670 87 28927.0 1.2235e-05 4.9469e-05
387670 88 28891.0 1.2234e-05 4.9439e-05
387670 89 28872.0 1.2339e-05 4.9382e-05
387670 90 28860.0 1.2218e-05 4.9362e-05
387670 91 28856.0 1.2251e-05 4.9359e-05
387670 92 28818.0 1.2381e-05 4.9296e-05
387670 93 28787.0 1.2394e-05 4.9249e-05
387670 94 28814.0 1.2362e-05 4.929e-05
387670 95 28397.0 1.2053e-05 4.926e-05
387670 96 28771.0 1.2386e-05 4.9234e-05
387670 97 28733.0 1.2285e-05 4.9201e-05
387670 98 28776.0 1.2266e-05 4.9232e-05
387670 99 28771.0 1.2336e-05 4.9214e-05
387670 100 28746.0 1.2312e-05 4.9169e-05
387670 101 28739.0 1.2248e-05 4.9157e-05
387670 102 28733.0 1.2423e-05 4.9155e-05
387670 103 28702.0 1.2239e-05 4.909e-05
387670 104 28680.0 1.238e-05 4.9056e-05
387670 105 28665.0 1.2406e-05 4.9055e-05
387670 106 28664.0 1.2427e-05 4.9047e-05
387670 107 28628.0 1.235e-05 4.8975e-05
387670 108 28193.0 1.2062e-05 4.8921e-05
387670 109 28626.0 1.2269e-05 4.8975e-05
387670 110 21822.0 8.7296e-06 4.8692e-05
387670 111 28578.0 1.236e-05 4.8896e-05
387670 112 28581.0 1.2381e-05 4.8887e-05
387670 113 28593.0 1.2418e-05 4.8908e-05
387670 114 28569.0 1.242e-05 4.887e-05
387670 115 28533.0 1.2307e-05 4.8816e-05
387670 116 28535.0 1.2346e-05 4.8811e-05
387670 117 28511.0 1.2277e-05 4.8797e-05
387670 118 28485.0 1.2269e-05 4.8743e-05
387670 119 28473.0 1.2282e-05 4.8708e-05
387670 120 28438.0 1.2436e-05 4.8727e-05
387670 121 28056.0 1.2031e-05 4.8668e-05
387670 122 28414.0 1.2303e-05 4.8614e-05
387670 123 28419.0 1.2425e-05 4.862e-05
387670 124 28427.0 1.234e-05 4.8632e-05
387670 125 28415.0 1.2221e-05 4.8589e-05
387670 126 28375.0 1.2508e-05 4.8572e-05
387670 127 28392.0 1.2384e-05 4.8567e-05
387670 128 28395.0 1.2252e-05 4.8557e-05
387670 129 28358.0 1.2412e-05 4.8521e-05
387670 130 28347.0 1.2462e-05 4.8498e-05
387670 131 28349.0 1.2433e-05 4.8493e-05
387670 132 28334.0 1.2459e-05 4.8474e-05
387670 133 28288.0 1.2436e-05 4.8401e-05
387670 134 27867.0 1.2146e-05 4.8368e-05
387670 135 28292.0 1.2441e-05 4.8402e-05
387670 136 28259.0 1.2417e-05 4.8354e-05
387670 137 28220.0 1.2459e-05 4.8305e-05
387670 138 28239.0 1.2327e-05 4.8299e-05
387670 139 28238.0 1.255e-05 4.8324e-05
387670 140 28217.0 1.2551e-05 4.8284e-05
387670 141 28201.0 1.2448e-05 4.8246e-05
387670 142 28209.0 1.2507e-05 4.8263e-05
387670 143 28185.0 1.2512e-05 4.8246e-05
387670 144 28145.0 1.2384e-05 4.8188e-05
387670 145 28161.0 1.2451e-05 4.8178e-05
387670 146 28156.0 1.2502e-05 4.8174e-05
387670 147 27731.0 1.224e-05 4.8124e-05
387670 148 28088.0 1.2479e-05 4.8083e-05
387670 149 28100.0 1.2507e-05 4.8076e-05
387670 150 28094.0 1.2403e-05 4.8064e-05
387670 151 28048.0 1.2427e-05 4.8006e-05
387670 152 28020.0 1.2492e-05 4.796e-05
387670 153 28055.0 1.2541e-05 4.8e-05
387670 154 28050.0 1.2645e-05 4.8001e-05
387670 155 28011.0 1.2508e-05 4.7934e-05
387670 156 27988.0 1.2511e-05 4.7913e-05
387670 157 28026.0 1.2372e-05 4.794e-05
387670 158 27995.0 1.231e-05 4.7901e-05
387670 159 27570.0 1.2204e-05 4.7856e-05
387670 160 27970.0 1.2547e-05 4.7867e-05
387670 161 27963.0 1.2507e-05 4.7845e-05
387670 162 27940.0 1.2665e-05 4.7809e-05
387670 163 27911.0 1.2667e-05 4.7763e-05
387670 164 27910.0 1.2556e-05 4.7761e-05
387670 165 27914.0 1.249e-05 4.7755e-05
387670 166 27873.0 1.2462e-05 4.7683e-05
387670 167 27859.0 1.2521e-05 4.7659e-05
387670 168 27874.0 1.2473e-05 4.769e-05
387670 169 27858.0 1.2418e-05 4.7659e-05
387670 170 27827.0 1.2431e-05 4.761e-05
387670 171 27832.0 1.2531e-05 4.7614e-05
387670 172 27431.0 1.2241e-05 4.7597e-05
387670 173 27811.0 1.2497e-05 4.7582e-05
387670 174 27775.0 1.243e-05 4.7535e-05
387670 175 27784.0 1.2439e-05 4.7532e-05
387670 176 27774.0 1.2478e-05 4.7523e-05
387670 177 27744.0 1.2512e-05 4.7462e-05
387670 178 27718.0 1.2556e-05 4.7436e-05
387670 179 27733.0 1.2589e-05 4.7456e-05
387670 180 27710.0 1.2472e-05 4.7426e-05
387670 181 27686.0 1.2579e-05 4.7372e-05
387670 182 27685.0 1.2366e-05 4.7355e-05
387670 183 27685.0 1.2464e-05 4.7368e-05
387670 184 27674.0 1.2573e-05 4.7343e-05
387670 185 27253.0 1.2409e-05 4.7289e-05
387670 186 27651.0 1.2586e-05 4.7309e-05
387670 187 27641.0 1.2588e-05 4.7304e-05
387670 188 27615.0 1.2484e-05 4.7251e-05
387670 189 27596.0 1.2609e-05 4.7229e-05
387670 190 27615.0 1.2543e-05 4.7253e-05
387670 191 27587.0 1.2618e-05 4.7243e-05
387670 192 27572.0 1.2632e-05 4.718e-05
387670 193 27564.0 1.2576e-05 4.7164e-05
387670 194 27562.0 1.2573e-05 4.7164e-05
387670 195 27535.0 1.2508e-05 4.7116e-05
387670 196 27502.0 1.2698e-05 4.7081e-05
387670 197 27518.0 1.2544e-05 4.7079e-05
387670 198 27124.0 1.2259e-05 4.7059e-05
387670 199 27489.0 1.2517e-05 4.7034e-05
387670 200 27470.0 1.2642e-05 4.7009e-05
387670 201 27454.0 1.2542e-05 4.7025e-05
387670 202 27482.0 1.2657e-05 4.702e-05
387670 203 27454.0 1.252e-05 4.6966e-05
387670 204 27435.0 1.2543e-05 4.6944e-05
387670 205 27433.0 1.2631e-05 4.6948e-05
387670 206 27407.0 1.2686e-05 4.6922e-05
387670 207 27385.0 1.2678e-05 4.6867e-05
387670 208 27383.0 1.2694e-05 4.6856e-05
387670 209 27378.0 1.259e-05 4.6846e-05
387670 210 27347.0 1.262e-05 4.6798e-05
387670 211 26929.0 1.2299e-05 4.6733e-05
387670 212 27333.0 1.264e-05 4.6776e-05
387670 213 27335.0 1.2559e-05 4.6766e-05
387670 214 27301.0 1.2665e-05 4.6722e-05
387670 215 27289.0 1.2663e-05 4.6697e-05
387670 216 27297.0 1.2572e-05 4.6711e-05
387670 217 27286.0 1.2716e-05 4.6703e-05
387670 218 27224.0 1.2536e-05 4.6645e-05
387670 219 27240.0 1.2579e-05 4.6639e-05
387670 220 27255.0 1.2702e-05 4.6638e-05
387670 221 27229.0 1.2635e-05 4.6594e-05
387670 222 27177.0 1.2589e-05 4.6537e-05
387670 223 27208.0 1.2568e-05 4.6552e-05
387670 224 26783.0 1.2336e-05 4.6524e-05
387670 225 27160.0 1.263e-05 4.6478e-05
387670 226 27138.0 1.2661e-05 4.6449e-05
387670 227 27151.0 1.2697e-05 4.6491e-05
387670 228 27149.0 1.2743e-05 4.6463e-05
387670 229 27117.0 1.2766e-05 4.6412e-05
387670 230 27103.0 1.2617e-05 4.6396e-05
387670 231 27124.0 1.2725e-05 4.6418e-05
387670 232 27098.0 1.2653e-05 4.6384e-05
387670 233 27084.0 1.2722e-05 4.6353e-05
387670 234 27081.0 1.2722e-05 4.6347e-05
387670 235 27059.0 1.2662e-05 4.6326e-05
387670 236 27038.0 1.2711e-05 4.6277e-05
387670 237 26605.0 1.2335e-05 4.6213e-05
387670 238 27017.0 1.2616e-05 4.6241e-05
387670 239 27017.0 1.2647e-05 4.6232e-05
387670 240 26969.0 1.2778e-05 4.6162e-05
387670 241 26969.0 1.2632e-05 4.6155e-05
387670 242 26988.0 1.2738e-05 4.6192e-05
387670 243 26966.0 1.2725e-05 4.6153e-05
387670 244 26947.0 1.2715e-05 4.6116e-05
387670 245 26941.0 1.2742e-05 4.6118e-05
387670 246 26948.0 1.2788e-05 4.612e-05
387670 247 26924.0 1.2715e-05 4.6067e-05
387670 248 26895.0 1.2677e-05 4.6032e-05
387670 249 26908.0 1.2718e-05 4.6044e-05
387670 250 26496.0 1.2376e-05 4.6007e-05
387670 251 26858.0 1.263e-05 4.5961e-05
387670 252 26817.0 1.2706e-05 4.5961e-05
387670 253 26855.0 1.2674e-05 4.5967e-05
387670 254 26795.0 1.284e-05 4.5942e-05
387670 255 26805.0 1.2697e-05 4.5874e-05
387670 256 26809.0 1.2604e-05 4.5873e-05
387670 257 26805.0 1.2723e-05 4.5887e-05
387670 258 26783.0 1.2588e-05 4.584e-05
387670 259 26772.0 1.2774e-05 4.5823e-05
387670 260 26770.0 1.2843e-05 4.584e-05
387670 261 26776.0 1.2703e-05 4.5823e-05
387670 262 26754.0 1.2745e-05 4.5787e-05
387670 263 26348.0 1.2599e-05 4.5749e-05
387670 264 26723.0 1.2729e-05 4.5749e-05
387670 265 26709.0 1.277e-05 4.5728e-05
387670 266 26678.0 1.2725e-05 4.5662e-05
387670 267 26677.0 1.2787e-05 4.5659e-05
387670 268 26666.0 1.2837e-05 4.5655e-05
387670 269 26646.0 1.2892e-05 4.5613e-05
387670 270 26613.0 1.2862e-05 4.5559e-05
387670 271 26626.0 1.29e-05 4.5584e-05
387670 272 26598.0 1.2726e-05 4.5573e-05
387670 273 26599.0 1.2854e-05 4.5536e-05
387670 274 26592.0 1.2916e-05 4.5521e-05
387670 275 26605.0 1.2845e-05 4.5544e-05
387670 276 26208.0 1.2572e-05 4.5508e-05
387670 277 26610.0 1.2883e-05 4.5556e-05
387670 278 26550.0 1.2701e-05 4.5454e-05
387670 279 26527.0 1.2818e-05 4.5413e-05
387670 280 26530.0 1.2727e-05 4.5408e-05
387670 281 26526.0 1.2802e-05 4.5416e-05
387670 282 26506.0 1.2791e-05 4.5371e-05
387670 283 26489.0 1.2811e-05 4.5338e-05
387670 284 26508.0 1.2861e-05 4.5384e-05
387670 285 26483.0 1.2697e-05 4.5362e-05
387670 286 26489.0 1.2681e-05 4.5333e-05
387670 287 26464.0 1.2966e-05 4.5329e-05
387670 288 26146.0 1.2569e-05 4.529e-05
387670 289 26395.0 1.2695e-05 4.5272e-05
387670 290 26395.0 1.2892e-05 4.5243e-05
387670 291 26412.0 1.2729e-05 4.521e-05
387670 292 26407.0 1.2883e-05 4.5211e-05
387670 293 26372.0 1.2728e-05 4.5138e-05
387670 294 26344.0 1.287e-05 4.5105e-05
387670 295 26365.0 1.2889e-05 4.5133e-05
387670 296 26360.0 1.2824e-05 4.512e-05
387670 297 26319.0 1.2861e-05 4.5064e-05
387670 298 26310.0 1.2926e-05 4.5044e-05
387670 299 26341.0 1.2944e-05 4.5103e-05
387670 300 26327.0 1.2875e-05 4.5071e-05
387670 301 25912.0 1.2517e-05 4.5016e-05
387670 302 26289.0 1.2808e-05 4.5025e-05
387670 303 26298.0 1.2827e-05 4.5023e-05
387670 304 26281.0 1.2961e-05 4.5001e-05
387670 305 26249.0 1.2829e-05 4.4952e-05
387670 306 26257.0 1.2826e-05 4.4947e-05
387670 307 26234.0 1.2851e-05 4.4936e-05
387670 308 26214.0 1.2841e-05 4.4874e-05
387670 309 26189.0 1.2933e-05 4.4855e-05
387670 310 26186.0 1.2747e-05 4.4835e-05
387670 311 26173.0 1.2856e-05 4.4806e-05
387670 312 26159.0 1.284e-05 4.4788e-05
387670 313 26158.0 1.3021e-05 4.4792e-05
387670 314 25768.0 1.2645e-05 4.4736e-05
387670 315 26127.0 1.2918e-05 4.4738e-05
387670 316 26116.0 1.2921e-05 4.4713e-05
387670 317 26096.0 1.2874e-05 4.4687e-05
387670 318 26088.0 1.2882e-05 4.4668e-05
387670 319 26082.0 1.2941e-05 4.4656e-05
387670 320 26067.0 1.2915e-05 4.4632e-05
387670 321 26050.0 1.2879e-05 4.4602e-05
387670 322 26036.0 1.2984e-05 4.4596e-05
387670 323 26023.0 1.295e-05 4.4566e-05
387670 324 26014.0 1.286e-05 4.4539e-05
387670 325 26013.0 1.2841e-05 4.4542e-05
387670 326 25999.0 1.2934e-05 4.4519e-05
387670 327 25609.0 1.2572e-05 4.4474e-05
387670 328 25982.0 1.2934e-05 4.4486e-05
387670 329 25966.0 1.2847e-05 4.4458e-05
387670 330 25943.0 1.3022e-05 4.446e-05
387670 331 25953.0 1.2984e-05 4.4439e-05
387670 332 25975.0 1.2855e-05 4.4469e-05
387670 333 25923.0 1.3076e-05 4.442e-05
387670 334 25924.0 1.2887e-05 4.4385e-05
387670 335 25910.0 1.2797e-05 4.4359e-05
387670 336 25899.0 1.3013e-05 4.4351e-05
387670 337 25886.0 1.3064e-05 4.4336e-05
387670 338 25876.0 1.2922e-05 4.4312e-05
387670 339 20526.0 9.41e-06 4.403e-05
387670 340 25432.0 1.2557e-05 4.4242e-05
387670 341 25843.0 1.2908e-05 4.425e-05
387670 342 25823.0 1.2979e-05 4.4241e-05
387670 343 25806.0 1.2958e-05 4.4211e-05
387670 344 25799.0 1.3025e-05 4.4196e-05
387670 345 25784.0 1.2964e-05 4.417e-05
387670 346 25772.0 1.3104e-05 4.416e-05
387670 347 25759.0 1.299e-05 4.4134e-05
387670 348 25763.0 1.2998e-05 4.412e-05
387670 349 25735.0 1.3059e-05 4.4101e-05
387670 350 25731.0 1.3051e-05 4.4086e-05
387670 351 25710.0 1.2886e-05 4.4053e-05
387670 352 25715.0 1.2959e-05 4.4047e-05
387670 353 25337.0 1.2744e-05 4.4009e-05
387670 354 25678.0 1.2934e-05 4.4012e-05
387670 355 25686.0 1.2861e-05 4.3984e-05
387670 356 25674.0 1.3064e-05 4.3992e-05
387670 357 25655.0 1.3012e-05 4.3967e-05
387670 358 25651.0 1.3048e-05 4.395e-05
387670 359 25642.0 1.2959e-05 4.3928e-05
387670 360 25630.0 1.3027e-05 4.3912e-05
387670 361 25614.0 1.3009e-05 4.389e-05
387670 362 25607.0 1.3063e-05 4.3874e-05
387670 363 25593.0 1.3026e-05 4.385e-05
387670 364 25578.0 1.2933e-05 4.382e-05
387670 365 19263.0 8.7677e-06 4.3492e-05
387670 366 2.7805 4.7385e-06 4.3134e-05
387670 367 9933.6 5.1963e-06 4.3185e-05
387670 368 25535.0 1.2925e-05 4.3737e-05
387670 369 25476.0 1.2948e-05 4.3717e-05
387670 370 25503.0 1.309e-05 4.3719e-05
387670 371 25489.0 1.3104e-05 4.3696e-05
387670 372 25479.0 1.3079e-05 4.3666e-05
387670 373 25448.0 1.3028e-05 4.3646e-05
387670 374 25452.0 1.3032e-05 4.363e-05
387670 375 25448.0 1.3159e-05 4.3622e-05
387670 376 25439.0 1.2978e-05 4.3591e-05
387670 377 25427.0 1.3102e-05 4.3587e-05
387670 378 25421.0 1.2916e-05 4.3551e-05
387670 379 25406.0 1.3015e-05 4.3551e-05
387670 380 25023.0 1.2855e-05 4.3516e-05
387670 381 25389.0 1.3111e-05 4.3526e-05
387670 382 25387.0 1.3033e-05 4.351e-05
387670 383 25334.0 1.3112e-05 4.3426e-05
387670 384 25288.0 1.3058e-05 4.3375e-05
387670 385 25342.0 1.3121e-05 4.3441e-05
387670 386 25332.0 1.3149e-05 4.3431e-05
387670 387 25294.0 1.3166e-05 4.3371e-05
387670 388 25306.0 1.3047e-05 4.3375e-05
387670 389 25335.0 1.3016e-05 4.3432e-05
387670 390 25335.0 1.3072e-05 4.3424e-05
387670 391 25328.0 1.3133e-05 4.3429e-05
387670 392 25312.0 1.3045e-05 4.3394e-05
387670 393 24942.0 1.2829e-05 4.3349e-05
387670 394 25300.0 1.322e-05 4.3384e-05
387670 395 25294.0 1.3068e-05 4.3361e-05
387670 396 12541.0 5.817e-06 4.2781e-05
387670 397 0.0 0.0 0.0
387670 398 19052.0 8.7936e-06 4.2981e-05
387670 399 25244.0 1.313e-05 4.3293e-05
387670 400 25223.0 1.3005e-05 4.3232e-05
387670 401 25200.0 1.3136e-05 4.3232e-05
387670 402 25215.0 1.2986e-05 4.3224e-05
387670 403 25199.0 1.309e-05 4.3194e-05
387670 404 25169.0 1.3099e-05 4.3148e-05
387670 405 25179.0 1.304e-05 4.3164e-05
387670 406 25180.0 1.3101e-05 4.317e-05
387670 407 24802.0 1.2742e-05 4.3098e-05
387670 408 25143.0 1.3113e-05 4.3105e-05
387670 409 25156.0 1.3109e-05 4.3127e-05
387670 410 25139.0 1.3088e-05 4.3109e-05
387670 411 25089.0 1.319e-05 4.3083e-05
387670 412 25113.0 1.3024e-05 4.3056e-05
387670 413 25076.0 1.3143e-05 4.3059e-05
387670 414 25091.0 1.3227e-05 4.303e-05
387670 415 25068.0 1.3162e-05 4.2983e-05
387670 416 25062.0 1.3106e-05 4.298e-05
387670 417 25063.0 1.3139e-05 4.2979e-05
387670 418 25022.0 1.3109e-05 4.2917e-05
387670 419 24998.0 1.323e-05 4.2894e-05
387670 420 24664.0 1.2955e-05 4.29e-05
387670 421 25021.0 1.319e-05 4.2913e-05
387670 422 24977.0 1.3158e-05 4.284e-05
387670 423 24979.0 1.3042e-05 4.2823e-05
387670 424 24997.0 1.3179e-05 4.2862e-05
387670 425 24981.0 1.307e-05 4.283e-05
387670 426 24910.0 1.3263e-05 4.2812e-05
387670 427 24958.0 1.3187e-05 4.2798e-05
387670 428 24946.0 1.3128e-05 4.2775e-05
387670 429 24917.0 1.3091e-05 4.2717e-05
387670 430 24857.0 1.3151e-05 4.2689e-05
387670 431 24907.0 1.3192e-05 4.2709e-05
387670 432 24886.0 1.326e-05 4.2702e-05
387670 433 24494.0 1.2953e-05 4.2611e-05
387670 434 24855.0 1.3141e-05 4.2619e-05
387670 435 24874.0 1.3105e-05 4.2651e-05
387670 436 24895.0 1.3301e-05 4.2701e-05
387670 437 24846.0 1.3246e-05 4.2607e-05
387670 438 24844.0 1.3232e-05 4.2605e-05
387670 439 24821.0 1.3135e-05 4.2594e-05
387670 440 24808.0 1.3254e-05 4.2574e-05
387670 441 24807.0 1.3192e-05 4.2545e-05
387670 442 24790.0 1.3216e-05 4.2532e-05
387670 443 24791.0 1.3188e-05 4.2514e-05
387670 444 24735.0 1.3298e-05 4.2474e-05
387670 445 24730.0 1.3162e-05 4.2435e-05
387670 446 24398.0 1.2936e-05 4.2436e-05
387670 447 24726.0 1.3241e-05 4.2437e-05
387670 448 24689.0 1.3289e-05 4.2385e-05
387670 449 24663.0 1.3206e-05 4.2376e-05
387670 450 24712.0 1.3227e-05 4.2396e-05
387670 451 24678.0 1.3328e-05 4.2384e-05
387670 452 24667.0 1.3411e-05 4.2365e-05
387670 453 24670.0 1.3321e-05 4.2366e-05
387670 454 24667.0 1.3304e-05 4.2365e-05
387670 455 24650.0 1.3274e-05 4.2326e-05
387670 456 24623.0 1.3293e-05 4.2306e-05
387670 457 24634.0 1.3366e-05 4.2307e-05
387670 458 24613.0 1.3329e-05 4.2277e-05
387670 459 24245.0 1.286e-05 4.2166e-05
387670 460 24577.0 1.3286e-05 4.2204e-05
387670 461 24576.0 1.3277e-05 4.2208e-05
387670 462 24563.0 1.3317e-05 4.2182e-05
387670 463 24535.0 1.3227e-05 4.2126e-05
387670 464 24547.0 1.3298e-05 4.2158e-05
387670 465 24554.0 1.3283e-05 4.2167e-05
387670 466 24541.0 1.3193e-05 4.2131e-05
387670 467 24530.0 1.3364e-05 4.2128e-05
387670 468 24508.0 1.3269e-05 4.2123e-05
387670 469 24515.0 1.3263e-05 4.2112e-05
387670 470 24499.0 1.3248e-05 4.2068e-05
387670 471 24472.0 1.3273e-05 4.2058e-05
387670 472 24146.0 1.2962e-05 4.2002e-05
387670 473 24456.0 1.3389e-05 4.2019e-05
387670 474 24419.0 1.3381e-05 4.1969e-05
387670 475 24437.0 1.3127e-05 4.1951e-05
387670 476 24437.0 1.324e-05 4.196e-05
387670 477 24409.0 1.3182e-05 4.1912e-05
387670 478 24387.0 1.3253e-05 4.1889e-05
387670 479 24412.0 1.3378e-05 4.1931e-05
387670 480 24372.0 1.327e-05 4.1909e-05
387670 481 24385.0 1.337e-05 4.1886e-05
387670 482 24377.0 1.3297e-05 4.1869e-05
387670 483 24362.0 1.3445e-05 4.1887e-05
387670 484 24356.0 1.3298e-05 4.1858e-05
387670 485 23993.0 1.3175e-05 4.1808e-05
387670 486 24339.0 1.3241e-05 4.1804e-05
387670 487 24327.0 1.3354e-05 4.1807e-05
387670 488 24303.0 1.335e-05 4.176e-05
387670 489 24290.0 1.333e-05 4.1725e-05
387670 490 24293.0 1.3481e-05 4.1753e-05
387670 491 24286.0 1.343e-05 4.1737e-05
387670 492 24248.0 1.3334e-05 4.1669e-05
387670 493 24226.0 1.3321e-05 4.1656e-05
387670 494 24243.0 1.3476e-05 4.1699e-05
387670 495 24247.0 1.3391e-05 4.1671e-05
387670 496 24224.0 1.347e-05 4.1638e-05
387670 497 24218.0 1.3379e-05 4.163e-05
387670 498 23888.0 1.3066e-05 4.1613e-05
387670 499 24215.0 1.3334e-05 4.161e-05
387670 500 24196.0 1.3505e-05 4.16e-05
387670 501 24161.0 1.3305e-05 4.1575e-05
387670 502 24175.0 1.3452e-05 4.1572e-05
387670 503 24157.0 1.3348e-05 4.1512e-05
387670 504 24133.0 1.3351e-05 4.1487e-05
387670 505 24148.0 1.349e-05 4.1509e-05
387670 506 24107.0 1.3426e-05 4.1479e-05
387670 507 24081.0 1.3507e-05 4.1427e-05
387670 508 24100.0 1.3503e-05 4.143e-05
387670 509 24113.0 1.3453e-05 4.1457e-05
387670 510 24102.0 1.346e-05 4.1433e-05
387670 511 23742.0 1.3109e-05 4.1381e-05
387670 512 24058.0 1.3281e-05 4.1396e-05
387670 513 24080.0 1.3491e-05 4.1407e-05
387670 514 24068.0 1.3512e-05 4.1377e-05
387670 515 24052.0 1.3369e-05 4.1344e-05
387670 516 24017.0 1.3405e-05 4.134e-05
387670 517 24037.0 1.3418e-05 4.1315e-05
387670 518 21230.0 1.1306e-05 4.1074e-05
387670 519 23857.0 1.3501e-05 4.1268e-05
387670 520 24006.0 1.3397e-05 4.1262e-05
387670 521 23972.0 1.3282e-05 4.1221e-05
387670 522 23959.0 1.3465e-05 4.1199e-05
387670 523 23731.0 1.3319e-05 4.1195e-05
387670 524 23874.0 1.3305e-05 4.1209e-05
387670 525 23959.0 1.3321e-05 4.118e-05
387670 526 23927.0 1.358e-05 4.1191e-05
387670 527 23940.0 1.3566e-05 4.1194e-05
387670 528 23932.0 1.3391e-05 4.1158e-05
387670 529 23922.0 1.3527e-05 4.114e-05
387670 530 23900.0 1.352e-05 4.1126e-05
387670 531 23901.0 1.3443e-05 4.1103e-05
387670 532 23874.0 1.349e-05 4.1087e-05
387670 533 23859.0 1.3285e-05 4.101e-05
387670 534 23845.0 1.3524e-05 4.1048e-05
387670 535 23856.0 1.3446e-05 4.1043e-05
387670 536 23497.0 1.3258e-05 4.0971e-05
387670 537 23804.0 1.3532e-05 4.0975e-05
387670 538 23824.0 1.3472e-05 4.0994e-05
387670 539 23810.0 1.3509e-05 4.099e-05
387670 540 23788.0 1.3533e-05 4.0949e-05
387670 541 23767.0 1.3627e-05 4.095e-05
387670 542 23808.0 1.3387e-05 4.0923e-05
387670 543 23781.0 1.3342e-05 4.0908e-05
387670 544 23751.0 1.3563e-05 4.0904e-05
387670 545 23753.0 1.3422e-05 4.0878e-05
387670 546 23736.0 1.3597e-05 4.0894e-05
387670 547 23695.0 1.3714e-05 4.0875e-05
387670 548 23689.0 1.3642e-05 4.0834e-05
387670 549 23390.0 1.3106e-05 4.0777e-05
387670 550 23682.0 1.3671e-05 4.0837e-05
387670 551 23665.0 1.3476e-05 4.0752e-05
387670 552 23660.0 1.3465e-05 4.0727e-05
387670 553 23680.0 1.3514e-05 4.0758e-05
387670 554 23654.0 1.3552e-05 4.0741e-05
387670 555 23625.0 1.36e-05 4.0718e-05
387670 556 23612.0 1.3509e-05 4.0702e-05
387670 557 23641.0 1.354e-05 4.0712e-05
387670 558 23623.0 1.3494e-05 4.0681e-05
387670 559 23595.0 1.3582e-05 4.0666e-05
387670 560 23603.0 1.3564e-05 4.0666e-05
387670 561 23606.0 1.3431e-05 4.0639e-05
387670 562 23242.0 1.3312e-05 4.0588e-05
387670 563 23550.0 1.3622e-05 4.061e-05
387670 564 23574.0 1.3443e-05 4.0581e-05
387670 565 23540.0 1.3514e-05 4.0568e-05
387670 566 23509.0 1.3524e-05 4.0507e-05
387670 567 23512.0 1.357e-05 4.0515e-05
387670 568 23499.0 1.3629e-05 4.0536e-05
387670 569 23495.0 1.3539e-05 4.0488e-05
387670 570 23470.0 1.3512e-05 4.0447e-05
387670 571 23461.0 1.3632e-05 4.0491e-05
387670 572 23468.0 1.359e-05 4.0483e-05
387670 573 23466.0 1.3543e-05 4.0445e-05
387670 574 23445.0 1.3722e-05 4.0522e-05
387670 575 23097.0 1.3355e-05 4.0345e-05
387670 576 23392.0 1.3565e-05 4.0371e-05
387670 577 23423.0 1.3562e-05 4.0387e-05
387670 578 23377.0 1.3662e-05 4.0401e-05
387670 579 23374.0 1.3598e-05 4.0344e-05
387670 580 23391.0 1.3494e-05 4.0321e-05
387670 581 23391.0 1.3565e-05 4.034e-05
387670 582 23364.0 1.3562e-05 4.0325e-05
387670 583 23353.0 1.3571e-05 4.0294e-05
387670 584 23367.0 1.3477e-05 4.0275e-05
387670 585 23353.0 1.3525e-05 4.0266e-05
387670 586 23317.0 1.354e-05 4.0226e-05
387670 587 23287.0 1.3624e-05 4.022e-05
387670 588 22996.0 1.3336e-05 4.0192e-05
387670 589 23330.0 1.346e-05 4.0192e-05
387670 590 23233.0 1.3643e-05 4.0176e-05
387670 591 23230.0 1.3851e-05 4.0199e-05
387670 592 23247.0 1.3617e-05 4.0181e-05
387670 593 23218.0 1.3707e-05 4.0154e-05
387670 594 23212.0 1.3568e-05 4.01e-05
387670 595 23215.0 1.3751e-05 4.014e-05
387670 596 23213.0 1.377e-05 4.0146e-05
387670 597 23189.0 1.3593e-05 4.01e-05
387670 598 23178.0 1.3657e-05 4.0089e-05
387670 599 23198.0 1.3767e-05 4.012e-05
387670 600 23191.0 1.3593e-05 4.0088e-05
387670 601 22877.0 1.3206e-05 3.9994e-05
387670 602 23174.0 1.3713e-05 4.006e-05
387670 603 23114.0 1.3888e-05 4.0064e-05
387670 604 23120.0 1.3675e-05 3.9984e-05
387670 605 23097.0 1.3721e-05 3.9947e-05
387670 606 23081.0 1.375e-05 3.9954e-05
387670 607 23086.0 1.3694e-05 3.994e-05
387670 608 23047.0 1.3647e-05 3.9891e-05
387670 609 23038.0 1.3736e-05 3.986e-05
387670 610 23069.0 1.3567e-05 3.9894e-05
387670 611 23063.0 1.3688e-05 3.9904e-05
387670 612 23073.0 1.3505e-05 3.9857e-05
387670 613 23055.0 1.361e-05 3.9853e-05
387670 614 22733.0 1.3493e-05 3.9857e-05
387670 615 23042.0 1.3642e-05 3.9849e-05
387670 616 23025.0 1.3718e-05 3.984e-05
387670 617 23006.0 1.3744e-05 3.9828e-05
387670 618 22996.0 1.3577e-05 3.9779e-05
387670 619 22950.0 1.3798e-05 3.9766e-05
387670 620 22945.0 1.3721e-05 3.9718e-05
387670 621 22926.0 1.3843e-05 3.976e-05
387670 622 22954.0 1.3698e-05 3.972e-05
387670 623 22896.0 1.3756e-05 3.9682e-05
387670 624 22889.0 1.374e-05 3.9659e-05
387670 625 22904.0 1.3838e-05 3.9718e-05
387670 626 22929.0 1.3631e-05 3.967e-05
387670 627 22636.0 1.334e-05 3.959e-05
387670 628 22898.0 1.3683e-05 3.9654e-05
387670 629 22884.0 1.3844e-05 3.9692e-05
387670 630 22854.0 1.3777e-05 3.9661e-05
387670 631 22865.0 1.3737e-05 3.9634e-05
387670 632 22842.0 1.3815e-05 3.9629e-05
387670 633 22889.0 1.3672e-05 3.9634e-05
387670 634 22794.0 1.3867e-05 3.9559e-05
387670 635 22784.0 1.3827e-05 3.9529e-05
387670 636 22811.0 1.3663e-05 3.9531e-05
387670 637 22788.0 1.3828e-05 3.9534e-05
387670 638 22762.0 1.3759e-05 3.9473e-05
387670 639 22747.0 1.389e-05 3.9494e-05
387670 640 22496.0 1.3449e-05 3.9462e-05
387670 641 22767.0 1.3756e-05 3.9486e-05
387670 642 22739.0 1.3855e-05 3.9478e-05
387670 643 22748.0 1.3803e-05 3.9468e-05
387670 644 22748.0 1.3739e-05 3.9451e-05
387670 645 22727.0 1.3676e-05 3.941e-05
387670 646 22700.0 1.3872e-05 3.9409e-05
387670 647 22689.0 1.3913e-05 3.9411e-05
387670 648 22706.0 1.369e-05 3.9359e-05
387670 649 22670.0 1.3663e-05 3.9299e-05
387670 650 22658.0 1.3818e-05 3.9318e-05
387670 651 22638.0 1.3904e-05 3.9352e-05
387670 652 22652.0 1.3773e-05 3.9304e-05
387670 653 22362.0 1.3433e-05 3.9215e-05
387670 654 22636.0 1.3823e-05 3.9278e-05
387670 655 22617.0 1.3946e-05 3.9316e-05
387670 656 22619.0 1.3763e-05 3.9256e-05
387670 657 22591.0 1.3788e-05 3.925e-05
387670 658 22615.0 1.3731e-05 3.9235e-05
387670 659 22566.0 1.3857e-05 3.9253e-05
387670 660 22532.0 1.3962e-05 3.924e-05
387670 661 22562.0 1.3808e-05 3.9189e-05
387670 662 22565.0 1.3716e-05 3.9161e-05
387670 663 22510.0 1.3897e-05 3.9171e-05
387670 664 22511.0 1.3778e-05 3.9092e-05
387670 665 22237.0 1.3441e-05 3.9038e-05
387670 666 22526.0 1.3797e-05 3.9095e-05
387670 667 22508.0 1.3792e-05 3.9061e-05
387670 668 22467.0 1.3749e-05 3.9028e-05
387670 669 22431.0 1.3727e-05 3.9093e-05
387670 670 22412.0 1.3737e-05 3.9047e-05
387670 671 22374.0 1.379e-05 3.9041e-05
387670 672 22360.0 1.3854e-05 3.9028e-05
387670 673 22353.0 1.3803e-05 3.9035e-05
387670 674 22317.0 1.388e-05 3.9045e-05
387670 675 22317.0 1.3831e-05 3.8981e-05
387670 676 22271.0 1.3962e-05 3.9003e-05
387670 677 22298.0 1.3847e-05 3.8967e-05
387670 678 22029.0 1.3463e-05 3.8873e-05
387670 679 22254.0 1.3806e-05 3.8889e-05
387670 680 22225.0 1.4034e-05 3.8934e-05
387670 681 22264.0 1.3825e-05 3.8903e-05
387670 682 22202.0 1.3957e-05 3.8882e-05
387670 683 22255.0 1.3754e-05 3.8806e-05
387670 684 22236.0 1.3819e-05 3.8874e-05
387670 685 22206.0 1.3886e-05 3.8879e-05
387670 686 22221.0 1.3805e-05 3.883e-05
387670 687 22189.0 1.3906e-05 3.8839e-05
387670 688 22165.0 1.4075e-05 3.8857e-05
387670 689 22175.0 1.3864e-05 3.8814e-05
387670 690 22160.0 1.3866e-05 3.8788e-05
387670 691 21916.0 1.3525e-05 3.8705e-05
387670 692 22162.0 1.3767e-05 3.8739e-05
387670 693 22072.0 1.393e-05 3.8725e-05
387670 694 22098.0 1.3934e-05 3.8683e-05
387670 695 22101.0 1.3907e-05 3.8715e-05
387670 696 22112.0 1.3867e-05 3.87e-05
387670 697 22078.0 1.3899e-05 3.8647e-05
387670 698 22046.0 1.3869e-05 3.8644e-05
387670 699 22060.0 1.3869e-05 3.8676e-05
387670 700 22046.0 1.403e-05 3.8677e-05
387670 701 22052.0 1.3851e-05 3.8628e-05
387670 702 22027.0 1.4053e-05 3.8654e-05
387670 703 22066.0 1.3855e-05 3.8609e-05
387670 704 21775.0 1.3637e-05 3.8541e-05
387670 705 21980.0 1.4105e-05 3.8601e-05
387670 706 22019.0 1.3876e-05 3.8553e-05
387670 707 21999.0 1.3914e-05 3.8538e-05
387670 708 21940.0 1.3997e-05 3.8515e-05
387670 709 21942.0 1.394e-05 3.8486e-05
387670 710 21946.0 1.4002e-05 3.8511e-05
387670 711 21898.0 1.4116e-05 3.8532e-05
387670 712 21882.0 1.4041e-05 3.8469e-05
387670 713 21908.0 1.3976e-05 3.8442e-05
387670 714 21882.0 1.41e-05 3.8498e-05
387670 715 21911.0 1.3935e-05 3.8436e-05
387670 716 21912.0 1.3958e-05 3.8418e-05
387670 717 16178.0 8.8295e-06 3.7885e-05
387670 718 2.1153 4.2107e-06 3.7491e-05
387670 719 2.2136 4.2082e-06 3.7461e-05
387670 720 13073.0 6.8232e-06 3.7676e-05
387670 721 21892.0 1.376e-05 3.8322e-05
387670 722 21816.0 1.4022e-05 3.8361e-05
387670 723 21756.0 1.4148e-05 3.8322e-05
387670 724 21788.0 1.4093e-05 3.8317e-05
387670 725 21807.0 1.4007e-05 3.8307e-05
387670 726 21774.0 1.3969e-05 3.8276e-05
387670 727 21818.0 1.3822e-05 3.822e-05
387670 728 21782.0 1.3945e-05 3.8264e-05
387670 729 21797.0 1.3903e-05 3.8244e-05
387670 730 5315.4 4.2752e-06 3.7317e-05
387670 731 0.0 0.0 0.0
387670 732 0.0 0.0 0.0
387670 733 0.0 0.0 0.0
387670 734 0.0 0.0 0.0
387670 735 0.0 0.0 0.0
387670 736 0.0 0.0 0.0
387670 737 0.0 0.0 0.0
387670 738 0.0 0.0 0.0
387670 739 0.0 0.0 0.0
387516 1 115.0 0.0001419 0.00017617
387516 2 336.04 8.2564e-05 6.2968e-05
387516 3 0.15579 1.5057e-06 2.4054e-05
387516 4 0.0 0.0 0.0
387516 5 541.27 3.7427e-05 3.3628e-05
387516 6 104.46 0.00015061 0.00020577
387516 7 103.16 0.00014834 0.00020252
387516 8 104.63 0.00015105 0.00020635
387516 9 104.89 0.00015149 0.00020701
387516 10 104.25 0.00015041 0.00020544
387516 11 596.18 5.3959e-05 4.0596e-05
387516 12 0.0 0.0 0.0
387515 7 179.37 4.9402e-06 2.6649e-05
387515 8 268.5 0.00010809 9.1143e-05
387515 9 202.73 0.00012807 0.00012179
387515 10 209.08 0.00012533 0.00011744
387515 11 236.08 0.00011739 0.00010463
387515 12 208.47 0.00012457 0.00011673
387515 13 208.46 0.0001247 0.00011685
387515 14 272.91 0.00010807 9.1105e-05
387515 15 221.96 0.00012064 0.00011007
387515 16 194.88 0.00012983 0.00012543
387515 17 214.56 0.00012216 0.00011291
387515 18 194.94 0.0001298 0.0001254
387515 19 201.8 0.0001279 0.00012163
387515 20 214.53 0.00012222 0.00011297
387515 21 207.78 0.00012466 0.00011682
387515 22 194.62 0.00013001 0.0001256
387515 23 221.12 0.00012028 0.00010975
387515 24 193.94 0.00012917 0.00012478
387515 25 186.82 0.00013116 0.00012886
387515 26 172.52 0.00013533 0.00013806
387515 27 243.93 0.00011299 9.8638e-05
387515 28 200.86 0.00012739 0.00012114
387515 29 207.22 0.0001245 0.00011666
387515 30 199.78 0.00012564 0.00011946
387515 31 165.4 0.00013732 0.00014308
387515 32 172.33 0.00013515 0.00013788
387515 33 158.06 0.00013928 0.00014847
387515 34 199.81 0.00012623 0.00012002
387515 35 206.01 0.00012291 0.00011519
387515 36 158.64 0.00013875 0.00014789
387515 37 151.51 0.00014112 0.00015418
387515 38 151.26 0.00014072 0.00015372
387515 39 151.04 0.00014059 0.00015361
387515 40 197.79 0.00012633 0.00012013
387515 41 151.52 0.00014151 0.00015464
387515 42 151.14 0.00014085 0.00015391
387515 43 151.07 0.00014118 0.00015428
387515 44 144.02 0.00014346 0.00016109
387515 45 150.36 0.00013976 0.00015267
387515 46 143.65 0.00014289 0.00016042
387515 47 136.56 0.00014533 0.0001681
387515 48 143.76 0.00014327 0.00016087
387515 49 143.98 0.00014337 0.00016099
387515 50 143.97 0.00014337 0.00016096
387515 51 144.06 0.00014364 0.0001613
387515 52 143.71 0.00014305 0.00016062
387515 53 201.31 0.00012199 0.00011433
387515 54 149.47 0.00013996 0.00015289
387515 55 142.92 0.0001432 0.0001608
387515 56 149.62 0.00014035 0.00015336
387515 57 163.36 0.00013546 0.00014114
387515 58 155.89 0.00013713 0.00014615
387515 59 197.75 0.00012514 0.000119
387515 60 162.71 0.00013484 0.00014048
387515 61 142.26 0.0001426 0.00016012
387515 62 190.42 0.00012693 0.00012263
387515 63 148.99 0.00013984 0.00015281
387515 64 135.34 0.00014511 0.00016789
387515 65 155.49 0.00013683 0.00014583
387515 66 180.5 0.00012848 0.00012624
387515 67 155.1 0.00013645 0.00014541
387515 68 135.19 0.00014496 0.00016769
387515 69 141.71 0.00014154 0.00015888
387515 70 148.44 0.00013903 0.00015191
387515 71 135.26 0.00014521 0.00016805
387515 72 183.11 0.00012868 0.00012643
387515 73 135.18 0.00014507 0.00016786
387515 74 128.12 0.0001475 0.00017645
387515 75 175.87 0.00012994 0.00013
387515 76 154.65 0.0001358 0.00014472
387515 77 147.65 0.00013823 0.00015101
387515 78 147.99 0.00013887 0.00015175
387515 79 199.61 0.00012183 0.00011416
387515 80 148.02 0.00013893 0.00015181
387515 81 154.79 0.00013642 0.00014541
387515 82 134.34 0.00014391 0.0001665
387515 83 134.2 0.0001439 0.0001665
387515 84 127.43 0.0001467 0.00017548
387515 85 134.5 0.00014454 0.00016727
387515 86 133.47 0.00014266 0.00016499
387515 87 120.52 0.0001491 0.00018518
387515 88 133.92 0.00014343 0.00016594
387515 89 133.98 0.00014359 0.00016612
387515 90 133.75 0.00014319 0.00016565
387515 91 133.6 0.00014303 0.00016545
387515 92 151.61 0.0001354 0.00014432
387515 93 127.43 0.00014689 0.00017575
387515 94 120.62 0.00014935 0.00018553
387515 95 133.07 0.00014216 0.00016442
387515 96 133.88 0.00014381 0.00016643
387515 97 631.83 4.8075e-05 3.8573e-05
387515 98 0.16086 1.5837e-06 2.5048e-05
387515 99 341.4 1.7605e-05 2.8504e-05
387515 100 120.55 0.00014954 0.00018577
387515 101 133.74 0.00014381 0.00016643
387515 102 119.96 0.00014845 0.00018438
387515 103 120.09 0.00014874 0.00018476
387515 104 120.3 0.00014895 0.00018502
387515 105 119.71 0.00014808 0.00018391
387515 106 130.79 0.00014213 0.00016443
387515 107 132.81 0.0001423 0.00016464
387515 108 120.37 0.00014943 0.00018567
387515 109 119.98 0.00014866 0.00018469
387515 110 132.64 0.0001421 0.00016438
387515 111 120.36 0.00014944 0.00018571
387515 112 119.22 0.00014742 0.00018309
387515 113 120.25 0.00014911 0.00018527
387515 114 132.85 0.00014248 0.00016487
387515 115 119.21 0.00014763 0.00018339
387515 116 132.31 0.00014172 0.00016395
387515 117 126.04 0.00014506 0.00017354
387515 118 118.94 0.00014712 0.00018271
387515 119 117.15 0.00014704 0.0001826
387515 120 112.98 0.00015089 0.00019574
387515 121 118.39 0.00014619 0.00018149
387515 122 125.67 0.00014465 0.00017306
387515 123 119.85 0.00014877 0.00018486
387515 124 119.26 0.00014743 0.00018308
387515 125 118.27 0.00014595 0.00018121
387515 126 132.05 0.00014178 0.00016404
387515 127 125.47 0.00014427 0.00017259
387515 128 118.84 0.0001472 0.00018285
387515 129 118.6 0.00014653 0.00018199
387515 130 105.58 0.00015177 0.00020721
387515 131 118.98 0.00014734 0.00018301
387515 132 129.46 0.00014053 0.00016255
387515 133 118.16 0.00014589 0.00018115
387515 134 118.02 0.00014572 0.00018094
387515 135 119.17 0.00014779 0.00018361
387515 136 118.98 0.00014756 0.00018335
387515 137 118.05 0.00014568 0.00018088
387515 138 119.3 0.00014808 0.00018399
387515 139 119.07 0.00014783 0.0001837
387515 140 118.82 0.00014723 0.00018289
387515 141 118.38 0.00014646 0.0001819
387515 142 112.64 0.00015061 0.0001954
387515 143 118.08 0.00014596 0.00018127
387515 144 118.5 0.00014678 0.00018232
387515 145 117.05 0.00014724 0.00018292
387515 146 105.47 0.00015176 0.0002072
387515 147 118.56 0.00014701 0.00018267
387515 148 131.26 0.00014076 0.00016285
387515 149 105.21 0.00015126 0.00020649
387515 150 118.71 0.00014745 0.00018323
387515 151 117.72 0.00014562 0.00018086
387515 152 104.82 0.00015082 0.00020592
387515 153 118.16 0.00014661 0.00018219
387515 154 104.97 0.00015101 0.00020618
387515 155 118.54 0.00014726 0.00018299
387515 156 105.01 0.00015121 0.00020645
387515 157 105.05 0.00015114 0.00020642
387515 158 115.07 0.00014415 0.00017897
387515 159 111.38 0.0001488 0.00019306
387515 160 105.45 0.00015191 0.00020749
387515 161 104.57 0.00015034 0.00020523
387515 162 117.64 0.00014571 0.00018102
387515 163 105.36 0.0001518 0.00020731
387515 164 117.41 0.00014529 0.00018047
387515 165 118.32 0.00014696 0.00018261
387515 166 104.55 0.00015025 0.00020515
387515 167 105.56 0.00015204 0.00020763
387515 168 104.57 0.00015033 0.00020524
387515 169 110.82 0.000148 0.00019199
387515 170 109.0 0.00014757 0.00019143
387515 171 105.31 0.00015179 0.00020736
387515 172 117.53 0.00014578 0.00018114
387515 173 104.56 0.00015053 0.00020558
387515 174 105.49 0.00015211 0.00020782
387515 175 104.14 0.00014983 0.00020459
387515 176 102.18 2.2696e-06 2.4338e-05
387590 19 13755.0 9.5039e-06 0.00011729
387590 20 36189.0 1.1654e-05 0.00011731
387590 21 36053.0 1.1596e-05 0.00011696
387590 22 36079.0 1.1576e-05 0.00011669
387590 23 36012.0 1.1576e-05 0.00011645
387590 24 35908.0 1.1461e-05 0.00011612
387590 25 35807.0 1.1493e-05 0.00011575
387590 26 35628.0 1.1353e-05 0.00011515
387590 27 34931.0 1.1137e-05 0.00011449
387590 28 35271.0 1.1248e-05 0.00011393
387590 29 35121.0 1.1121e-05 0.00011343
387590 30 34701.0 1.103e-05 0.00011289
387590 31 34589.0 1.1021e-05 0.00011238
387590 32 34437.0 1.0932e-05 0.00011186
387590 33 34270.0 1.087e-05 0.00011129
387590 34 34128.0 1.0826e-05 0.0001108
387590 35 33976.0 1.0773e-05 0.00011029
387590 36 33866.0 1.0753e-05 0.00010991
387590 37 33762.0 1.0754e-05 0.00010957
387590 38 33678.0 1.0641e-05 0.00010932
387590 39 33632.0 1.067e-05 0.00010912
387590 40 33092.0 1.0516e-05 0.00010893
387590 41 33513.0 1.067e-05 0.00010872
387590 42 33434.0 1.0684e-05 0.00010852
387590 43 33411.0 1.0622e-05 0.00010835
387590 44 33343.0 1.0571e-05 0.00010814
387590 45 33286.0 1.0584e-05 0.00010794
387590 46 33236.0 1.0604e-05 0.00010779
387590 47 33155.0 1.0538e-05 0.00010758
387590 48 33119.0 1.057e-05 0.00010737
387590 49 33067.0 1.0565e-05 0.00010719
387590 50 32996.0 1.0532e-05 0.00010696
387590 51 32924.0 1.0567e-05 0.00010672
387590 52 32866.0 1.0572e-05 0.00010652
387590 53 32342.0 1.034e-05 0.00010633
387590 54 32754.0 1.0512e-05 0.00010618
387590 55 32705.0 1.0576e-05 0.00010601
387590 56 32657.0 1.049e-05 0.00010582
387590 57 32612.0 1.0526e-05 0.00010566
387590 58 32566.0 1.0555e-05 0.00010552
387590 59 32499.0 1.0465e-05 0.00010533
387590 60 30826.0 9.8726e-06 0.00010512
387590 61 32404.0 1.0456e-05 0.00010497
387590 62 32347.0 1.0552e-05 0.00010479
387590 63 32317.0 1.0496e-05 0.00010466
387590 64 32251.0 1.0447e-05 0.00010451
387590 65 32217.0 1.0495e-05 0.00010436
387590 66 31695.0 1.0266e-05 0.00010423
387590 67 32145.0 1.052e-05 0.00010413
387590 68 32112.0 1.047e-05 0.00010401
387590 69 32094.0 1.0472e-05 0.00010391
387590 70 32055.0 1.0388e-05 0.00010379
387590 71 32015.0 1.0453e-05 0.00010366
387590 72 31972.0 1.0417e-05 0.00010354
387590 73 31920.0 1.0493e-05 0.00010337
387590 74 31894.0 1.0483e-05 0.00010325
387590 75 31851.0 1.0485e-05 0.00010313
387590 76 31817.0 1.0419e-05 0.000103
387590 77 31778.0 1.0447e-05 0.00010287
387590 78 31727.0 1.0487e-05 0.00010272
387590 79 31226.0 1.0316e-05 0.00010256
387590 80 31632.0 1.0405e-05 0.00010242
387590 81 31586.0 1.0494e-05 0.00010233
387590 82 31571.0 1.0441e-05 0.00010221
387590 83 31539.0 1.0348e-05 0.00010209
387590 84 31499.0 1.0403e-05 0.00010194
387590 85 31449.0 1.0479e-05 0.00010184
387590 86 31429.0 1.04e-05 0.00010173
387590 87 31400.0 1.0516e-05 0.00010163
387590 88 31358.0 1.0415e-05 0.00010149
387590 89 31331.0 1.0431e-05 0.00010138
387590 90 31290.0 1.0409e-05 0.00010127
387590 91 31247.0 1.0478e-05 0.00010116
387590 92 30728.0 1.0236e-05 0.00010103
387590 93 31162.0 1.0455e-05 0.0001009
387590 94 31157.0 1.0458e-05 0.00010081
387590 95 31132.0 1.0412e-05 0.00010071
387590 96 31090.0 1.0348e-05 0.00010059
387590 97 31058.0 1.0441e-05 0.00010049
387590 98 31017.0 1.0482e-05 0.00010037
387590 99 30981.0 1.0425e-05 0.00010023
387590 100 30960.0 1.0367e-05 0.00010015
387590 101 30920.0 1.0425e-05 0.00010004
387590 102 30863.0 1.038e-05 9.9915e-05
387590 103 30854.0 1.0492e-05 9.982e-05
387590 104 30828.0 1.0422e-05 9.9723e-05
387590 105 30353.0 1.029e-05 9.9586e-05
387590 106 30756.0 1.0392e-05 9.949e-05
387590 107 30706.0 1.0423e-05 9.9337e-05
387590 108 30648.0 1.0374e-05 9.9164e-05
387590 109 30634.0 1.0533e-05 9.9092e-05
387590 110 30537.0 1.0405e-05 9.8938e-05
387590 111 30542.0 1.0475e-05 9.8788e-05
387590 112 30248.0 1.0508e-05 9.8698e-05
387590 113 30203.0 1.0333e-05 9.8545e-05
387590 114 30174.0 1.0442e-05 9.8432e-05
387590 115 30138.0 1.0502e-05 9.8333e-05
387590 116 30091.0 1.0443e-05 9.8175e-05
387590 117 30089.0 1.0385e-05 9.8132e-05
387590 118 29619.0 1.0269e-05 9.7998e-05
387590 119 29959.0 1.0455e-05 9.789e-05
387590 120 29989.0 1.0449e-05 9.781e-05
387590 121 29955.0 1.044e-05 9.768e-05
387590 122 29922.0 1.05e-05 9.7577e-05
387590 123 29894.0 1.043e-05 9.7517e-05
387590 124 29875.0 1.048e-05 9.7427e-05
387590 125 29843.0 1.0436e-05 9.7299e-05
387590 126 29823.0 1.0481e-05 9.7239e-05
387590 127 29786.0 1.0354e-05 9.7122e-05
387590 128 29767.0 1.0459e-05 9.7042e-05
387590 129 29738.0 1.0451e-05 9.6968e-05
387590 130 29712.0 1.048e-05 9.6857e-05
387590 131 29238.0 1.0239e-05 9.6712e-05
387590 132 29648.0 1.0493e-05 9.6656e-05
387590 133 29614.0 1.05e-05 9.6542e-05
387590 134 29583.0 1.052e-05 9.6443e-05
387590 135 29556.0 1.0476e-05 9.6336e-05
387590 136 29535.0 1.0559e-05 9.626e-05
387590 137 29482.0 1.048e-05 9.618e-05
387590 138 29463.0 1.052e-05 9.61e-05
387590 139 29473.0 1.0427e-05 9.6046e-05
387590 140 29456.0 1.0457e-05 9.5993e-05
387590 141 29423.0 1.0596e-05 9.5905e-05
387590 142 29401.0 1.0496e-05 9.5819e-05
387590 143 29384.0 1.055e-05 9.5771e-05
387590 144 28937.0 1.0266e-05 9.5664e-05
387590 145 29340.0 1.0528e-05 9.562e-05
387590 146 29325.0 1.0537e-05 9.5547e-05
387590 147 29278.0 1.0513e-05 9.5411e-05
387590 148 29262.0 1.0497e-05 9.534e-05
387590 149 29211.0 1.049e-05 9.5241e-05
387590 150 22299.0 7.6514e-06 9.4893e-05
387590 151 29164.0 1.0521e-05 9.5047e-05
387590 152 29133.0 1.0502e-05 9.491e-05
387590 153 29095.0 1.0525e-05 9.4804e-05
387590 154 29092.0 1.0467e-05 9.4782e-05
387590 155 29063.0 1.0609e-05 9.4684e-05
387590 156 29026.0 1.0411e-05 9.4562e-05
387590 157 28574.0 1.0284e-05 9.4455e-05
387590 158 28965.0 1.0505e-05 9.434e-05
387590 159 28940.0 1.0505e-05 9.4272e-05
387590 160 28915.0 1.0489e-05 9.4175e-05
387590 161 28809.0 1.0466e-05 9.4036e-05
387590 162 28849.0 1.0548e-05 9.3976e-05
387590 163 28801.0 1.0627e-05 9.3901e-05
387590 164 28794.0 1.0563e-05 9.3782e-05
387590 165 28781.0 1.0545e-05 9.3726e-05
387590 166 28754.0 1.064e-05 9.3638e-05
387590 167 28722.0 1.0541e-05 9.3511e-05
387590 168 28687.0 1.0666e-05 9.3429e-05
387590 169 28658.0 1.056e-05 9.3314e-05
387590 170 28183.0 1.04e-05 9.3198e-05
387590 171 28605.0 1.058e-05 9.3158e-05
387590 172 28562.0 1.0507e-05 9.2996e-05
387590 173 28526.0 1.0565e-05 9.2911e-05
387590 174 28505.0 1.0563e-05 9.2879e-05
387590 175 28486.0 1.0623e-05 9.2797e-05
387590 176 28475.0 1.0551e-05 9.2691e-05
387590 177 28452.0 1.0624e-05 9.2606e-05
387590 178 28409.0 1.0637e-05 9.2469e-05
387590 179 28391.0 1.0681e-05 9.2402e-05
387590 180 28369.0 1.0726e-05 9.2344e-05
387590 181 28336.0 1.0654e-05 9.2272e-05
387590 182 28311.0 1.0546e-05 9.2179e-05
387590 183 27880.0 1.0477e-05 9.2057e-05
387590 184 28273.0 1.0455e-05 9.1994e-05
387590 185 28248.0 1.0652e-05 9.1926e-05
387590 186 28207.0 1.0652e-05 9.1844e-05
387590 187 28204.0 1.0588e-05 9.1773e-05
387590 188 28177.0 1.0667e-05 9.1709e-05
387590 189 28188.0 1.0649e-05 9.1799e-05
387590 190 28087.0 1.053e-05 9.1423e-05
387590 191 28140.0 1.0663e-05 9.158e-05
387590 192 28086.0 1.0592e-05 9.1403e-05
387590 193 28059.0 1.0609e-05 9.1302e-05
387590 194 28009.0 1.0746e-05 9.1145e-05
387590 195 27597.0 1.0436e-05 9.1061e-05
387590 196 27956.0 1.0657e-05 9.0987e-05
387590 197 27948.0 1.0599e-05 9.0914e-05
387590 198 27925.0 1.0719e-05 9.0836e-05
387590 199 27872.0 1.0707e-05 9.078e-05
387590 200 27873.0 1.068e-05 9.0666e-05
387590 201 27837.0 1.0675e-05 9.0597e-05
387590 202 27829.0 1.0692e-05 9.0563e-05
387590 203 27813.0 1.0657e-05 9.0472e-05
387590 204 27789.0 1.0751e-05 9.0416e-05
387590 205 27778.0 1.0612e-05 9.0338e-05
387590 206 27738.0 1.08e-05 9.0235e-05
387590 207 27715.0 1.0588e-05 9.0134e-05
387590 208 27268.0 1.0425e-05 9.0056e-05
387590 209 27697.0 1.077e-05 9.0116e-05
387590 210 27647.0 1.0787e-05 8.991e-05
387590 211 27616.0 1.0744e-05 8.9797e-05
387590 212 27592.0 1.0838e-05 8.9727e-05
387590 213 27599.0 1.0606e-05 8.9745e-05
387590 214 27560.0 1.0727e-05 8.9673e-05
387590 215 27522.0 1.0742e-05 8.9494e-05
387590 216 10825.0 5.5041e-06 8.8941e-05
387590 217 3052.5 5.4671e-06 8.8841e-05
387590 218 27441.0 1.0802e-05 8.9222e-05
387590 219 27408.0 1.0724e-05 8.912e-05
387590 220 27386.0 1.0865e-05 8.9042e-05
387590 221 27345.0 1.0722e-05 8.8943e-05
387590 222 26969.0 1.0557e-05 8.8947e-05
387590 223 27290.0 1.0752e-05 8.8726e-05
387590 224 27279.0 1.0775e-05 8.8691e-05
387590 225 27260.0 1.0754e-05 8.8616e-05
387590 226 27198.0 1.0744e-05 8.853e-05
387590 227 27238.0 1.0899e-05 8.8547e-05
387590 228 27221.0 1.0747e-05 8.8535e-05
387590 229 27094.0 1.0877e-05 8.8059e-05
387590 230 27095.0 1.0768e-05 8.8082e-05
387590 231 27095.0 1.0825e-05 8.8061e-05
387590 232 27067.0 1.0811e-05 8.7989e-05
387590 233 27046.0 1.0914e-05 8.7893e-05
387590 234 27000.0 1.0894e-05 8.7801e-05
387590 235 26621.0 1.0473e-05 8.7783e-05
387590 236 27001.0 1.0765e-05 8.7763e-05
387590 237 27042.0 1.0878e-05 8.7885e-05
387590 238 26981.0 1.0888e-05 8.7703e-05
387590 239 27098.0 1.0855e-05 8.8095e-05
387590 240 26937.0 1.0846e-05 8.7611e-05
387590 241 26937.0 1.0824e-05 8.7554e-05
387590 242 26918.0 1.0908e-05 8.7491e-05
387590 243 26867.0 1.0891e-05 8.7311e-05
387590 244 26764.0 1.0888e-05 8.6963e-05
387590 245 26782.0 1.0849e-05 8.7038e-05
387590 246 26935.0 1.0867e-05 8.7532e-05
387590 247 26991.0 1.0831e-05 8.7718e-05
387590 248 26328.0 1.0672e-05 8.6772e-05
387590 249 26664.0 1.0907e-05 8.6652e-05
387590 250 26620.0 1.0948e-05 8.653e-05
387590 251 26609.0 1.0947e-05 8.6459e-05
387590 252 26601.0 1.1011e-05 8.6421e-05
387590 253 26574.0 1.0947e-05 8.6351e-05
387590 254 26326.0 1.0892e-05 8.6107e-05
387590 255 26226.0 1.089e-05 8.579e-05
387590 256 26302.0 1.0933e-05 8.6058e-05
387590 257 26513.0 1.0962e-05 8.677e-05
387590 258 26519.0 1.0917e-05 8.6817e-05
387590 259 26301.0 1.0844e-05 8.6008e-05
387590 260 26271.0 1.089e-05 8.5952e-05
387590 261 25878.0 1.0711e-05 8.5852e-05
387590 262 26228.0 1.0931e-05 8.5795e-05
387590 263 26228.0 1.0956e-05 8.5808e-05
387590 264 26219.0 1.0925e-05 8.5749e-05
387590 265 26186.0 1.0901e-05 8.5669e-05
387590 266 26167.0 1.0911e-05 8.5593e-05
387590 267 25577.0 1.0634e-05 8.5563e-05
387590 268 13089.0 5.546e-06 8.5104e-05
387590 269 26134.0 1.0939e-05 8.5468e-05
387590 270 26066.0 1.0987e-05 8.5395e-05
387590 271 26078.0 1.0863e-05 8.538e-05
387590 272 26075.0 1.1e-05 8.5328e-05
387590 273 26068.0 1.0997e-05 8.5267e-05
387590 274 25670.0 1.0694e-05 8.514e-05
387590 275 26014.0 1.0943e-05 8.5133e-05
387590 276 26001.0 1.1016e-05 8.51e-05
387590 277 26007.0 1.1041e-05 8.5042e-05
387590 278 25966.0 1.0995e-05 8.4938e-05
387590 279 25975.0 1.0983e-05 8.4907e-05
387590 280 25960.0 1.094e-05 8.4884e-05
387590 281 25918.0 1.105e-05 8.4813e-05
387590 282 25883.0 1.0999e-05 8.4705e-05
387590 283 25894.0 1.1038e-05 8.4673e-05
387590 284 25892.0 1.1022e-05 8.4666e-05
387590 285 25880.0 1.094e-05 8.459e-05
387590 286 25849.0 1.0984e-05 8.4501e-05
387590 287 25441.0 1.0788e-05 8.4413e-05
387590 288 25743.0 1.1078e-05 8.4128e-05
387590 289 25710.0 1.0957e-05 8.4085e-05
387590 290 25801.0 1.1026e-05 8.4445e-05
387590 291 25953.0 1.1007e-05 8.4901e-05
387590 292 25822.0 1.1032e-05 8.4539e-05
387590 293 25658.0 1.1078e-05 8.3852e-05
387590 294 25626.0 1.1088e-05 8.3798e-05
387590 295 25612.0 1.1136e-05 8.371e-05
387590 296 25589.0 1.1049e-05 8.3622e-05
387590 297 25550.0 1.1095e-05 8.3607e-05
387590 298 25459.0 1.1137e-05 8.3181e-05
387590 299 25330.0 1.093e-05 8.3185e-05
387590 300 25199.0 1.0822e-05 8.3616e-05
387590 301 25709.0 1.1041e-05 8.4018e-05
387590 302 25513.0 1.1132e-05 8.3387e-05
387590 303 25429.0 1.1207e-05 8.3101e-05
387590 304 25366.0 1.1212e-05 8.3067e-05
387590 305 25417.0 1.1204e-05 8.3038e-05
387590 306 25397.0 1.1188e-05 8.2974e-05
387590 307 25382.0 1.117e-05 8.2918e-05
387590 308 24963.0 1.1224e-05 8.1501e-05
387590 309 23767.0 1.1486e-05 7.7606e-05
387590 310 24251.0 1.1445e-05 7.9133e-05
387590 311 23084.0 1.1816e-05 7.5241e-05
387590 312 24287.0 1.151e-05 7.9281e-05
387590 313 24874.0 1.1031e-05 8.2515e-05
387590 314 25372.0 1.1099e-05 8.2912e-05
387590 315 25430.0 1.1092e-05 8.319e-05
387590 316 25356.0 1.1092e-05 8.3094e-05
387590 317 25440.0 1.1222e-05 8.3166e-05
387590 318 25356.0 1.121e-05 8.2866e-05
387590 319 25284.0 1.1158e-05 8.2605e-05
387590 320 25270.0 1.1117e-05 8.2541e-05
387590 321 25243.0 1.1278e-05 8.2476e-05
387590 322 25211.0 1.1115e-05 8.2379e-05
387590 323 25203.0 1.1231e-05 8.2329e-05
387590 324 25193.0 1.1253e-05 8.2285e-05
387590 325 25165.0 1.132e-05 8.2225e-05
387590 326 24786.0 1.0889e-05 8.2123e-05
387590 327 25148.0 1.1189e-05 8.2146e-05
387590 328 25133.0 1.1217e-05 8.2094e-05
387590 329 25105.0 1.1374e-05 8.2004e-05
387590 330 25157.0 1.1244e-05 8.218e-05
387590 331 25070.0 1.131e-05 8.2046e-05
387590 332 25017.0 1.1294e-05 8.1712e-05
387590 333 24985.0 1.1258e-05 8.1608e-05
387590 334 24973.0 1.1276e-05 8.1549e-05
387590 335 24953.0 1.1267e-05 8.15e-05
387590 336 24938.0 1.1268e-05 8.1447e-05
387590 337 24927.0 1.124e-05 8.14e-05
387590 338 24898.0 1.1198e-05 8.1352e-05
387590 339 24538.0 1.1001e-05 8.1285e-05
387590 340 24973.0 1.1381e-05 8.1572e-05
387590 341 24897.0 1.1305e-05 8.1302e-05
387590 342 24856.0 1.1246e-05 8.1149e-05
387590 343 24795.0 1.1379e-05 8.103e-05
387590 344 24892.0 1.1374e-05 8.1301e-05
387590 345 24842.0 1.1442e-05 8.1128e-05
387590 346 24789.0 1.1295e-05 8.0929e-05
387590 347 24751.0 1.1241e-05 8.0799e-05
387590 348 24802.0 1.1407e-05 8.0998e-05
387590 349 24779.0 1.1359e-05 8.0907e-05
387590 350 24700.0 1.1295e-05 8.0697e-05
387590 351 24685.0 1.1465e-05 8.0589e-05
387590 352 24342.0 1.1054e-05 8.0661e-05
387590 353 24712.0 1.1328e-05 8.069e-05
387590 354 18749.0 7.7184e-06 8.0206e-05
387590 355 24596.0 1.1398e-05 8.0364e-05
387590 356 24620.0 1.1403e-05 8.0384e-05
387590 357 24650.0 1.1431e-05 8.0476e-05
387590 358 24528.0 1.1462e-05 8.023e-05
387590 359 24548.0 1.1455e-05 8.0145e-05
387590 360 24539.0 1.1448e-05 8.0103e-05
387590 361 24576.0 1.1476e-05 8.0234e-05
387590 362 24518.0 1.14e-05 8.0026e-05
387590 363 24467.0 1.146e-05 7.9932e-05
387590 364 24445.0 1.1587e-05 7.9822e-05
387590 365 24157.0 1.1196e-05 7.9978e-05
387590 366 24439.0 1.1433e-05 7.9764e-05
387590 367 24370.0 1.1467e-05 7.9538e-05
387590 368 24367.0 1.1417e-05 7.951e-05
387590 369 24345.0 1.1472e-05 7.9482e-05
387590 370 24341.0 1.1558e-05 7.9439e-05
387590 371 24306.0 1.1392e-05 7.9323e-05
387590 372 24269.0 1.1288e-05 7.9276e-05
387590 373 24265.0 1.1534e-05 7.9202e-05
387590 374 24329.0 1.1536e-05 7.9406e-05
387590 375 24311.0 1.1527e-05 7.9339e-05
387590 376 24211.0 1.1511e-05 7.8999e-05
387590 377 24177.0 1.1595e-05 7.8904e-05
387590 378 23796.0 1.1197e-05 7.8862e-05
387590 379 24166.0 1.1556e-05 7.8854e-05
387590 380 24154.0 1.1668e-05 7.8813e-05
387590 381 24114.0 1.1684e-05 7.8736e-05
387590 382 24105.0 1.156e-05 7.8665e-05
387590 383 24091.0 1.1436e-05 7.859e-05
387590 384 24070.0 1.1556e-05 7.8541e-05
387590 385 24069.0 1.1543e-05 7.8515e-05
387590 386 22774.0 1.1945e-05 7.4242e-05
387590 387 22559.0 1.2198e-05 7.3546e-05
387590 388 22449.0 1.2096e-05 7.3144e-05
387590 389 22672.0 1.1887e-05 7.3895e-05
387590 390 23960.0 1.16e-05 7.8179e-05
387590 391 23601.0 1.1393e-05 7.813e-05
387590 392 23882.0 1.1583e-05 7.8096e-05
387590 393 23998.0 1.1634e-05 7.8288e-05
387590 394 23886.0 1.1594e-05 7.7974e-05
387590 395 23918.0 1.1732e-05 7.8033e-05
387590 396 23865.0 1.1553e-05 7.7857e-05
387590 397 23848.0 1.1641e-05 7.7796e-05
387590 398 23828.0 1.1616e-05 7.7736e-05
387590 399 23803.0 1.1585e-05 7.7699e-05
387590 400 23827.0 1.1718e-05 7.7728e-05
387590 401 23785.0 1.1586e-05 7.7573e-05
387590 402 23837.0 1.1746e-05 7.7765e-05
387590 403 23462.0 1.1366e-05 7.7646e-05
387590 404 23691.0 1.1709e-05 7.7379e-05
387590 405 23694.0 1.169e-05 7.73e-05
387590 406 23688.0 1.1724e-05 7.7285e-05
387590 407 23675.0 1.1702e-05 7.7261e-05
387590 408 23637.0 1.1676e-05 7.7211e-05
387590 409 23656.0 1.1732e-05 7.7168e-05
387590 410 23661.0 1.164e-05 7.7179e-05
387590 411 23656.0 1.1585e-05 7.7232e-05
387590 412 23610.0 1.1791e-05 7.7023e-05
387590 413 23635.0 1.1724e-05 7.7092e-05
387590 414 23597.0 1.174e-05 7.7006e-05
387590 415 23548.0 1.1817e-05 7.6838e-05
387590 416 23199.0 1.1442e-05 7.6743e-05
387590 417 23482.0 1.1884e-05 7.6681e-05
387590 418 23472.0 1.1591e-05 7.66e-05
387590 419 23423.0 1.1732e-05 7.6613e-05
387590 420 23473.0 1.1844e-05 7.6553e-05
387590 421 23441.0 1.1723e-05 7.6455e-05
387590 422 23423.0 1.177e-05 7.6393e-05
387590 423 23427.0 1.1835e-05 7.6401e-05
387590 424 23411.0 1.1699e-05 7.633e-05
387590 425 23390.0 1.1743e-05 7.6274e-05
387590 426 23375.0 1.1858e-05 7.6214e-05
387590 427 23364.0 1.1872e-05 7.6188e-05
387590 428 23329.0 1.1857e-05 7.6141e-05
387590 429 22995.0 1.164e-05 7.6065e-05
387590 430 23305.0 1.1855e-05 7.6e-05
387590 431 23292.0 1.1741e-05 7.5952e-05
387590 432 23279.0 1.1797e-05 7.5912e-05
387590 433 23258.0 1.1837e-05 7.5862e-05
387590 434 23241.0 1.1794e-05 7.5776e-05
387590 435 23224.0 1.1891e-05 7.5735e-05
387590 436 23210.0 1.1886e-05 7.569e-05
387590 437 23195.0 1.1817e-05 7.5632e-05
387590 438 23175.0 1.1901e-05 7.5568e-05
387590 439 23160.0 1.1742e-05 7.5505e-05
387590 440 23149.0 1.186e-05 7.5462e-05
387590 441 23132.0 1.1922e-05 7.5415e-05
387590 442 22779.0 1.1712e-05 7.5331e-05
387590 443 23093.0 1.1919e-05 7.5292e-05
387590 444 23089.0 1.1799e-05 7.5266e-05
387590 445 21806.0 1.0964e-05 7.5166e-05
387590 446 20656.0 9.8804e-06 7.506e-05
387590 447 23128.0 1.1826e-05 7.5412e-05
387590 448 23065.0 1.1829e-05 7.5249e-05
387590 449 23049.0 1.2035e-05 7.514e-05
387590 450 22983.0 1.1961e-05 7.4987e-05
387590 451 22962.0 1.1905e-05 7.4934e-05
387590 452 22957.0 1.1853e-05 7.4868e-05
387590 453 22953.0 1.2003e-05 7.4839e-05
387590 454 22958.0 1.1907e-05 7.4854e-05
387590 455 22619.0 1.168e-05 7.4795e-05
387590 456 22926.0 1.1954e-05 7.4729e-05
387590 457 22977.0 1.1997e-05 7.4895e-05
387590 458 22891.0 1.1942e-05 7.4665e-05
387590 459 22860.0 1.1948e-05 7.4515e-05
387590 460 22843.0 1.1865e-05 7.4454e-05
387590 461 22830.0 1.1995e-05 7.4415e-05
387590 462 22819.0 1.2089e-05 7.4379e-05
387590 463 21640.0 1.2382e-05 7.047e-05
387590 464 21715.0 1.239e-05 7.0749e-05
387590 465 21621.0 1.2386e-05 7.0427e-05
387590 466 21668.0 1.2516e-05 7.0601e-05
387590 467 22032.0 1.2365e-05 7.1785e-05
387590 468 22373.0 1.1728e-05 7.4033e-05
387590 469 17262.0 7.9934e-06 7.3887e-05
387590 470 22846.0 1.1862e-05 7.4456e-05
387590 471 22692.0 1.2034e-05 7.3943e-05
387590 472 22760.0 1.2062e-05 7.4179e-05
387590 473 22656.0 1.212e-05 7.3839e-05
387590 474 22636.0 1.2119e-05 7.3786e-05
387590 475 22625.0 1.1973e-05 7.3722e-05
387590 476 22608.0 1.2082e-05 7.3676e-05
387590 477 22574.0 1.2067e-05 7.3588e-05
387590 478 22569.0 1.2077e-05 7.3557e-05
387590 479 22559.0 1.2124e-05 7.354e-05
387590 480 22545.0 1.184e-05 7.3467e-05
387590 481 22213.0 1.1825e-05 7.3419e-05
387590 482 22532.0 1.2092e-05 7.3423e-05
387590 483 22514.0 1.2102e-05 7.3365e-05
387590 484 22512.0 1.2077e-05 7.3413e-05
387590 485 22569.0 1.1995e-05 7.3537e-05
387590 486 22495.0 1.2227e-05 7.3334e-05
387590 487 22435.0 1.2174e-05 7.312e-05
387590 488 22422.0 1.1984e-05 7.3042e-05
387590 489 22418.0 1.2166e-05 7.3047e-05
387590 490 22409.0 1.2131e-05 7.302e-05
387590 491 22399.0 1.2202e-05 7.298e-05
387590 492 22426.0 1.2083e-05 7.3067e-05
387590 493 22373.0 1.2162e-05 7.2898e-05
387590 494 22076.0 1.1867e-05 7.2953e-05
387590 495 22417.0 1.2175e-05 7.3069e-05
387590 496 22325.0 1.2232e-05 7.2752e-05
387590 497 22306.0 1.2147e-05 7.2687e-05
387590 498 22315.0 1.2202e-05 7.2736e-05
387590 499 22364.0 1.2139e-05 7.2858e-05
387590 500 22260.0 1.2143e-05 7.2544e-05
387590 501 22235.0 1.2205e-05 7.2448e-05
387590 502 22207.0 1.2193e-05 7.2464e-05
387590 503 22298.0 1.2119e-05 7.2648e-05
387590 504 22203.0 1.2265e-05 7.237e-05
387590 505 22169.0 1.222e-05 7.2227e-05
387590 506 22168.0 1.2146e-05 7.2207e-05
387590 507 21916.0 1.1847e-05 7.2421e-05
387590 508 22155.0 1.2226e-05 7.2192e-05
387590 509 22103.0 1.223e-05 7.2006e-05
387590 510 22083.0 1.2363e-05 7.1958e-05
387590 511 22170.0 1.2078e-05 7.2227e-05
387590 512 22110.0 1.2239e-05 7.2025e-05
387590 513 22024.0 1.2284e-05 7.1774e-05
387590 514 22025.0 1.2338e-05 7.1742e-05
387590 515 22100.0 1.2304e-05 7.2004e-05
387590 516 22048.0 1.2289e-05 7.1883e-05
387590 517 21974.0 1.2314e-05 7.1587e-05
387590 518 21964.0 1.2288e-05 7.1553e-05
387590 519 22017.0 1.2196e-05 7.1764e-05
387590 520 21709.0 1.2049e-05 7.1747e-05
387590 521 21949.0 1.2365e-05 7.1519e-05
387590 522 21910.0 1.2269e-05 7.1367e-05
387590 523 21879.0 1.2305e-05 7.1293e-05
387590 524 21853.0 1.2358e-05 7.1224e-05
387590 525 6264.9 4.5501e-06 7.0575e-05
387590 526 2683.8 4.5563e-06 7.0702e-05
387590 527 21881.0 1.2318e-05 7.1276e-05
387590 528 21906.0 1.2334e-05 7.1368e-05
387590 529 21919.0 1.2437e-05 7.1477e-05
387590 530 21843.0 1.2352e-05 7.1145e-05
387590 531 21816.0 1.2437e-05 7.1092e-05
387590 532 21792.0 1.2257e-05 7.1024e-05
387590 533 21791.0 1.2301e-05 7.0988e-05
387590 534 21465.0 1.2156e-05 7.0913e-05
387590 535 21771.0 1.2257e-05 7.0895e-05
387590 536 21754.0 1.2381e-05 7.0869e-05
387590 537 21742.0 1.2281e-05 7.08e-05
387590 538 21719.0 1.2285e-05 7.0749e-05
387590 539 21712.0 1.2488e-05 7.0725e-05
387590 540 21692.0 1.2494e-05 7.067e-05
387590 541 21677.0 1.2482e-05 7.0627e-05
387590 542 21671.0 1.2295e-05 7.057e-05
387590 543 21653.0 1.2446e-05 7.0539e-05
387590 544 21644.0 1.2407e-05 7.05e-05
387590 545 21622.0 1.2462e-05 7.0449e-05
387590 546 21597.0 1.2291e-05 7.0371e-05
387590 547 21284.0 1.205e-05 7.0305e-05
387590 548 21581.0 1.2364e-05 7.0281e-05
387590 549 21564.0 1.2458e-05 7.0237e-05
387590 550 21545.0 1.2483e-05 7.0178e-05
387590 551 21526.0 1.248e-05 7.0131e-05
387590 552 21516.0 1.2299e-05 7.0063e-05
387590 553 21501.0 1.239e-05 7.0021e-05
387590 554 21493.0 1.2489e-05 7.0017e-05
387590 555 21493.0 1.2514e-05 7.0049e-05
387590 556 21497.0 1.2456e-05 7.0023e-05
387590 557 21487.0 1.2509e-05 6.9979e-05
387590 558 21463.0 1.2474e-05 6.9922e-05
387590 559 21548.0 1.2495e-05 7.0201e-05
387590 560 21275.0 1.2109e-05 7.0276e-05
387590 561 21580.0 1.2462e-05 7.0283e-05
387590 562 21528.0 1.2593e-05 7.013e-05
387590 563 21441.0 1.249e-05 6.9827e-05
387590 564 21382.0 1.238e-05 6.9627e-05
387590 565 21415.0 1.2523e-05 6.9811e-05
387590 566 21482.0 1.2477e-05 6.9993e-05
387590 567 21467.0 1.2392e-05 6.9976e-05
387590 568 21452.0 1.2503e-05 6.9905e-05
387590 569 21343.0 1.2535e-05 6.9565e-05
387590 570 21365.0 1.2595e-05 6.9598e-05
387590 571 21334.0 1.2596e-05 6.9482e-05
387590 572 21291.0 1.2687e-05 6.9357e-05
387590 573 20967.0 1.2337e-05 6.9241e-05
387590 574 21257.0 1.2598e-05 6.9229e-05
387590 575 21241.0 1.2451e-05 6.916e-05
387590 576 21252.0 1.2652e-05 6.92e-05
387590 577 21268.0 1.2598e-05 6.9248e-05
387590 578 21272.0 1.2684e-05 6.928e-05
387590 579 21201.0 1.2678e-05 6.9042e-05
387590 580 21182.0 1.2486e-05 6.897e-05
387590 581 21175.0 1.2633e-05 6.894e-05
387590 582 21157.0 1.2651e-05 6.8892e-05
387590 583 21132.0 1.2643e-05 6.884e-05
387590 584 21127.0 1.2591e-05 6.8788e-05
387590 585 21101.0 1.2655e-05 6.8747e-05
387590 586 20784.0 1.2458e-05 6.8685e-05
387590 587 21085.0 1.2839e-05 6.8678e-05
387590 588 21075.0 1.281e-05 6.8634e-05
387590 589 21065.0 1.2683e-05 6.858e-05
387590 590 21036.0 1.2666e-05 6.853e-05
387590 591 21033.0 1.2514e-05 6.8477e-05
387590 592 21015.0 1.2723e-05 6.844e-05
387590 593 21003.0 1.2665e-05 6.8397e-05
387590 594 20989.0 1.2762e-05 6.8347e-05
387590 595 20980.0 1.2733e-05 6.8311e-05
387590 596 20966.0 1.261e-05 6.8262e-05
387590 597 20953.0 1.268e-05 6.8219e-05
387590 598 20938.0 1.2608e-05 6.817e-05
387590 599 20623.0 1.2368e-05 6.8112e-05
387590 600 20908.0 1.2667e-05 6.808e-05
387590 601 20887.0 1.2756e-05 6.8054e-05
387590 602 20884.0 1.2782e-05 6.8007e-05
387590 603 20870.0 1.2878e-05 6.7965e-05
387590 604 20853.0 1.2827e-05 6.7918e-05
387590 605 20842.0 1.2714e-05 6.7863e-05
387590 606 20829.0 1.2733e-05 6.7818e-05
387590 607 20815.0 1.283e-05 6.778e-05
387590 608 20798.0 1.2783e-05 6.773e-05
387590 609 20786.0 1.2904e-05 6.7696e-05
387590 610 20758.0 1.2802e-05 6.7634e-05
387590 611 20464.0 1.2488e-05 6.7591e-05
387590 612 20711.0 1.2794e-05 6.7563e-05
387590 613 20723.0 1.2775e-05 6.7521e-05
387590 614 20727.0 1.2883e-05 6.7484e-05
387590 615 20711.0 1.287e-05 6.7437e-05
387590 616 20693.0 1.293e-05 6.739e-05
387590 617 20678.0 1.2815e-05 6.7332e-05
387590 618 20660.0 1.296e-05 6.7291e-05
387590 619 20649.0 1.2867e-05 6.7233e-05
387590 620 20630.0 1.2846e-05 6.7191e-05
387590 621 20615.0 1.294e-05 6.7163e-05
387590 622 20612.0 1.2873e-05 6.7111e-05
387590 623 20592.0 1.2916e-05 6.7077e-05
387590 624 20283.0 1.254e-05 6.6996e-05
387590 625 20575.0 1.2853e-05 6.6981e-05
387590 626 20489.0 1.2842e-05 6.6933e-05
387590 627 20540.0 1.2746e-05 6.6876e-05
387590 628 20538.0 1.2848e-05 6.687e-05
387590 629 20526.0 1.2939e-05 6.683e-05
387590 630 20519.0 1.2974e-05 6.6815e-05
387590 631 20537.0 1.2877e-05 6.6875e-05
387590 632 20525.0 1.2912e-05 6.6838e-05
387590 633 20517.0 1.2948e-05 6.6805e-05
387590 634 20491.0 1.2853e-05 6.6758e-05
387590 635 20489.0 1.2896e-05 6.6716e-05
387590 636 20461.0 1.2845e-05 6.6668e-05
387590 637 20169.0 1.2646e-05 6.6606e-05
387590 638 20468.0 1.2975e-05 6.6646e-05
387590 639 20470.0 1.2817e-05 6.6652e-05
387590 640 20467.0 1.2893e-05 6.6648e-05
387590 641 20457.0 1.2799e-05 6.6611e-05
387590 642 20454.0 1.3005e-05 6.6613e-05
387590 643 20451.0 1.3015e-05 6.6595e-05
387590 644 20439.0 1.2963e-05 6.6572e-05
387590 645 20430.0 1.2854e-05 6.6518e-05
387590 646 20425.0 1.2928e-05 6.6498e-05
387590 647 20398.0 1.2929e-05 6.646e-05
387590 648 20400.0 1.2983e-05 6.6423e-05
387590 649 20387.0 1.2874e-05 6.6385e-05
387590 650 20087.0 1.2657e-05 6.6333e-05
387590 651 20373.0 1.3053e-05 6.6333e-05
387590 652 20352.0 1.2967e-05 6.6289e-05
387590 653 20353.0 1.2919e-05 6.6253e-05
387590 654 20339.0 1.3013e-05 6.6222e-05
387590 655 20326.0 1.3091e-05 6.6195e-05
387590 656 20318.0 1.3048e-05 6.616e-05
387590 657 20309.0 1.3029e-05 6.6122e-05
387590 658 20299.0 1.3054e-05 6.6086e-05
387590 659 20289.0 1.3046e-05 6.606e-05
387590 660 20275.0 1.3e-05 6.6018e-05
387590 661 20268.0 1.3061e-05 6.5988e-05
387590 662 20256.0 1.2979e-05 6.5953e-05
387590 663 19956.0 1.2743e-05 6.5894e-05
387590 664 20217.0 1.2964e-05 6.5879e-05
387590 665 20224.0 1.306e-05 6.5848e-05
387590 666 20213.0 1.2915e-05 6.5803e-05
387590 667 20204.0 1.3069e-05 6.5788e-05
387590 668 20193.0 1.3052e-05 6.5745e-05
387590 669 20179.0 1.3086e-05 6.5712e-05
387590 670 20171.0 1.2937e-05 6.5674e-05
387590 671 20159.0 1.295e-05 6.5634e-05
387590 672 20150.0 1.3097e-05 6.5614e-05
387590 673 20142.0 1.3005e-05 6.5573e-05
387590 674 20133.0 1.3134e-05 6.5552e-05
387590 675 20117.0 1.3012e-05 6.5501e-05
387590 676 19824.0 1.2752e-05 6.5451e-05
387590 677 20098.0 1.3147e-05 6.5444e-05
387590 678 20085.0 1.3191e-05 6.5421e-05
387590 679 13915.0 7.5539e-06 6.4941e-05
387590 680 2.311 4.286e-06 6.4614e-05
387590 681 16855.0 9.9226e-06 6.5057e-05
387590 682 20047.0 1.3017e-05 6.5274e-05
387590 683 20030.0 1.3131e-05 6.5248e-05
387590 684 20027.0 1.3159e-05 6.5217e-05
387590 685 20019.0 1.296e-05 6.5171e-05
387590 686 20010.0 1.3144e-05 6.5145e-05
387590 687 19998.0 1.3117e-05 6.511e-05
387590 688 19985.0 1.3101e-05 6.5074e-05
387590 689 19981.0 1.3212e-05 6.5051e-05
387590 690 19678.0 1.2839e-05 6.4992e-05
387590 691 19956.0 1.3159e-05 6.4982e-05
387590 692 19943.0 1.3099e-05 6.4944e-05
387590 693 19936.0 1.3093e-05 6.4914e-05
387590 694 19928.0 1.3081e-05 6.4886e-05
387590 695 19920.0 1.3191e-05 6.4861e-05
387590 696 19898.0 1.3238e-05 6.4829e-05
387590 697 19894.0 1.3128e-05 6.4778e-05
387590 698 19880.0 1.3277e-05 6.4746e-05
387590 699 19874.0 1.3102e-05 6.4701e-05
387590 700 19863.0 1.309e-05 6.4662e-05
387590 701 19851.0 1.3169e-05 6.464e-05
387590 702 19844.0 1.3263e-05 6.4616e-05
387590 703 19546.0 1.2852e-05 6.4554e-05
387590 704 19801.0 1.3037e-05 6.4537e-05
387590 705 19816.0 1.3134e-05 6.4519e-05
387590 706 19806.0 1.3175e-05 6.4491e-05
387590 707 19796.0 1.3228e-05 6.4459e-05
387590 708 19786.0 1.3234e-05 6.4432e-05
387590 709 19780.0 1.322e-05 6.4404e-05
387590 710 19771.0 1.3329e-05 6.4374e-05
387590 711 19758.0 1.3185e-05 6.4329e-05
387590 712 19747.0 1.3177e-05 6.4289e-05
387590 713 19735.0 1.3245e-05 6.4266e-05
387590 714 19725.0 1.3206e-05 6.4225e-05
387590 715 19715.0 1.3248e-05 6.4195e-05
387590 716 19421.0 1.2915e-05 6.4133e-05
387590 717 19676.0 1.3272e-05 6.4126e-05
387590 718 19684.0 1.3327e-05 6.4102e-05
387590 719 19672.0 1.3269e-05 6.4068e-05
387590 720 19663.0 1.3184e-05 6.4029e-05
387590 721 19654.0 1.3227e-05 6.3995e-05
387590 722 19649.0 1.3287e-05 6.397e-05
387590 723 19626.0 1.3352e-05 6.3947e-05
387590 724 19621.0 1.3327e-05 6.3908e-05
387590 725 19620.0 1.3319e-05 6.3873e-05
387590 726 19605.0 1.3331e-05 6.3831e-05
387590 727 19576.0 1.3335e-05 6.3767e-05
387590 728 19556.0 1.3379e-05 6.3674e-05
387590 729 19244.0 1.3078e-05 6.3545e-05
387590 730 19504.0 1.3319e-05 6.3504e-05
387590 731 12187.0 6.726e-06 6.2938e-05
387590 732 19476.0 1.3169e-05 6.3408e-05
387590 733 19468.0 1.3266e-05 6.3367e-05
387590 734 19445.0 1.3448e-05 6.3341e-05
387590 735 19442.0 1.3309e-05 6.3297e-05
387590 736 19433.0 1.3508e-05 6.3279e-05
387590 737 19410.0 1.3311e-05 6.3209e-05
387590 738 19402.0 1.3556e-05 6.3199e-05
387590 739 19389.0 1.3445e-05 6.3144e-05
387590 740 19381.0 1.3354e-05 6.3101e-05
387590 741 19366.0 1.3423e-05 6.3077e-05
387590 742 19083.0 1.3128e-05 6.3023e-05
387590 743 19351.0 1.3424e-05 6.3007e-05
387590 744 19339.0 1.3464e-05 6.2976e-05
387590 745 19324.0 1.3539e-05 6.2943e-05
387590 746 19317.0 1.3452e-05 6.2902e-05
387590 747 19278.0 1.3288e-05 6.2847e-05
387590 748 19303.0 1.3532e-05 6.2842e-05
387590 749 19284.0 1.356e-05 6.2801e-05
387590 750 19261.0 1.346e-05 6.2765e-05
387590 751 13617.0 7.8565e-06 6.2275e-05
387590 752 0.0 0.0 0.0
387590 753 9862.7 5.4804e-06 6.2008e-05
387590 754 9168.9 5.144e-06 6.1954e-05
387590 755 14397.0 8.6209e-06 6.2183e-05
387590 756 19194.0 1.3534e-05 6.2535e-05
387590 757 18914.0 1.3191e-05 6.2473e-05
387590 758 19182.0 1.3608e-05 6.246e-05
387590 759 19171.0 1.3724e-05 6.2441e-05
387590 760 19160.0 1.3404e-05 6.2384e-05
387590 761 19149.0 1.3611e-05 6.2359e-05
387590 762 19131.0 1.3525e-05 6.2317e-05
387590 763 19120.0 1.3546e-05 6.2276e-05
387590 764 19118.0 1.365e-05 6.226e-05
387590 765 19103.0 1.3559e-05 6.2213e-05
387590 766 19097.0 1.3654e-05 6.2183e-05
387590 767 19083.0 1.3602e-05 6.214e-05
387590 768 19067.0 1.359e-05 6.2117e-05
387590 769 19064.0 1.3538e-05 6.207e-05
387590 770 18802.0 1.3357e-05 6.2098e-05
387590 771 19043.0 1.3553e-05 6.2005e-05
387590 772 19025.0 1.3703e-05 6.1978e-05
387590 773 19018.0 1.3405e-05 6.1919e-05
387590 774 19011.0 1.3705e-05 6.1912e-05
387590 775 18991.0 1.3604e-05 6.1858e-05
387590 776 18989.0 1.3789e-05 6.1843e-05
387590 777 18974.0 1.3583e-05 6.1786e-05
387590 778 18964.0 1.3527e-05 6.1752e-05
387590 779 18949.0 1.3658e-05 6.1712e-05
387590 780 18936.0 1.3528e-05 6.1697e-05
387590 781 18934.0 1.356e-05 6.1652e-05
387590 782 18922.0 1.3676e-05 6.1621e-05
387590 842 1889.5 4.1175e-06 5.8742e-05
387590 843 14753.0 9.9718e-06 5.9224e-05
387590 844 18266.0 1.4056e-05 5.9521e-05
387590 845 18253.0 1.3959e-05 5.9484e-05
387590 846 18254.0 1.4042e-05 5.9456e-05
387590 847 18238.0 1.4025e-05 5.9417e-05
387590 848 18230.0 1.4018e-05 5.9384e-05
387590 849 18224.0 1.399e-05 5.9351e-05
387590 850 17977.0 1.3835e-05 5.9307e-05
387590 851 17711.0 1.3577e-05 5.9258e-05
387590 852 17961.0 1.396e-05 5.9255e-05
387590 853 17951.0 1.3899e-05 5.9225e-05
387590 854 17948.0 1.393e-05 5.92e-05
387590 855 17930.0 1.3972e-05 5.9175e-05
387590 856 17929.0 1.4006e-05 5.9135e-05
387590 857 17920.0 1.3997e-05 5.9105e-05
387590 858 17903.0 1.3902e-05 5.9066e-05
387590 859 17901.0 1.4066e-05 5.9047e-05
387590 860 17883.0 1.3988e-05 5.9017e-05
387590 861 17883.0 1.4051e-05 5.8992e-05
387590 862 17856.0 1.3976e-05 5.8954e-05
387590 863 17031.0 1.2815e-05 5.8819e-05
387590 864 0.0 0.0 0.0
387590 865 16326.0 1.2126e-05 5.8699e-05
387590 866 17837.0 1.4188e-05 5.8846e-05
387590 867 17816.0 1.3987e-05 5.8802e-05
387590 868 17815.0 1.4051e-05 5.8777e-05
387590 869 13469.0 9.1548e-06 5.8335e-05
387590 870 17792.0 1.3989e-05 5.8707e-05
387590 871 17790.0 1.4106e-05 5.8682e-05
387590 872 17779.0 1.3906e-05 5.8638e-05
387590 873 5621.5 4.2176e-06 5.7779e-05
387590 874 0.0 0.0 0.0
387590 875 5343.9 4.177e-06 5.7708e-05
387590 876 17742.0 1.4135e-05 5.8521e-05
387590 877 17736.0 1.4024e-05 5.8479e-05
387590 878 17734.0 1.405e-05 5.8531e-05
387590 879 17697.0 1.3956e-05 5.8412e-05
387590 880 17434.0 1.3685e-05 5.8355e-05
387590 881 17687.0 1.4091e-05 5.8359e-05
387590 882 17669.0 1.4063e-05 5.8319e-05
387590 883 17663.0 1.4195e-05 5.8294e-05
387590 884 17662.0 1.3998e-05 5.8246e-05
387590 885 17641.0 1.4088e-05 5.8218e-05
387590 886 17641.0 1.4137e-05 5.819e-05
387590 887 17618.0 1.43e-05 5.8168e-05
387590 888 17616.0 1.4186e-05 5.8129e-05
387590 889 17601.0 1.4224e-05 5.8099e-05
387590 890 17601.0 1.4185e-05 5.8062e-05
387590 891 17578.0 1.4126e-05 5.8019e-05
387590 892 17584.0 1.404e-05 5.7984e-05
387590 893 17320.0 1.3845e-05 5.793e-05
387590 894 17557.0 1.4138e-05 5.793e-05
387590 895 17556.0 1.4247e-05 5.7905e-05
387590 896 17573.0 1.4264e-05 5.7957e-05
387590 897 17543.0 1.4087e-05 5.7835e-05
387590 898 17530.0 1.4199e-05 5.7806e-05
387590 899 17519.0 1.4233e-05 5.7781e-05
387590 900 17513.0 1.4338e-05 5.7755e-05
387590 901 17494.0 1.3972e-05 5.7696e-05
387590 902 17492.0 1.3969e-05 5.7664e-05
387590 903 17483.0 1.4083e-05 5.7645e-05
387590 904 17475.0 1.4359e-05 5.7632e-05
387590 905 17454.0 1.4235e-05 5.7586e-05
387590 906 17206.0 1.3778e-05 5.7523e-05
387590 907 17443.0 1.4274e-05 5.7523e-05
387590 908 17416.0 1.4158e-05 5.748e-05
387590 909 17426.0 1.43e-05 5.7469e-05
387721 8 22964.0 1.1456e-05 0.00011576
387721 9 65014.0 1.227e-05 0.00011581
387721 10 68745.0 1.2487e-05 0.00011569
387721 11 68632.0 1.2464e-05 0.00011552
387721 12 68544.0 1.243e-05 0.00011536
387721 13 68440.0 1.2427e-05 0.00011518
387721 14 67563.0 1.2354e-05 0.00011496
387721 15 67561.0 1.2342e-05 0.00011482
387721 16 67917.0 1.2309e-05 0.0001147
387721 17 67658.0 1.2351e-05 0.00011436
387721 18 67557.0 1.2287e-05 0.00011412
387721 19 67620.0 1.2301e-05 0.00011419
387721 20 67566.0 1.2282e-05 0.00011408
387721 21 67351.0 1.2194e-05 0.00011376
387721 22 67262.0 1.2236e-05 0.00011367
387721 23 67346.0 1.223e-05 0.00011371
387721 24 67190.0 1.2249e-05 0.00011353
387721 25 67090.0 1.2218e-05 0.0001133
387721 26 67032.0 1.2201e-05 0.00011321
387721 27 65971.0 1.2118e-05 0.00011311
387721 28 66834.0 1.2158e-05 0.00011284
387721 29 66704.0 1.2147e-05 0.00011263
387721 30 66726.0 1.2103e-05 0.00011264
387721 31 66662.0 1.2089e-05 0.00011255
387721 32 66574.0 1.2073e-05 0.00011237
387721 33 66408.0 1.2055e-05 0.0001121
387721 34 66455.0 1.2058e-05 0.00011219
387721 35 66358.0 1.2037e-05 0.00011202
387721 36 66237.0 1.1987e-05 0.0001118
387721 37 66176.0 1.1967e-05 0.00011171
387721 38 66154.0 1.2036e-05 0.00011166
387721 39 66022.0 1.1997e-05 0.00011142
387721 40 64925.0 1.1924e-05 0.00011117
387721 41 65883.0 1.1944e-05 0.00011119
387721 42 65835.0 1.1959e-05 0.00011112
387721 43 65646.0 1.1915e-05 0.00011081
387721 44 65560.0 1.1917e-05 0.00011066
387721 45 65624.0 1.1908e-05 0.00011075
387721 46 65629.0 1.1888e-05 0.00011074
387721 47 65387.0 1.1849e-05 0.00011033
387721 48 65267.0 1.1854e-05 0.00011027
387721 49 65308.0 1.1845e-05 0.00011032
387721 50 65227.0 1.1811e-05 0.00011015
387721 51 65114.0 1.177e-05 0.00010999
387721 52 65069.0 1.1794e-05 0.00010991
387721 53 64087.0 1.1706e-05 0.00010979
387721 54 64859.0 1.1732e-05 0.00010952
387721 55 64749.0 1.1787e-05 0.00010935
387721 56 64745.0 1.1759e-05 0.00010936
387721 57 64689.0 1.1756e-05 0.00010924
387721 58 64449.0 1.1738e-05 0.00010888
387721 59 64457.0 1.171e-05 0.00010882
387721 60 64478.0 1.1673e-05 0.00010894
387721 61 64268.0 1.166e-05 0.00010878
387721 62 64143.0 1.1658e-05 0.00010859
387721 63 64147.0 1.1646e-05 0.00010858
387721 64 64147.0 1.1633e-05 0.00010856
387721 65 64001.0 1.1636e-05 0.0001084
387721 66 63056.0 1.1498e-05 0.00010824
387721 67 63923.0 1.1585e-05 0.00010817
387721 68 63784.0 1.1626e-05 0.00010807
387721 69 63679.0 1.1567e-05 0.00010773
387721 70 63610.0 1.1546e-05 0.00010765
387721 71 63619.0 1.1568e-05 0.00010764
387721 72 63515.0 1.1513e-05 0.00010744
387721 73 63305.0 1.1518e-05 0.00010716
387721 74 63362.0 1.1549e-05 0.00010721
387721 75 63400.0 1.1504e-05 0.00010725
387721 76 63301.0 1.1474e-05 0.00010707
387721 77 63297.0 1.1489e-05 0.00010708
387721 78 63016.0 1.1419e-05 0.00010664
387721 79 62024.0 1.1343e-05 0.00010646
387721 80 63127.0 1.1463e-05 0.00010678
387721 81 63067.0 1.1438e-05 0.00010669
387721 82 63001.0 1.1412e-05 0.00010655
387721 83 62920.0 1.1432e-05 0.00010643
387721 84 62836.0 1.1419e-05 0.00010628
387721 85 62727.0 1.1404e-05 0.00010609
387721 86 62478.0 1.137e-05 0.00010581
387721 87 62569.0 1.1387e-05 0.00010578
387721 88 62384.0 1.1358e-05 0.00010571
387721 89 62330.0 1.1352e-05 0.00010539
387721 90 62216.0 1.1301e-05 0.00010519
387721 91 62359.0 1.1329e-05 0.00010543
387721 92 61435.0 1.1239e-05 0.00010535
387721 93 62202.0 1.1318e-05 0.00010519
387721 94 62182.0 1.1346e-05 0.00010512
387721 95 62232.0 1.1277e-05 0.00010521
387721 96 62176.0 1.1306e-05 0.00010511
387721 97 62121.0 1.1272e-05 0.00010501
387721 98 62038.0 1.1278e-05 0.00010488
387721 99 61924.0 1.1292e-05 0.00010468
387721 100 61773.0 1.122e-05 0.0001044
387721 101 61629.0 1.1221e-05 0.00010416
387721 102 61625.0 1.1231e-05 0.00010416
387721 103 61552.0 1.1204e-05 0.00010404
387721 104 61272.0 1.1163e-05 0.00010362
387721 105 60351.0 1.1079e-05 0.00010351
387721 106 61422.0 1.118e-05 0.00010386
387721 107 61387.0 1.1221e-05 0.00010375
387721 108 61331.0 1.1154e-05 0.00010365
387721 109 61316.0 1.1169e-05 0.00010365
387721 110 61369.0 1.1187e-05 0.0001037
387721 111 61310.0 1.1149e-05 0.00010361
387721 112 61268.0 1.112e-05 0.00010353
387721 113 61124.0 1.1134e-05 0.00010328
387721 114 61033.0 1.1112e-05 0.00010318
387721 115 60870.0 1.1082e-05 0.00010284
387721 116 60795.0 1.1096e-05 0.00010271
387721 117 60834.0 1.1091e-05 0.00010277
387721 118 59866.0 1.0975e-05 0.00010262
387721 119 60544.0 1.106e-05 0.00010229
387721 120 60580.0 1.1077e-05 0.00010234
387721 121 60703.0 1.106e-05 0.00010255
387721 122 60643.0 1.1003e-05 0.00010244
387721 123 60602.0 1.1013e-05 0.00010236
387721 124 60547.0 1.1009e-05 0.00010232
387721 125 60492.0 1.1034e-05 0.00010224
387721 126 60485.0 1.1011e-05 0.00010218
387721 127 60427.0 1.0964e-05 0.00010207
387721 128 60294.0 1.0978e-05 0.00010183
387721 129 60200.0 1.0976e-05 0.00010174
387721 130 60000.0 1.0971e-05 0.00010133
387721 131 59078.0 1.0863e-05 0.00010128
387721 132 60001.0 1.0988e-05 0.00010136
387721 133 59915.0 1.0963e-05 0.00010119
387721 134 59767.0 1.0927e-05 0.00010096
387721 135 59804.0 1.0959e-05 0.00010108
387721 136 59915.0 1.0902e-05 0.00010117
387721 137 59823.0 1.0907e-05 0.0001011
387721 138 59835.0 1.0913e-05 0.00010103
387721 139 47465.0 9.8494e-06 0.00010089
387721 140 59740.0 1.0883e-05 0.00010091
387721 141 59674.0 1.0864e-05 0.00010076
387721 142 59608.0 1.0856e-05 0.00010066
387721 143 59499.0 1.0875e-05 0.00010046
387721 144 58561.0 1.0712e-05 0.0001003
387721 145 59208.0 1.0842e-05 9.9961e-05
387721 146 59208.0 1.0887e-05 9.9955e-05
387721 147 59209.0 1.0874e-05 9.9995e-05
387721 148 59127.0 1.0874e-05 9.9815e-05
387721 149 57644.0 1.0709e-05 9.956e-05
387721 150 6.5254 8.9915e-06 9.9547e-05
387721 151 6.4262 8.9943e-06 9.9632e-05
387721 152 12079.0 9.0249e-06 9.9555e-05
387721 153 58909.0 1.0834e-05 9.9663e-05
387721 154 58885.0 1.0801e-05 9.9638e-05
387721 155 58823.0 1.0803e-05 9.9559e-05
387721 156 58742.0 1.0781e-05 9.9449e-05
387721 157 58691.0 1.076e-05 9.9323e-05
387721 158 58551.0 1.0796e-05 9.9081e-05
387721 159 57589.0 1.0684e-05 9.8864e-05
387721 160 58244.0 1.0737e-05 9.858e-05
387721 161 58310.0 1.0737e-05 9.8629e-05
387721 162 58291.0 1.074e-05 9.862e-05
387721 163 58137.0 1.073e-05 9.8333e-05
387721 164 58004.0 1.0708e-05 9.8175e-05
387721 165 58165.0 1.0724e-05 9.8472e-05
387721 166 58211.0 1.07e-05 9.8458e-05
387721 167 58200.0 1.0703e-05 9.8423e-05
387721 168 58125.0 1.0687e-05 9.8338e-05
387721 169 58062.0 1.0715e-05 9.832e-05
387721 170 58050.0 1.073e-05 9.8244e-05
387721 171 58049.0 1.0629e-05 9.815e-05
387721 172 57084.0 1.0597e-05 9.7951e-05
387721 173 57793.0 1.0691e-05 9.7753e-05
387721 174 57635.0 1.0668e-05 9.747e-05
387721 175 57493.0 1.0609e-05 9.7214e-05
387721 176 57522.0 1.0682e-05 9.7293e-05
387721 177 57482.0 1.0616e-05 9.7245e-05
387721 178 57305.0 1.0627e-05 9.6898e-05
387721 179 57273.0 1.0661e-05 9.6852e-05
387721 180 57514.0 1.0662e-05 9.7242e-05
387721 181 57414.0 1.0641e-05 9.7166e-05
387721 182 57455.0 1.0618e-05 9.7138e-05
387721 183 57399.0 1.0664e-05 9.7082e-05
387721 184 57382.0 1.057e-05 9.7052e-05
387721 185 56493.0 1.0511e-05 9.6985e-05
387721 186 57317.0 1.0658e-05 9.6919e-05
387721 187 57157.0 1.0602e-05 9.6672e-05
387721 188 57113.0 1.0629e-05 9.6545e-05
387721 189 56911.0 1.0611e-05 9.6186e-05
387721 190 56853.0 1.0578e-05 9.6084e-05
387721 191 56929.0 1.0623e-05 9.6232e-05
387721 192 56856.0 1.0588e-05 9.6098e-05
387721 193 56710.0 1.0565e-05 9.5838e-05
387721 194 56722.0 1.061e-05 9.5916e-05
387721 195 56860.0 1.0531e-05 9.6114e-05
387721 196 56824.0 1.0592e-05 9.6075e-05
387721 197 56826.0 1.056e-05 9.6046e-05
387721 198 55943.0 1.0459e-05 9.5918e-05
387721 199 56682.0 1.0541e-05 9.5828e-05
387721 200 56723.0 1.0554e-05 9.5857e-05
387721 201 56676.0 1.0528e-05 9.5801e-05
387721 202 56625.0 1.053e-05 9.5682e-05
387721 203 56574.0 1.0546e-05 9.5607e-05
387721 204 56490.0 1.0527e-05 9.5484e-05
387721 205 56434.0 1.0513e-05 9.5358e-05
387721 206 56281.0 1.0545e-05 9.5127e-05
387721 207 56278.0 1.0508e-05 9.5111e-05
387721 208 56273.0 1.0502e-05 9.5083e-05
387721 209 56116.0 1.0465e-05 9.4859e-05
387721 210 56038.0 1.0452e-05 9.4695e-05
387721 211 55325.0 1.0423e-05 9.4841e-05
387721 212 56126.0 1.0497e-05 9.4843e-05
387721 213 56082.0 1.0508e-05 9.4737e-05
387721 214 1444.5 8.3041e-06 9.4451e-05
387721 215 11.874 8.3087e-06 9.4499e-05
387721 216 3329.0 8.3237e-06 9.4422e-05
387721 217 55948.0 1.0415e-05 9.4555e-05
387721 218 55903.0 1.0455e-05 9.4448e-05
387721 219 55799.0 1.0397e-05 9.4285e-05
387721 220 55711.0 1.041e-05 9.4103e-05
387721 221 55586.0 1.0453e-05 9.3912e-05
387721 222 55605.0 1.0401e-05 9.3932e-05
387721 223 55586.0 1.0421e-05 9.3893e-05
387721 224 55414.0 1.0426e-05 9.3602e-05
387721 225 55342.0 1.0465e-05 9.3494e-05
387721 226 48901.0 9.5243e-06 9.3695e-05
387721 227 5.7517 8.1915e-06 9.3492e-05
387721 228 22207.0 8.2144e-06 9.3364e-05
387721 229 54943.0 1.0276e-05 9.3559e-05
387721 230 55329.0 1.039e-05 9.3591e-05
387721 231 55294.0 1.0417e-05 9.3515e-05
387721 232 55247.0 1.0383e-05 9.3434e-05
387721 233 55145.0 1.041e-05 9.3306e-05
387721 234 55087.0 1.0418e-05 9.3182e-05
387721 235 54957.0 1.0392e-05 9.2918e-05
387721 236 54887.0 1.0373e-05 9.2802e-05
387721 237 54915.0 1.0394e-05 9.286e-05
387721 238 54890.0 1.0383e-05 9.2781e-05
387721 239 54676.0 1.0362e-05 9.2465e-05
387721 240 53866.0 1.0206e-05 9.2423e-05
387721 241 54802.0 1.0367e-05 9.2659e-05
387721 242 54750.0 1.0356e-05 9.2571e-05
387721 243 54711.0 1.0386e-05 9.2488e-05
387721 244 54781.0 1.0395e-05 9.2604e-05
387721 245 54714.0 1.0317e-05 9.2488e-05
387721 246 54662.0 1.0357e-05 9.2422e-05
387721 247 54629.0 1.0324e-05 9.2342e-05
387721 248 54540.0 1.0328e-05 9.221e-05
387721 249 54482.0 1.035e-05 9.2096e-05
387721 250 54284.0 1.0316e-05 9.181e-05
387721 251 54281.0 1.0368e-05 9.1753e-05
387721 252 54302.0 1.0362e-05 9.1783e-05
387721 253 53446.0 1.0165e-05 9.1655e-05
387721 254 54088.0 1.0308e-05 9.1414e-05
387721 255 54106.0 1.0274e-05 9.1453e-05
387721 256 54163.0 1.0353e-05 9.1607e-05
387721 257 54139.0 1.0301e-05 9.1522e-05
387721 258 54095.0 1.0355e-05 9.1446e-05
387721 259 54111.0 1.0271e-05 9.1438e-05
387721 260 54102.0 1.0302e-05 9.1419e-05
387721 261 54067.0 1.0326e-05 9.1368e-05
387721 262 54020.0 1.0314e-05 9.1304e-05
387721 263 53918.0 1.0279e-05 9.1109e-05
387721 264 53851.0 1.0322e-05 9.1017e-05
387721 265 53673.0 1.0292e-05 9.0712e-05
387721 266 52863.0 1.0156e-05 9.0701e-05
387721 267 53569.0 1.0193e-05 9.0712e-05
387721 268 53589.0 1.0258e-05 9.056e-05
387721 269 53480.0 1.0213e-05 9.0346e-05
387721 270 53557.0 1.0256e-05 9.0487e-05
387721 271 53605.0 1.025e-05 9.0578e-05
387721 272 53557.0 1.0267e-05 9.05e-05
387721 273 53517.0 1.0283e-05 9.0424e-05
387721 274 53529.0 1.0251e-05 9.0448e-05
387721 275 53508.0 1.0271e-05 9.0403e-05
387721 276 53464.0 1.0313e-05 9.0339e-05
387721 277 53421.0 1.024e-05 9.0247e-05
387721 278 53294.0 1.0268e-05 9.0051e-05
387721 279 52446.0 1.0077e-05 8.9909e-05
387721 280 53102.0 1.0255e-05 8.97e-05
387721 281 53093.0 1.0183e-05 8.9689e-05
387721 282 53074.0 1.0263e-05 8.9674e-05
387721 283 52944.0 1.0241e-05 8.9441e-05
387721 284 52860.0 1.0252e-05 8.9291e-05
387721 285 52989.0 1.0234e-05 8.952e-05
387721 286 52897.0 1.0152e-05 8.9509e-05
387721 287 52962.0 1.0235e-05 8.9467e-05
387721 288 52899.0 1.0154e-05 8.9394e-05
387721 289 52941.0 1.0227e-05 8.9443e-05
387721 290 52912.0 1.0176e-05 8.9383e-05
387721 291 52883.0 1.0193e-05 8.9327e-05
387721 292 52044.0 1.0061e-05 8.9183e-05
387721 293 52712.0 1.0185e-05 8.9025e-05
387721 294 52578.0 1.0174e-05 8.8811e-05
387721 295 52484.0 1.0242e-05 8.8637e-05
387721 296 52523.0 1.0252e-05 8.8721e-05
387721 297 52496.0 1.0224e-05 8.8675e-05
387721 298 52324.0 1.0173e-05 8.8404e-05
387721 299 52299.0 1.0186e-05 8.8334e-05
387721 300 52454.0 1.0171e-05 8.8591e-05
387721 301 38543.0 8.3735e-06 8.8386e-05
387721 302 52324.0 1.0198e-05 8.8471e-05
387721 303 52369.0 1.0168e-05 8.8428e-05
387721 304 52371.0 1.0184e-05 8.8441e-05
387721 305 51559.0 1.0021e-05 8.838e-05
387721 306 52298.0 1.0108e-05 8.8336e-05
387721 307 52149.0 1.0149e-05 8.8159e-05
387721 308 52115.0 1.0152e-05 8.8019e-05
387721 309 51943.0 1.0169e-05 8.7721e-05
387721 310 51892.0 1.015e-05 8.7619e-05
387721 311 47846.0 9.5314e-06 8.7619e-05
387721 312 38547.0 8.3488e-06 8.7405e-05
387721 313 51690.0 1.0155e-05 8.7272e-05
387721 314 51737.0 1.0185e-05 8.7361e-05
387721 315 51875.0 1.0158e-05 8.7585e-05
387721 316 51852.0 1.0136e-05 8.7543e-05
387721 317 51833.0 1.0134e-05 8.751e-05
387721 318 51090.0 1.0029e-05 8.7507e-05
387721 319 51818.0 1.0131e-05 8.7499e-05
387721 320 51788.0 1.0206e-05 8.7462e-05
387721 321 51765.0 1.0144e-05 8.7393e-05
387721 322 51644.0 1.0114e-05 8.7207e-05
387721 323 51600.0 1.0135e-05 8.7124e-05
387721 324 51416.0 1.0172e-05 8.6814e-05
387721 325 51406.0 1.0112e-05 8.6799e-05
387721 326 51509.0 1.0144e-05 8.696e-05
387721 327 51316.0 1.0097e-05 8.6697e-05
387721 328 51240.0 1.0095e-05 8.65e-05
387721 329 51301.0 1.0133e-05 8.6599e-05
387721 330 51368.0 1.0129e-05 8.6711e-05
387721 331 50598.0 1e-05 8.665e-05
387721 332 51300.0 1.0125e-05 8.6596e-05
387721 333 51302.0 1.013e-05 8.6603e-05
387721 334 51279.0 1.0131e-05 8.6571e-05
387721 335 51253.0 1.014e-05 8.653e-05
387721 336 51222.0 1.0146e-05 8.6471e-05
387721 337 51066.0 1.0092e-05 8.6212e-05
387721 338 50991.0 1.0089e-05 8.6105e-05
387721 339 50863.0 1.0095e-05 8.5856e-05
387721 340 50854.0 1.012e-05 8.5844e-05
387721 341 50856.0 1.0116e-05 8.585e-05
387721 342 50771.0 1.013e-05 8.5688e-05
387721 343 50672.0 1.0132e-05 8.5533e-05
387721 344 50019.0 9.9911e-06 8.5723e-05
387721 345 50841.0 1.0128e-05 8.5817e-05
387721 346 50807.0 1.013e-05 8.5777e-05
387721 347 50780.0 1.0082e-05 8.5723e-05
387721 348 50786.0 1.0138e-05 8.5732e-05
387721 349 50764.0 1.0116e-05 8.5673e-05
387721 350 50723.0 1.0119e-05 8.5614e-05
387721 351 50663.0 1.0149e-05 8.5528e-05
387721 352 50574.0 1.0142e-05 8.5348e-05
387721 353 50458.0 1.012e-05 8.5187e-05
387721 354 50339.0 1.0088e-05 8.4961e-05
387721 355 50388.0 1.0121e-05 8.5029e-05
387721 356 50343.0 1.0164e-05 8.5023e-05
387721 357 49519.0 1.0001e-05 8.4784e-05
387721 358 50152.0 1.009e-05 8.4643e-05
387721 359 50295.0 1.0027e-05 8.4902e-05
387721 360 50309.0 1.0029e-05 8.4889e-05
387721 361 50277.0 1.0136e-05 8.4865e-05
387721 362 50253.0 1.0097e-05 8.4802e-05
387721 363 50239.0 1.0113e-05 8.4818e-05
387721 364 50217.0 1.0034e-05 8.4762e-05
387721 365 50205.0 1.0007e-05 8.473e-05
387721 366 50098.0 1.0026e-05 8.4581e-05
387721 367 50028.0 1.005e-05 8.4425e-05
387721 368 49794.0 9.9757e-06 8.4188e-05
387721 369 49793.0 1.0047e-05 8.4016e-05
387721 370 49093.0 9.9076e-06 8.4063e-05
387721 371 49783.0 1.0055e-05 8.4005e-05
387721 372 49614.0 1.0084e-05 8.3729e-05
387721 373 49623.0 1.0049e-05 8.3718e-05
387721 374 49783.0 1.0026e-05 8.404e-05
387721 375 49777.0 9.9726e-06 8.3996e-05
387721 376 49771.0 1.0106e-05 8.3995e-05
387721 377 49702.0 1.0062e-05 8.3927e-05
387721 378 46219.0 9.4078e-06 8.3783e-05
387721 379 0.0 0.0 0.0
387721 380 43648.0 8.9569e-06 8.3828e-05
387721 381 49684.0 1.003e-05 8.3828e-05
387721 382 49657.0 1.0073e-05 8.3778e-05
387721 383 49605.0 1.0038e-05 8.369e-05
387721 384 48853.0 9.9207e-06 8.362e-05
387721 385 49455.0 1.0053e-05 8.3432e-05
387721 386 49424.0 1.0102e-05 8.3388e-05
387721 387 49398.0 1.0064e-05 8.336e-05
387721 388 49345.0 1.0017e-05 8.325e-05
387721 389 49139.0 1.0015e-05 8.3037e-05
387721 390 49259.0 1.0071e-05 8.311e-05
387721 391 49313.0 1.0033e-05 8.318e-05
387721 392 49220.0 1.0033e-05 8.3071e-05
387721 393 49193.0 1.0089e-05 8.2994e-05
387721 394 49219.0 1.0028e-05 8.307e-05
387721 395 49225.0 1.0039e-05 8.3046e-05
387721 396 49205.0 9.9694e-06 8.2997e-05
387721 397 48381.0 9.8695e-06 8.293e-05
387721 398 49108.0 1.0003e-05 8.2839e-05
387721 399 49055.0 1.0068e-05 8.2743e-05
387721 400 48942.0 1.005e-05 8.2561e-05
387721 401 48935.0 1.0046e-05 8.2542e-05
387721 402 48878.0 1.0031e-05 8.2513e-05
387721 403 48819.0 1.0028e-05 8.2356e-05
387721 404 48740.0 1.0043e-05 8.221e-05
387721 405 48806.0 1.0023e-05 8.233e-05
387721 406 48815.0 1.0005e-05 8.2335e-05
387721 407 8503.7 6.8898e-06 8.1949e-05
387721 408 18933.0 6.9025e-06 8.1912e-05
387721 409 48761.0 9.9801e-06 8.2263e-05
387721 410 48727.0 1.0028e-05 8.2207e-05
387721 411 36379.0 7.9973e-06 8.2019e-05
387721 412 48668.0 9.9509e-06 8.2089e-05
387721 413 48593.0 1.0057e-05 8.1996e-05
387721 414 48527.0 1.0063e-05 8.1856e-05
387721 415 48436.0 1.0041e-05 8.1716e-05
387721 416 48441.0 1.0075e-05 8.1711e-05
387721 417 48392.0 9.9321e-06 8.1633e-05
387721 418 48280.0 1.004e-05 8.1421e-05
387721 419 48198.0 1.0048e-05 8.1289e-05
387721 420 48301.0 1.0033e-05 8.1527e-05
387721 421 48275.0 1.0073e-05 8.1483e-05
387721 422 48240.0 1.0045e-05 8.1381e-05
387721 423 48098.0 9.9574e-06 8.1357e-05
387721 424 47451.0 9.8379e-06 8.1423e-05
387721 425 48114.0 9.9885e-06 8.1391e-05
387721 426 48095.0 9.9505e-06 8.1346e-05
387721 427 48026.0 9.9995e-06 8.1239e-05
387721 428 47952.0 9.9411e-06 8.1129e-05
387721 429 47851.0 1.0037e-05 8.094e-05
387721 430 47806.0 1.0058e-05 8.0858e-05
387721 431 47793.0 1.0036e-05 8.0832e-05
387721 432 47764.0 9.9476e-06 8.0762e-05
387721 433 47573.0 1.0011e-05 8.0457e-05
387721 434 47597.0 1.0004e-05 8.048e-05
387721 435 47701.0 1.0018e-05 8.0686e-05
387721 436 47637.0 9.983e-06 8.0628e-05
387721 437 46974.0 9.8733e-06 8.0567e-05
387721 438 47648.0 9.9674e-06 8.0593e-05
387721 439 47678.0 9.8938e-06 8.0639e-05
387721 440 47649.0 1.0003e-05 8.06e-05
387721 441 47634.0 9.9944e-06 8.0552e-05
387721 442 47484.0 9.9963e-06 8.0437e-05
387721 443 47490.0 1.0009e-05 8.0366e-05
387721 444 47418.0 9.9678e-06 8.0167e-05
387721 445 47371.0 9.9558e-06 8.0103e-05
387721 446 47391.0 9.9515e-06 8.0136e-05
387721 447 47328.0 9.984e-06 8.0058e-05
387721 448 47236.0 9.9557e-06 7.9863e-05
387721 449 47260.0 1.0039e-05 7.9902e-05
387721 450 46640.0 9.8212e-06 7.999e-05
387721 451 47275.0 1.0051e-05 7.9936e-05
387721 452 47236.0 9.9609e-06 7.9858e-05
387721 453 47247.0 9.9464e-06 7.9869e-05
387721 454 47239.0 1.0028e-05 7.9869e-05
387721 455 47212.0 9.9601e-06 7.9805e-05
387721 456 47244.0 1.0003e-05 7.9862e-05
387721 457 47091.0 9.9645e-06 7.9602e-05
387721 458 47065.0 9.9723e-06 7.9572e-05
387721 459 47050.0 9.9508e-06 7.9531e-05
387721 460 46991.0 9.9414e-06 7.943e-05
387721 461 46896.0 9.9907e-06 7.9263e-05
387721 462 46889.0 9.9971e-06 7.9257e-05
387721 463 46201.0 9.7975e-06 7.9213e-05
387721 464 46777.0 9.9323e-06 7.9061e-05
387721 465 46711.0 9.9326e-06 7.8939e-05
387721 466 46788.0 9.9551e-06 7.9072e-05
387721 467 46782.0 9.9961e-06 7.9081e-05
387721 468 46745.0 9.9499e-06 7.9003e-05
387721 469 46714.0 1.0012e-05 7.8953e-05
387721 470 46750.0 1.0037e-05 7.9021e-05
387721 471 46725.0 9.9069e-06 7.8967e-05
387721 472 46655.0 9.9245e-06 7.8932e-05
387721 473 46650.0 9.9121e-06 7.8844e-05
387721 474 46583.0 9.912e-06 7.8725e-05
387721 475 45805.0 9.8628e-06 7.8569e-05
387721 476 46416.0 9.9367e-06 7.8453e-05
387721 477 46390.0 1.0024e-05 7.8447e-05
387721 478 46384.0 9.9766e-06 7.8388e-05
387721 479 46233.0 9.9338e-06 7.8148e-05
387721 480 46134.0 9.9961e-06 7.8084e-05
387721 481 46289.0 1.0008e-05 7.8346e-05
387721 482 46252.0 1.001e-05 7.8301e-05
387721 483 46238.0 1.0001e-05 7.8261e-05
387721 484 46232.0 9.9229e-06 7.8241e-05
387721 485 46241.0 9.9708e-06 7.8282e-05
387721 486 46210.0 1.0003e-05 7.8236e-05
387721 487 46196.0 9.9152e-06 7.8189e-05
387721 488 45482.0 9.8614e-06 7.808e-05
387721 489 46058.0 9.9117e-06 7.7992e-05
387721 490 45982.0 1.0014e-05 7.7815e-05
387721 491 45924.0 9.8914e-06 7.772e-05
387721 492 45958.0 9.9297e-06 7.7768e-05
387721 493 45830.0 9.9677e-06 7.7702e-05
387721 494 45703.0 9.9394e-06 7.7468e-05
387721 495 45780.0 9.957e-06 7.7466e-05
387721 496 45864.0 9.9818e-06 7.7631e-05
387721 497 45846.0 9.9969e-06 7.7579e-05
387721 498 45828.0 9.9347e-06 7.7532e-05
387721 499 45818.0 9.9871e-06 7.7527e-05
387721 500 45806.0 9.9462e-06 7.7537e-05
387721 501 45152.0 9.7969e-06 7.7479e-05
387721 502 45760.0 9.9502e-06 7.744e-05
387721 503 45680.0 9.9102e-06 7.7301e-05
387721 504 45667.0 9.9626e-06 7.7254e-05
387721 505 45534.0 9.9822e-06 7.7023e-05
387721 506 45498.0 9.9369e-06 7.7005e-05
387721 507 45531.0 9.9283e-06 7.7029e-05
387721 508 45473.0 1.0012e-05 7.693e-05
387721 509 45358.0 9.9523e-06 7.6759e-05
387721 510 45432.0 9.9926e-06 7.6851e-05
387721 511 45477.0 9.9642e-06 7.6928e-05
387721 512 45440.0 1.0024e-05 7.6865e-05
387721 513 45402.0 9.9293e-06 7.6811e-05
387721 514 44763.0 9.8659e-06 7.6825e-05
387721 515 45413.0 9.9182e-06 7.6804e-05
387721 516 45383.0 9.9323e-06 7.6772e-05
387721 517 45350.0 9.9689e-06 7.6725e-05
387721 518 45256.0 9.9943e-06 7.656e-05
387721 519 45217.0 9.97e-06 7.6473e-05
387721 520 45090.0 9.9778e-06 7.627e-05
387721 521 45093.0 9.9442e-06 7.6267e-05
387721 522 45085.0 1.005e-05 7.6268e-05
387721 523 45009.0 9.9808e-06 7.6115e-05
387721 524 44936.0 9.9557e-06 7.6004e-05
387721 525 45023.0 9.9699e-06 7.6146e-05
387721 526 45042.0 9.9601e-06 7.6185e-05
387721 527 44380.0 9.8226e-06 7.6137e-05
387721 528 45008.0 9.9997e-06 7.611e-05
387721 529 44998.0 9.9912e-06 7.6147e-05
387721 530 44993.0 1.0042e-05 7.611e-05
387721 531 44945.0 9.9682e-06 7.6055e-05
387721 532 44941.0 9.9753e-06 7.5991e-05
387721 533 44859.0 9.9184e-06 7.5858e-05
387721 534 44787.0 1.0001e-05 7.5732e-05
387721 535 44705.0 9.9999e-06 7.5582e-05
387721 536 44699.0 1.0025e-05 7.5587e-05
387721 537 44691.0 9.981e-06 7.5553e-05
387721 538 44564.0 9.9105e-06 7.5348e-05
387721 539 44492.0 1.0051e-05 7.5271e-05
387721 540 44001.0 9.7712e-06 7.546e-05
387721 541 44604.0 9.9646e-06 7.5422e-05
387721 542 44611.0 9.9337e-06 7.5422e-05
387721 543 44571.0 9.9085e-06 7.5352e-05
387721 544 44510.0 9.962e-06 7.5249e-05
387721 545 44523.0 9.9336e-06 7.5289e-05
387721 546 44568.0 9.9919e-06 7.5355e-05
387721 547 44440.0 9.9522e-06 7.5318e-05
387721 548 44524.0 9.942e-06 7.5268e-05
387721 549 44432.0 9.9805e-06 7.5156e-05
387721 550 44420.0 9.9753e-06 7.508e-05
387721 551 44285.0 1.009e-05 7.4875e-05
387721 552 44256.0 9.9626e-06 7.4812e-05
387721 553 43657.0 9.725e-06 7.4861e-05
387721 554 44262.0 1.0084e-05 7.4833e-05
387721 555 44134.0 9.9838e-06 7.4612e-05
387721 556 44162.0 1.0017e-05 7.4664e-05
387721 557 44242.0 1.0018e-05 7.4789e-05
387721 558 44202.0 9.9382e-06 7.4711e-05
387721 559 44167.0 9.9745e-06 7.4678e-05
387721 560 44181.0 1.0019e-05 7.4681e-05
387721 561 44167.0 1.0091e-05 7.4675e-05
387721 562 44146.0 9.9615e-06 7.4621e-05
387721 563 44125.0 9.9542e-06 7.4585e-05
387721 564 44039.0 1.0052e-05 7.4442e-05
387721 565 43995.0 1.0021e-05 7.4365e-05
387721 566 43202.0 9.7927e-06 7.4129e-05
387721 567 43858.0 9.9659e-06 7.4136e-05
387721 568 43858.0 9.9996e-06 7.4139e-05
387721 569 43810.0 1.0008e-05 7.4045e-05
387721 570 43703.0 1.0061e-05 7.3874e-05
387721 571 43713.0 9.9196e-06 7.3974e-05
387721 572 43742.0 9.9776e-06 7.4051e-05
387721 573 43737.0 9.963e-06 7.4018e-05
387721 574 43702.0 9.9591e-06 7.3988e-05
387721 575 43687.0 9.9663e-06 7.3999e-05
387721 576 43703.0 9.953e-06 7.3968e-05
387721 577 43686.0 9.9374e-06 7.3948e-05
387721 578 43592.0 1.0058e-05 7.3888e-05
387721 579 42933.0 9.8243e-06 7.371e-05
387721 580 43493.0 1.0084e-05 7.3608e-05
387721 581 43396.0 1.005e-05 7.3435e-05
387721 582 43403.0 9.9305e-06 7.3453e-05
387721 583 43354.0 1.0041e-05 7.3434e-05
387721 584 43307.0 9.9765e-06 7.3273e-05
387721 585 43229.0 9.9983e-06 7.3167e-05
387721 586 43359.0 1.0021e-05 7.3374e-05
387721 587 43366.0 1.0009e-05 7.3408e-05
387721 588 43371.0 1.0035e-05 7.3403e-05
387721 589 43351.0 1.0052e-05 7.3359e-05
387721 590 43280.0 9.97e-06 7.3237e-05
387721 591 43274.0 9.9751e-06 7.323e-05
387721 592 42696.0 9.8061e-06 7.3283e-05
387721 593 43282.0 9.9945e-06 7.325e-05
387721 594 43260.0 1.0063e-05 7.32e-05
387721 595 43200.0 1.0055e-05 7.3104e-05
387721 596 43142.0 9.9186e-06 7.3006e-05
387721 597 43039.0 1.0018e-05 7.2829e-05
387721 598 42988.0 1.009e-05 7.2732e-05
387721 599 43025.0 1.003e-05 7.279e-05
387721 600 42973.0 1.0018e-05 7.2749e-05
387721 601 42888.0 1.0087e-05 7.2567e-05
387721 602 42884.0 1.0068e-05 7.2563e-05
387721 603 42987.0 1.0102e-05 7.2746e-05
387721 604 42355.0 9.7974e-06 7.2686e-05
387721 605 42934.0 1.0083e-05 7.2672e-05
387721 606 42945.0 1.0022e-05 7.265e-05
387721 607 42939.0 1.001e-05 7.2641e-05
387721 608 42886.0 1.0036e-05 7.2586e-05
387721 609 42881.0 1.0049e-05 7.2553e-05
387721 610 42804.0 1.0008e-05 7.241e-05
387721 611 42753.0 1.0034e-05 7.2335e-05
387721 612 42630.0 9.9962e-06 7.2104e-05
387721 613 42586.0 1.0051e-05 7.2086e-05
387721 614 42620.0 1.0109e-05 7.2106e-05
387721 615 42572.0 9.9884e-06 7.2008e-05
387721 616 42466.0 1.0056e-05 7.184e-05
387721 617 41867.0 9.944e-06 7.1914e-05
387721 618 42589.0 1.0055e-05 7.2052e-05
387721 619 42520.0 1.002e-05 7.2012e-05
387721 620 42540.0 9.9532e-06 7.1987e-05
387721 621 42552.0 1.002e-05 7.1979e-05
387721 622 42550.0 1.0059e-05 7.1969e-05
387721 623 42527.0 1.0031e-05 7.1925e-05
387721 624 39472.0 9.1468e-06 7.1834e-05
387721 625 42414.0 1.0126e-05 7.172e-05
387721 626 42349.0 1.0098e-05 7.1627e-05
387721 627 36697.0 8.3216e-06 7.1305e-05
387721 628 42231.0 1.0076e-05 7.1415e-05
387721 629 42225.0 1.0036e-05 7.14e-05
387721 630 41502.0 9.8274e-06 7.1248e-05
387721 631 42060.0 1.0111e-05 7.1138e-05
387721 632 35058.0 7.9382e-06 7.1136e-05
387721 633 42190.0 1.014e-05 7.1351e-05
387721 634 31654.0 7.0729e-06 7.1131e-05
387721 635 42167.0 1.0106e-05 7.1311e-05
387721 636 42106.0 1.007e-05 7.1222e-05
387721 637 42098.0 1.0079e-05 7.1189e-05
387721 638 31677.0 7.2093e-06 7.1078e-05
387721 639 31664.0 7.2831e-06 7.1059e-05
387721 640 42101.0 1.0032e-05 7.1218e-05
387721 641 42054.0 9.9557e-06 7.1117e-05
387721 642 41981.0 1.0147e-05 7.0991e-05
387721 643 38134.0 8.8668e-06 7.0757e-05
387721 644 41825.0 1.0034e-05 7.0729e-05
387721 645 41862.0 1.0038e-05 7.0785e-05
387721 646 31477.0 6.9917e-06 7.0545e-05
387721 647 41739.0 1.0094e-05 7.0592e-05
387721 648 41724.0 1.0155e-05 7.056e-05
387721 649 41834.0 1.0109e-05 7.0766e-05
387721 650 37918.0 8.8405e-06 7.0658e-05
387721 651 41828.0 1.0048e-05 7.0725e-05
387721 652 41794.0 1.0087e-05 7.0674e-05
387721 653 41745.0 1.0121e-05 7.0608e-05
387721 654 41749.0 1.014e-05 7.0607e-05
387721 655 41752.0 1.0036e-05 7.0585e-05
387721 656 37179.0 8.5051e-06 7.0457e-05
387721 657 31446.0 6.9714e-06 7.0321e-05
387721 658 41634.0 1.006e-05 7.0395e-05
387721 659 41620.0 1.0073e-05 7.0376e-05
387721 660 41496.0 1.0091e-05 7.0177e-05
387721 661 37695.0 8.8365e-06 7.0144e-05
387721 662 31378.0 7.0955e-06 7.005e-05
387721 663 41478.0 1.008e-05 7.0141e-05
387721 664 36837.0 8.5611e-06 6.9972e-05
387721 665 31332.0 7.1688e-06 6.9885e-05
387721 666 41540.0 1.008e-05 7.0227e-05
387721 667 41520.0 1.0158e-05 7.021e-05
387721 668 41507.0 1.0124e-05 7.018e-05
387721 669 30465.0 6.7908e-06 6.9892e-05
387721 670 41433.0 1.0028e-05 7.0055e-05
387721 671 41471.0 1.0129e-05 7.0111e-05
387721 672 41447.0 1.0146e-05 7.0083e-05
387721 673 41444.0 1.0124e-05 7.0065e-05
387721 674 41398.0 1.0132e-05 6.9994e-05
387721 675 41285.0 1.0107e-05 6.9803e-05
387721 676 41229.0 1.0071e-05 6.969e-05
387721 677 31567.0 7.119e-06 6.9302e-05
387721 678 41125.0 1.0108e-05 6.9524e-05
387721 679 41117.0 1.0171e-05 6.9506e-05
387721 680 37569.0 9.0224e-06 6.925e-05
387721 681 40893.0 1.0208e-05 6.9224e-05
387721 682 34849.0 8.0918e-06 6.9331e-05
387721 683 41017.0 1.0122e-05 6.947e-05
387721 684 41039.0 1.0139e-05 6.949e-05
387721 685 38577.0 9.154e-06 6.9383e-05
387721 686 31967.0 7.4497e-06 6.9215e-05
387721 687 30329.0 6.9832e-06 6.9185e-05
387721 688 41034.0 1.0119e-05 6.9478e-05
387721 689 41020.0 1.0128e-05 6.9468e-05
387721 690 32144.0 7.3608e-06 6.9307e-05
387721 691 41025.0 1.0161e-05 6.944e-05
387721 692 29914.0 6.9305e-06 6.917e-05
387721 693 40962.0 1.0082e-05 6.9347e-05
387721 694 40941.0 1.0171e-05 6.9301e-05
387721 695 40265.0 9.8887e-06 6.9141e-05
387721 696 40809.0 1.0053e-05 6.9134e-05
387721 697 40874.0 1.0187e-05 6.9175e-05
387721 698 40822.0 1.0181e-05 6.9106e-05
387721 699 40774.0 1.0172e-05 6.9021e-05
387721 700 40778.0 1.0134e-05 6.9043e-05
387721 701 40805.0 1.0155e-05 6.9081e-05
387721 702 40783.0 1.0176e-05 6.903e-05
387721 703 36152.0 8.6042e-06 6.8879e-05
387721 704 29831.0 6.9394e-06 6.8761e-05
387721 705 40729.0 1.0114e-05 6.8944e-05
387721 706 40678.0 1.0161e-05 6.8858e-05
387721 707 40653.0 1.0214e-05 6.8829e-05
387721 708 40041.0 9.9618e-06 6.877e-05
387721 709 40576.0 1.0072e-05 6.8713e-05
387721 710 40503.0 1.0156e-05 6.8583e-05
387721 711 40510.0 1.0222e-05 6.8592e-05
387721 712 32285.0 7.4813e-06 6.8426e-05
387721 713 40474.0 1.0262e-05 6.8519e-05
387721 714 40452.0 1.0152e-05 6.8443e-05
387721 715 35767.0 8.685e-06 6.8413e-05
387721 716 40489.0 1.0183e-05 6.852e-05
387721 717 40451.0 1.0128e-05 6.8455e-05
387721 718 40433.0 1.0097e-05 6.8407e-05
387721 719 40420.0 1.0182e-05 6.8405e-05
387721 720 40399.0 1.0074e-05 6.8352e-05
387721 721 37065.0 8.8786e-06 6.8173e-05
387721 722 36247.0 8.7127e-06 6.8131e-05
387721 723 40301.0 1.0248e-05 6.8205e-05
387721 724 40248.0 1.0181e-05 6.8103e-05
387721 725 40172.0 1.0108e-05 6.7981e-05
387721 726 40205.0 1.0204e-05 6.804e-05
387721 727 40227.0 1.017e-05 6.8069e-05
387721 728 29577.0 7.1103e-06 6.7769e-05
387721 729 40144.0 1.0201e-05 6.7925e-05
387721 730 32122.0 7.2374e-06 6.7787e-05
387721 731 40145.0 1.0133e-05 6.7954e-05
387721 732 40108.0 1.0164e-05 6.788e-05
387721 733 40099.0 1.0153e-05 6.785e-05
387721 734 39512.0 1.0017e-05 6.7829e-05
387721 735 40056.0 1.0232e-05 6.7779e-05
387721 736 40015.0 1.0202e-05 6.7693e-05
387721 737 39992.0 1.0181e-05 6.767e-05
387721 738 29896.0 6.9092e-06 6.7423e-05
387721 739 39902.0 1.0198e-05 6.7514e-05
387721 740 34371.0 8.2656e-06 6.7312e-05
387721 741 39903.0 1.0197e-05 6.7501e-05
387721 742 39883.0 1.0255e-05 6.749e-05
387721 743 29415.0 7.137e-06 6.7172e-05
387721 744 39802.0 1.0188e-05 6.7345e-05
387721 745 39850.0 1.0189e-05 6.7428e-05
387721 746 39834.0 1.0239e-05 6.7392e-05
387721 747 36150.0 9.0538e-06 6.726e-05
387721 748 29429.0 6.8909e-06 6.709e-05
387721 749 39773.0 1.0182e-05 6.7291e-05
387721 750 29825.0 6.8965e-06 6.7007e-05
387721 751 29821.0 7.0577e-06 6.6961e-05
387721 752 39676.0 1.0242e-05 6.7141e-05
387721 753 39662.0 1.0267e-05 6.7112e-05
387721 754 29326.0 7.0492e-06 6.6729e-05
387721 755 37769.0 9.614e-06 6.6856e-05
387721 756 39584.0 1.0268e-05 6.6962e-05
387721 757 39535.0 1.0258e-05 6.6904e-05
387721 758 39480.0 1.0243e-05 6.6794e-05
387721 759 39495.0 1.0267e-05 6.6814e-05
387721 760 35170.0 8.8232e-06 6.6781e-05
387721 761 39510.0 1.0233e-05 6.683e-05
387721 762 39479.0 1.0205e-05 6.6792e-05
387721 763 39448.0 1.0327e-05 6.6773e-05
387721 764 31877.0 7.667e-06 6.6577e-05
387721 765 39413.0 1.02e-05 6.6682e-05
387721 766 39335.0 1.0194e-05 6.6634e-05
387721 767 39384.0 1.0196e-05 6.661e-05
387721 768 39340.0 1.0176e-05 6.6576e-05
387721 769 39276.0 1.0264e-05 6.6422e-05
387721 770 33243.0 8.2417e-06 6.6288e-05
387721 771 39273.0 1.0279e-05 6.6455e-05
387721 772 29554.0 7.0069e-06 6.6153e-05
387721 773 38734.0 1.0219e-05 6.6267e-05
387721 774 29618.0 7.0359e-06 6.6118e-05
387721 775 39227.0 1.0289e-05 6.6365e-05
387721 776 39209.0 1.03e-05 6.6325e-05
387721 777 39194.0 1.0317e-05 6.6299e-05
387721 778 39184.0 1.0219e-05 6.628e-05
387721 779 29171.0 6.9227e-06 6.6028e-05
387721 780 39105.0 1.0171e-05 6.6146e-05
387721 781 39094.0 1.0253e-05 6.6117e-05
387721 782 39073.0 1.0252e-05 6.6078e-05
387721 783 38998.0 1.0349e-05 6.6003e-05
387721 784 38946.0 1.0259e-05 6.5857e-05
387721 785 38376.0 1.0158e-05 6.5889e-05
387721 786 38333.0 9.9662e-06 6.5918e-05
387721 787 38937.0 1.0305e-05 6.5859e-05
387721 788 38890.0 1.0305e-05 6.5803e-05
387721 789 38941.0 1.0209e-05 6.5855e-05
387721 790 38940.0 1.0325e-05 6.5863e-05
387721 791 38907.0 1.0347e-05 6.5814e-05
387721 792 38893.0 1.0348e-05 6.5783e-05
387721 793 38870.0 1.0282e-05 6.5751e-05
387721 794 38856.0 1.0387e-05 6.5713e-05
387721 795 38761.0 1.0257e-05 6.5629e-05
387721 796 38782.0 1.0257e-05 6.5598e-05
387721 797 38717.0 1.0318e-05 6.5551e-05
387721 798 38137.0 1.0038e-05 6.5428e-05
387721 799 38623.0 1.0268e-05 6.5344e-05
387721 800 38674.0 1.0337e-05 6.5405e-05
387721 801 38662.0 1.0344e-05 6.5398e-05
387721 802 38576.0 1.0195e-05 6.5267e-05
387721 803 38560.0 1.0477e-05 6.5227e-05
387721 804 38623.0 1.0358e-05 6.5344e-05
387721 805 38624.0 1.0359e-05 6.5318e-05
387721 806 38596.0 1.0251e-05 6.5275e-05
387721 807 38581.0 1.0329e-05 6.5249e-05
387721 808 38558.0 1.0326e-05 6.5237e-05
387721 809 38534.0 1.0304e-05 6.5178e-05
387721 810 38467.0 1.0448e-05 6.5144e-05
387721 811 37943.0 1.0147e-05 6.5099e-05
387721 812 38478.0 1.0377e-05 6.5071e-05
387721 813 38442.0 1.0428e-05 6.5026e-05
387721 814 38341.0 1.0382e-05 6.487e-05
387721 815 38403.0 1.0335e-05 6.4952e-05
387721 816 38392.0 1.0278e-05 6.4925e-05
387721 817 38376.0 1.0352e-05 6.4904e-05
387721 818 38287.0 1.0438e-05 6.4755e-05
387721 819 38208.0 1.0349e-05 6.4614e-05
387721 820 38246.0 1.0402e-05 6.4688e-05
387721 821 38329.0 1.0377e-05 6.4827e-05
387721 822 35958.0 9.5532e-06 6.475e-05
387721 823 0.0 0.0 0.0
387721 824 3.8501 5.1072e-06 6.4345e-05
387721 825 14079.0 5.2122e-06 6.4327e-05
387721 826 37652.0 1.0166e-05 6.4598e-05
387721 827 38178.0 1.0404e-05 6.457e-05
387721 828 38153.0 1.0426e-05 6.4529e-05
387721 829 38121.0 1.0515e-05 6.4474e-05
387721 830 38034.0 1.0365e-05 6.4304e-05
387721 831 38033.0 1.0403e-05 6.4317e-05
387721 832 38068.0 1.0422e-05 6.4379e-05
387721 833 38029.0 1.0422e-05 6.4311e-05
387721 834 37976.0 1.0392e-05 6.422e-05
387721 835 38016.0 1.0403e-05 6.4281e-05
387721 836 38035.0 1.0375e-05 6.4319e-05
387721 837 38029.0 1.0283e-05 6.4299e-05
387721 838 38015.0 1.0451e-05 6.4282e-05
387721 839 37431.0 1.0259e-05 6.4232e-05
387721 840 37971.0 1.0399e-05 6.4208e-05
387721 841 37905.0 1.0398e-05 6.4118e-05
387721 842 37898.0 1.0501e-05 6.4089e-05
387721 843 37870.0 1.0377e-05 6.4027e-05
387721 844 37835.0 1.0381e-05 6.396e-05
387721 845 37717.0 1.0397e-05 6.3825e-05
387721 846 37774.0 1.0388e-05 6.3866e-05
387721 847 37777.0 1.0454e-05 6.3921e-05
387721 848 37759.0 1.0396e-05 6.3844e-05
387721 849 37726.0 1.04e-05 6.3793e-05
387721 850 37762.0 1.0381e-05 6.3859e-05
387721 851 37766.0 1.0468e-05 6.3863e-05
387721 852 37166.0 1.0161e-05 6.3818e-05
387721 853 37730.0 1.0345e-05 6.3796e-05
387721 854 37706.0 1.0453e-05 6.3758e-05
387721 855 37680.0 1.0411e-05 6.3711e-05
387721 856 37625.0 1.042e-05 6.3627e-05
387721 857 37605.0 1.0388e-05 6.3589e-05
387721 858 37588.0 1.039e-05 6.3554e-05
387721 859 37530.0 1.0405e-05 6.3447e-05
387721 860 37446.0 1.0341e-05 6.335e-05
387721 861 37498.0 1.0404e-05 6.3419e-05
387721 862 37484.0 1.0412e-05 6.3424e-05
387721 863 37448.0 1.036e-05 6.3325e-05
387721 864 37426.0 1.0499e-05 6.3286e-05
387721 865 36942.0 1.0217e-05 6.337e-05
387721 866 37466.0 1.0438e-05 6.3355e-05
387721 867 37426.0 1.0387e-05 6.3325e-05
387721 868 37439.0 1.0429e-05 6.3296e-05
387721 869 37408.0 1.0507e-05 6.3264e-05
387721 870 13807.0 5.105e-06 6.2831e-05
387721 871 3726.5 4.9964e-06 6.2737e-05
387721 872 37321.0 1.0481e-05 6.3099e-05
387721 873 37280.0 1.0393e-05 6.304e-05
387721 874 37208.0 1.0472e-05 6.2913e-05
387721 875 37078.0 1.0423e-05 6.2835e-05
387721 876 37132.0 1.05e-05 6.2929e-05
387721 877 37117.0 1.0454e-05 6.2901e-05
387721 878 37037.0 1.0404e-05 6.2762e-05
387721 879 36509.0 1.0263e-05 6.275e-05
387721 880 37103.0 1.0498e-05 6.2876e-05
387721 881 37086.0 1.046e-05 6.2847e-05
387721 882 37125.0 1.0503e-05 6.2913e-05
387721 883 37036.0 1.0416e-05 6.2753e-05
387721 884 37009.0 1.0474e-05 6.2745e-05
387721 885 37044.0 1.0412e-05 6.2763e-05
387721 886 37022.0 1.0398e-05 6.276e-05
387721 887 37011.0 1.0563e-05 6.272e-05
387721 888 36984.0 1.0466e-05 6.2671e-05
387721 889 36967.0 1.0507e-05 6.2653e-05
387721 890 36950.0 1.047e-05 6.2612e-05
387721 891 36896.0 1.0486e-05 6.2512e-05
387721 892 36361.0 1.0305e-05 6.2492e-05
387721 893 36877.0 1.0478e-05 6.2518e-05
387721 894 36849.0 1.0462e-05 6.2461e-05
387721 895 36821.0 1.043e-05 6.2389e-05
387721 896 36843.0 1.0532e-05 6.2418e-05
387721 897 36826.0 1.0466e-05 6.2413e-05
387721 898 36796.0 1.0511e-05 6.2345e-05
387721 899 36753.0 1.0562e-05 6.2306e-05
387721 900 36775.0 1.0465e-05 6.2314e-05
387721 901 36754.0 1.0462e-05 6.2289e-05
387721 902 36691.0 1.0514e-05 6.2199e-05
387721 903 36688.0 1.0519e-05 6.218e-05
387721 904 36703.0 1.0618e-05 6.2198e-05
387721 905 36148.0 1.0317e-05 6.2112e-05
387721 906 36625.0 1.0456e-05 6.2046e-05
387721 907 36633.0 1.0555e-05 6.2065e-05
387721 908 36639.0 1.0481e-05 6.206e-05
387721 909 36569.0 1.0574e-05 6.1985e-05
387721 910 36551.0 1.0612e-05 6.1931e-05
387721 911 36582.0 1.0562e-05 6.1971e-05
387721 912 36568.0 1.0521e-05 6.1951e-05
387721 913 36513.0 1.0513e-05 6.1863e-05
387721 914 36453.0 1.0532e-05 6.1853e-05
387721 915 36519.0 1.0557e-05 6.1871e-05
387721 916 36494.0 1.0505e-05 6.1819e-05
387721 917 36453.0 1.0599e-05 6.176e-05
387672 1 21375.0 1.4084e-05 3.7975e-05
387672 2 21509.0 1.408e-05 3.7943e-05
387672 3 21410.0 1.4279e-05 3.7953e-05
387672 4 16161.0 9.1311e-06 3.7336e-05
387672 5 21425.0 1.4068e-05 3.7905e-05
387672 6 21435.0 1.413e-05 3.7879e-05
387672 7 21377.0 1.4192e-05 3.7874e-05
387672 8 21483.0 1.3967e-05 3.7856e-05
387672 9 21477.0 1.4021e-05 3.7848e-05
387672 10 21388.0 1.4173e-05 3.7865e-05
387672 11 21420.0 1.4034e-05 3.7823e-05
387672 12 21368.0 1.4267e-05 3.7872e-05
387672 13 21350.0 1.4274e-05 3.7852e-05
387672 14 21158.0 1.3767e-05 3.7718e-05
387672 15 21313.0 1.4288e-05 3.7829e-05
387672 16 21347.0 1.4124e-05 3.7785e-05
387672 17 21281.0 1.4302e-05 3.7774e-05
387672 18 21237.0 1.4338e-05 3.7764e-05
387672 19 21284.0 1.4253e-05 3.7761e-05
387672 20 21297.0 1.4204e-05 3.7735e-05
387672 21 21257.0 1.4233e-05 3.7698e-05
387672 22 21293.0 1.4056e-05 3.7653e-05
387672 23 21275.0 1.4193e-05 3.7709e-05
387672 24 21306.0 1.399e-05 3.7646e-05
387672 25 21249.0 1.4233e-05 3.7666e-05
387672 26 21231.0 1.4232e-05 3.7663e-05
387672 27 20970.0 1.4077e-05 3.7635e-05
387672 28 21248.0 1.4095e-05 3.7614e-05
387672 29 21217.0 1.4165e-05 3.761e-05
387672 30 21217.0 1.41e-05 3.7591e-05
387672 31 21193.0 1.4211e-05 3.7589e-05
387672 32 21129.0 1.4243e-05 3.7552e-05
387672 33 21135.0 1.4248e-05 3.7531e-05
387672 34 21142.0 1.4255e-05 3.7551e-05
387672 35 21165.0 1.4079e-05 3.7495e-05
387672 36 21062.0 1.4347e-05 3.7513e-05
387672 37 21059.0 1.4349e-05 3.752e-05
387672 38 21125.0 1.4158e-05 3.7488e-05
387672 39 20876.0 1.3937e-05 3.7422e-05
387672 40 21058.0 1.4317e-05 3.7485e-05
387672 41 21106.0 1.4216e-05 3.7466e-05
387672 42 21101.0 1.4198e-05 3.7456e-05
387672 43 21054.0 1.4246e-05 3.7438e-05
387672 44 21047.0 1.4223e-05 3.7415e-05
387672 45 21056.0 1.422e-05 3.7408e-05
387672 46 20943.0 1.4458e-05 3.7449e-05
387672 47 20957.0 1.428e-05 3.7359e-05
387672 48 21028.0 1.4174e-05 3.7325e-05
387672 49 21034.0 1.4114e-05 3.7335e-05
387672 50 20966.0 1.4339e-05 3.7353e-05
387672 51 20961.0 1.4258e-05 3.731e-05
387672 52 20815.0 1.3733e-05 3.7208e-05
387672 53 20948.0 1.4314e-05 3.7337e-05
387672 54 20856.0 1.4475e-05 3.7353e-05
387672 55 20870.0 1.4433e-05 3.7322e-05
387672 56 20909.0 1.4339e-05 3.729e-05
387672 57 20866.0 1.4407e-05 3.7295e-05
387672 58 20850.0 1.4341e-05 3.7238e-05
387672 59 20810.0 1.4035e-05 3.716e-05
387672 60 20816.0 1.4417e-05 3.7258e-05
387672 61 20836.0 1.4157e-05 3.717e-05
387672 62 20842.0 1.4257e-05 3.7148e-05
387672 63 20797.0 1.4382e-05 3.7196e-05
387672 64 20833.0 1.4305e-05 3.7167e-05
387672 65 20534.0 1.4115e-05 3.7098e-05
387672 66 20699.0 1.4465e-05 3.7174e-05
387672 67 20745.0 1.4415e-05 3.7177e-05
387672 68 20761.0 1.4413e-05 3.7156e-05
387672 69 20729.0 1.44e-05 3.7135e-05
387672 70 20715.0 1.44e-05 3.7118e-05
387672 71 20759.0 1.4314e-05 3.7093e-05
387672 72 20780.0 1.4279e-05 3.7065e-05
387672 73 20728.0 1.4312e-05 3.7063e-05
387672 74 20660.0 1.4457e-05 3.7089e-05
387672 75 20726.0 1.424e-05 3.7022e-05
387672 76 20641.0 1.4449e-05 3.7036e-05
387672 77 20660.0 1.4279e-05 3.6964e-05
387672 78 20470.0 1.4063e-05 3.6926e-05
387672 79 20708.0 1.4208e-05 3.6953e-05
387672 80 20636.0 1.428e-05 3.6928e-05
387672 81 20654.0 1.4261e-05 3.6906e-05
387672 82 20596.0 1.4386e-05 3.6974e-05
387672 83 20628.0 1.4305e-05 3.6936e-05
387672 84 20554.0 1.4422e-05 3.6944e-05
387672 85 20520.0 1.4452e-05 3.6955e-05
387672 86 20564.0 1.4359e-05 3.6927e-05
387672 87 20629.0 1.4231e-05 3.6867e-05
387672 88 20552.0 1.4372e-05 3.6894e-05
387672 89 20437.0 1.4567e-05 3.6934e-05
387672 90 20461.0 1.4569e-05 3.6913e-05
387672 91 20320.0 1.4085e-05 3.6731e-05
387672 92 20492.0 1.4368e-05 3.6802e-05
387672 93 20434.0 1.4502e-05 3.6853e-05
387672 94 20396.0 1.4613e-05 3.6847e-05
387672 95 20393.0 1.4479e-05 3.6778e-05
387672 96 20428.0 1.4381e-05 3.676e-05
387672 97 20440.0 1.4363e-05 3.6784e-05
387672 98 20399.0 1.4484e-05 3.6774e-05
387672 99 20390.0 1.4439e-05 3.6756e-05
387672 100 20411.0 1.4417e-05 3.6753e-05
387672 101 20363.0 1.4516e-05 3.6767e-05
387672 102 20389.0 1.4447e-05 3.6718e-05
387672 103 20356.0 1.4545e-05 3.6781e-05
387672 104 20138.0 1.4181e-05 3.6591e-05
387672 105 20311.0 1.4468e-05 3.6672e-05
387672 106 20324.0 1.446e-05 3.6686e-05
387672 107 20318.0 1.4423e-05 3.6652e-05
387672 108 20184.0 1.4604e-05 3.6651e-05
387672 109 20129.0 1.4557e-05 3.6647e-05
387672 110 20008.0 1.4149e-05 3.6538e-05
387672 111 20174.0 1.466e-05 3.665e-05
387672 112 20268.0 1.4398e-05 3.6549e-05
387672 113 11122.0 6.1775e-06 3.5614e-05
387672 114 0.0 0.0 0.0
387672 115 2.2114 4.0293e-06 3.5384e-05
387672 116 11860.0 6.6613e-06 3.5602e-05
387672 117 20157.0 1.4646e-05 3.6614e-05
387672 118 20166.0 1.4623e-05 3.6583e-05
387672 119 17887.0 1.1547e-05 3.5961e-05
387672 120 16657.0 1.0329e-05 3.5836e-05
387672 121 20060.0 1.4754e-05 3.6577e-05
387672 122 20119.0 1.4501e-05 3.6478e-05
387672 123 20111.0 1.4543e-05 3.6452e-05
387672 124 20229.0 1.426e-05 3.6392e-05
387672 125 20123.0 1.455e-05 3.6453e-05
387672 126 20084.0 1.4509e-05 3.6413e-05
387672 127 20052.0 1.456e-05 3.6403e-05
387672 128 20017.0 1.467e-05 3.6482e-05
387672 129 20067.0 1.458e-05 3.6431e-05
387672 130 19982.0 1.4687e-05 3.6439e-05
387672 131 20082.0 1.447e-05 3.6387e-05
387672 132 19853.0 1.4334e-05 3.635e-05
387672 133 19991.0 1.469e-05 3.6414e-05
387672 134 19976.0 1.471e-05 3.6392e-05
387672 135 19980.0 1.4684e-05 3.6381e-05
387672 136 19977.0 1.4588e-05 3.6356e-05
387672 137 19950.0 1.4611e-05 3.6313e-05
387672 138 19887.0 1.4669e-05 3.631e-05
387672 139 19924.0 1.4708e-05 3.6332e-05
387672 140 19980.0 1.4554e-05 3.628e-05
387672 141 19875.0 1.4787e-05 3.6293e-05
387672 142 19880.0 1.4727e-05 3.6285e-05
387672 143 19926.0 1.4606e-05 3.6277e-05
387672 144 19866.0 1.4694e-05 3.6275e-05
387672 145 19739.0 1.4293e-05 3.6146e-05
387672 146 19880.0 1.4629e-05 3.6233e-05
387672 147 19896.0 1.4593e-05 3.6219e-05
387672 148 19869.0 1.463e-05 3.6194e-05
387672 149 19843.0 1.4645e-05 3.618e-05
387672 150 19813.0 1.4709e-05 3.6198e-05
387672 151 19852.0 1.4602e-05 3.6161e-05
387672 152 19796.0 1.4679e-05 3.6132e-05
387672 153 19808.0 1.458e-05 3.6111e-05
387672 154 19693.0 1.4855e-05 3.6176e-05
387672 155 19826.0 1.4527e-05 3.607e-05
387672 156 19733.0 1.4702e-05 3.6081e-05
387672 157 19728.0 1.4749e-05 3.6093e-05
387672 158 19537.0 1.4428e-05 3.6029e-05
387672 159 19597.0 1.4909e-05 3.6137e-05
387672 160 19702.0 1.4719e-05 3.6058e-05
387672 161 19624.0 1.4871e-05 3.6115e-05
387672 162 19599.0 1.4948e-05 3.6122e-05
387672 163 19717.0 1.4625e-05 3.6008e-05
387672 164 19688.0 1.4574e-05 3.5991e-05
387672 165 19612.0 1.4832e-05 3.605e-05
387672 166 19537.0 1.4933e-05 3.6058e-05
387672 167 19559.0 1.4799e-05 3.5993e-05
387672 168 19549.0 1.4833e-05 3.5997e-05
387672 169 19605.0 1.4747e-05 3.5967e-05
387672 170 19525.0 1.4841e-05 3.5971e-05
387672 171 19388.0 1.4469e-05 3.5849e-05
387672 172 19459.0 1.4929e-05 3.5985e-05
387672 173 19419.0 1.484e-05 3.5954e-05
387672 174 19490.0 1.4838e-05 3.5938e-05
387672 175 19513.0 1.4816e-05 3.5911e-05
387672 176 19584.0 1.4684e-05 3.5873e-05
387672 177 19631.0 1.4548e-05 3.5825e-05
387672 178 19478.0 1.4801e-05 3.5866e-05
387672 179 19404.0 1.4936e-05 3.5901e-05
387672 180 19497.0 1.4746e-05 3.5845e-05
387672 181 19374.0 1.488e-05 3.5857e-05
387672 182 19372.0 1.4844e-05 3.5821e-05
387672 183 19513.0 1.4662e-05 3.5769e-05
387672 184 19231.0 1.4636e-05 3.577e-05
387672 185 19398.0 1.4792e-05 3.5783e-05
387672 186 19296.0 1.4925e-05 3.5801e-05
387672 187 19427.0 1.473e-05 3.5765e-05
387672 188 19395.0 1.4774e-05 3.5759e-05
387672 189 19369.0 1.4803e-05 3.574e-05
387672 190 19392.0 1.4729e-05 3.5718e-05
387672 191 19345.0 1.4863e-05 3.5757e-05
387672 192 19443.0 1.4614e-05 3.5667e-05
387672 193 19308.0 1.4861e-05 3.5718e-05
387672 194 19351.0 1.4713e-05 3.5676e-05
387672 195 19162.0 1.5008e-05 3.5766e-05
387672 196 19176.0 1.4979e-05 3.5713e-05
387672 197 19178.0 1.4452e-05 3.5528e-05
387672 198 19156.0 1.4948e-05 3.5701e-05
387672 199 19234.0 1.4856e-05 3.5649e-05
387672 200 19152.0 1.4943e-05 3.5643e-05
387672 201 19152.0 1.4904e-05 3.5627e-05
387672 202 19304.0 1.4697e-05 3.5571e-05
387672 203 19264.0 1.4736e-05 3.5567e-05
387672 204 19124.0 1.496e-05 3.5609e-05
387672 205 19092.0 1.4979e-05 3.5631e-05
387672 206 19048.0 1.5064e-05 3.5648e-05
387672 207 19080.0 1.4979e-05 3.5597e-05
387672 208 19047.0 1.4993e-05 3.5594e-05
387672 209 19074.0 1.4959e-05 3.5568e-05
387672 210 19127.0 1.4359e-05 3.5376e-05
387672 211 19044.0 1.4942e-05 3.5516e-05
387672 212 19021.0 1.4937e-05 3.5514e-05
387672 213 19051.0 1.4908e-05 3.5501e-05
387672 214 18978.0 1.4993e-05 3.5509e-05
387672 215 18926.0 1.5073e-05 3.5494e-05
387672 216 18894.0 1.5096e-05 3.5514e-05
387506 6 757.25 2.9361e-05 7.6726e-05
387506 7 1040.0 4.9696e-05 8.3038e-05
387506 8 1042.2 4.9972e-05 8.327e-05
387506 9 1041.1 4.9518e-05 8.307e-05
387506 10 1038.3 4.9355e-05 8.2876e-05
387506 11 1034.2 5.04e-05 8.2855e-05
387506 12 1030.0 5.058e-05 8.2618e-05
387506 13 1029.1 5.0163e-05 8.2459e-05
387506 14 1015.6 4.9171e-05 8.2264e-05
387506 15 1030.0 4.9645e-05 8.2365e-05
387506 16 602.48 1.955e-05 7.3334e-05
387506 17 0.0 0.0 0.0
387506 18 0.0 0.0 0.0
387506 19 418.34 9.879e-06 7.0312e-05
387506 20 1016.3 5.0837e-05 8.1779e-05
387506 21 1011.6 5.0544e-05 8.1401e-05
387506 22 1011.0 5.1066e-05 8.1496e-05
387506 23 1009.5 5.0987e-05 8.1368e-05
387506 24 1007.5 5.1356e-05 8.1344e-05
387506 25 1005.3 5.1082e-05 8.1175e-05
387506 26 1004.9 5.1007e-05 8.1183e-05
387506 27 1003.4 5.1132e-05 8.101e-05
387506 28 1000.5 5.1415e-05 8.0895e-05
387506 29 998.7 5.1445e-05 8.0786e-05
387506 30 981.88 5.055e-05 8.0363e-05
387506 31 994.94 5.1499e-05 8.0558e-05
387506 32 991.79 5.1218e-05 8.0272e-05
387506 33 991.12 5.1583e-05 8.0319e-05
387506 34 989.95 5.1374e-05 8.0193e-05
387506 35 987.3 5.1609e-05 8.0091e-05
387506 36 985.97 5.2239e-05 8.0172e-05
387506 37 985.76 5.1294e-05 7.9894e-05
387506 38 984.57 5.1898e-05 7.9983e-05
387506 39 983.15 5.1904e-05 7.9893e-05
387506 40 981.82 5.2409e-05 7.995e-05
387506 41 980.54 5.2356e-05 7.9856e-05
387506 42 573.37 2.0524e-05 7.0005e-05
387506 43 569.79 2.0829e-05 6.9928e-05
387506 44 975.15 5.2725e-05 7.9602e-05
387506 45 973.63 5.2893e-05 7.9555e-05
387506 46 970.8 5.2963e-05 7.9387e-05
387506 47 967.87 5.2624e-05 7.9116e-05
387506 48 968.72 5.2442e-05 7.9102e-05
387506 49 966.43 5.2431e-05 7.8957e-05
387506 50 964.93 5.3141e-05 7.9054e-05
387506 51 962.66 5.2199e-05 7.864e-05
387506 52 962.96 5.2493e-05 7.8754e-05
387506 53 961.78 5.294e-05 7.8796e-05
387506 54 960.19 5.3168e-05 7.8758e-05
387506 55 958.47 5.2763e-05 7.8532e-05
387506 56 942.54 5.1767e-05 7.8098e-05
387506 57 954.98 5.2947e-05 7.836e-05
387506 58 953.15 5.2734e-05 7.8172e-05
387506 59 951.94 5.3541e-05 7.8331e-05
387506 60 950.91 5.3483e-05 7.825e-05
387506 61 947.69 5.3592e-05 7.8069e-05
387506 62 946.68 5.3408e-05 7.7952e-05
387506 63 946.15 5.3545e-05 7.7964e-05
387506 64 944.34 5.339e-05 7.779e-05
387506 65 942.27 5.3993e-05 7.784e-05
387506 66 941.35 5.3635e-05 7.767e-05
387506 67 941.0 5.4097e-05 7.7794e-05
387506 68 938.91 5.3881e-05 7.7588e-05
387506 69 922.15 5.204e-05 7.6851e-05
387506 70 937.15 5.3743e-05 7.7438e-05
387506 71 934.94 5.3993e-05 7.737e-05
387506 72 932.29 5.4451e-05 7.7347e-05
387506 73 930.95 5.4073e-05 7.7134e-05
387506 74 930.49 5.4437e-05 7.7215e-05
387506 75 927.64 5.4234e-05 7.6989e-05
387506 76 925.64 5.4517e-05 7.6926e-05
387506 77 924.45 5.4321e-05 7.682e-05
387506 78 923.99 5.4204e-05 7.6735e-05
387506 79 921.94 5.4739e-05 7.6764e-05
387506 80 918.71 5.4121e-05 7.6364e-05
387506 81 458.2 1.658e-05 6.4766e-05
387506 82 0.0 0.0 0.0
387506 83 795.33 4.3673e-05 7.2583e-05
387506 84 913.61 5.4159e-05 7.605e-05
387506 85 914.81 5.4462e-05 7.6226e-05
387506 86 912.47 5.509e-05 7.626e-05
387506 87 909.51 5.5289e-05 7.6131e-05
387506 88 906.69 5.5193e-05 7.5929e-05
387506 89 907.07 5.5459e-05 7.6038e-05
387506 90 904.18 5.5584e-05 7.5926e-05
387506 91 902.07 5.5402e-05 7.5704e-05
387506 92 902.07 5.5907e-05 7.5855e-05
387506 93 900.34 5.5496e-05 7.5627e-05
387506 94 897.65 5.5863e-05 7.5574e-05
387506 95 895.46 5.5555e-05 7.5358e-05
387506 96 882.86 5.4085e-05 7.4897e-05
387506 97 894.81 5.5979e-05 7.5467e-05
387506 98 892.58 5.573e-05 7.5221e-05
387506 99 892.56 5.6398e-05 7.5416e-05
387506 100 890.98 5.6334e-05 7.5297e-05
387506 101 888.06 5.6504e-05 7.5167e-05
387506 102 886.96 5.64e-05 7.5063e-05
387506 103 886.12 5.6547e-05 7.5065e-05
387506 104 884.77 5.6629e-05 7.5e-05
387506 105 881.41 5.6643e-05 7.4791e-05
387506 106 879.57 5.6699e-05 7.4701e-05
387506 107 879.28 5.6437e-05 7.46e-05
387506 108 877.84 5.6543e-05 7.4543e-05
387506 109 861.01 5.5555e-05 7.3968e-05
387506 110 873.71 5.7278e-05 7.4545e-05
387506 111 873.96 5.7082e-05 7.4483e-05
387506 112 871.5 5.6521e-05 7.4148e-05
387506 113 869.79 5.6769e-05 7.412e-05
387506 114 868.68 5.7532e-05 7.4301e-05
387506 115 866.32 5.71e-05 7.3995e-05
387506 116 863.24 5.7385e-05 7.3907e-05
387506 117 864.3 5.7449e-05 7.3988e-05
387506 118 863.05 5.7387e-05 7.389e-05
387506 119 860.99 5.7598e-05 7.3836e-05
387506 120 857.89 5.7978e-05 7.3756e-05
387506 121 856.66 5.7781e-05 7.3621e-05
387506 122 842.49 5.63e-05 7.3048e-05
387506 123 855.15 5.7901e-05 7.3566e-05
387506 124 854.27 5.846e-05 7.3702e-05
387506 125 851.34 5.8278e-05 7.3461e-05
387506 126 849.27 5.8028e-05 7.3253e-05
387506 127 849.21 5.8307e-05 7.3427e-05
387506 128 848.92 5.7808e-05 7.3163e-05
387506 129 848.04 5.8931e-05 7.3497e-05
387506 130 846.92 5.8422e-05 7.3242e-05
387506 131 845.06 5.8536e-05 7.3163e-05
387506 132 844.67 5.8961e-05 7.3285e-05
387506 133 844.59 5.9002e-05 7.329e-05
387506 134 842.96 5.9056e-05 7.3205e-05
387506 135 828.57 5.7253e-05 7.248e-05
387506 136 839.12 5.9013e-05 7.3003e-05
387506 137 838.27 5.8883e-05 7.2861e-05
387506 138 837.11 5.9094e-05 7.2859e-05
387506 139 835.83 5.9371e-05 7.288e-05
387506 140 832.78 5.9672e-05 7.2783e-05
387506 141 832.61 5.9877e-05 7.2843e-05
387506 142 832.97 5.9621e-05 7.2789e-05
387506 143 830.45 5.8971e-05 7.2445e-05
387506 144 829.48 5.9108e-05 7.24e-05
387506 145 828.72 5.8097e-05 7.2027e-05
387506 146 829.54 5.9392e-05 7.2502e-05
387506 147 828.66 5.9296e-05 7.2417e-05
387506 148 814.54 5.7894e-05 7.1818e-05
387506 149 826.0 5.9439e-05 7.23e-05
387506 150 825.22 5.9562e-05 7.2297e-05
387506 151 824.6 5.9757e-05 7.2312e-05
387506 152 823.35 5.9853e-05 7.2273e-05
387506 153 820.38 5.9432e-05 7.1956e-05
387506 154 820.46 5.8754e-05 7.1724e-05
387506 155 820.33 5.9931e-05 7.2121e-05
387506 156 818.66 5.9631e-05 7.1909e-05
387506 157 817.55 5.995e-05 7.1944e-05
387506 158 816.67 5.9242e-05 7.1661e-05
387506 159 816.88 6.0198e-05 7.1997e-05
387506 160 815.36 6.0204e-05 7.191e-05
387506 161 800.83 5.8009e-05 7.0993e-05
387506 162 814.09 6.0285e-05 7.1854e-05
387506 163 813.14 6.0199e-05 7.1768e-05
387506 164 811.17 6.0153e-05 7.1645e-05
387506 165 811.14 6.0522e-05 7.1757e-05
387506 166 810.04 6.0339e-05 7.1616e-05
387506 167 808.72 6.0567e-05 7.1619e-05
387506 168 806.73 6.0377e-05 7.1449e-05
387506 169 807.34 6.0837e-05 7.1625e-05
387506 170 806.53 6.0828e-05 7.1574e-05
387506 171 804.49 6.0274e-05 7.1263e-05
387506 172 803.57 6.0745e-05 7.1383e-05
387506 173 803.83 6.0582e-05 7.1327e-05
387506 174 790.87 5.9384e-05 7.0863e-05
387506 175 801.84 6.1502e-05 7.1519e-05
387506 176 801.13 6.0818e-05 7.1237e-05
387506 177 800.6 6.0941e-05 7.1247e-05
387506 178 798.85 6.036e-05 7.0948e-05
387506 179 798.64 6.1468e-05 7.1305e-05
387506 180 797.76 6.0787e-05 7.1018e-05
387506 181 797.22 6.1272e-05 7.1161e-05
387506 182 795.57 6.1636e-05 7.1167e-05
387506 183 794.03 6.1039e-05 7.0882e-05
387506 184 794.36 6.1363e-05 7.1e-05
387506 185 793.15 6.1145e-05 7.0857e-05
387506 186 779.65 6.0132e-05 7.0332e-05
387506 187 792.27 6.1895e-05 7.1044e-05
387506 188 791.34 6.1666e-05 7.0925e-05
387506 189 791.0 6.1988e-05 7.1021e-05
387506 190 787.73 6.1486e-05 7.0654e-05
387506 191 785.32 6.1147e-05 7.0391e-05
387506 192 786.39 6.1956e-05 7.0725e-05
387506 193 785.24 6.1707e-05 7.057e-05
387506 194 782.55 6.2362e-05 7.0645e-05
387506 195 781.54 6.1963e-05 7.0433e-05
387506 196 781.35 6.2159e-05 7.0501e-05
387506 197 777.9 6.2056e-05 7.0269e-05
387506 198 777.35 6.2042e-05 7.0247e-05
387506 199 764.84 6.0874e-05 6.9793e-05
387506 200 776.8 6.2482e-05 7.0365e-05
387506 201 775.73 6.1869e-05 7.0063e-05
387506 202 775.54 6.2142e-05 7.0137e-05
387506 203 774.76 6.2098e-05 7.0072e-05
387506 204 772.58 6.2144e-05 7.0021e-05
387506 205 773.47 6.2898e-05 7.0276e-05
387506 206 772.43 6.2738e-05 7.0156e-05
387506 207 771.09 6.2442e-05 6.9977e-05
387506 208 769.26 6.2459e-05 6.9859e-05
387506 209 769.42 6.3048e-05 7.0089e-05
387506 210 768.37 6.2599e-05 6.9867e-05
387506 211 767.49 6.3477e-05 7.0117e-05
387506 212 753.37 6.1235e-05 6.915e-05
387506 213 765.45 6.2597e-05 6.9685e-05
387506 214 765.46 6.2844e-05 6.9779e-05
387506 215 764.33 6.2792e-05 6.9688e-05
387506 216 763.84 6.3136e-05 6.9781e-05
387506 217 763.4 6.2647e-05 6.9583e-05
387506 218 763.28 6.351e-05 6.988e-05
387506 219 761.62 6.2832e-05 6.9538e-05
387506 220 762.34 6.2932e-05 6.9617e-05
387506 221 760.76 6.3488e-05 6.9712e-05
387506 222 759.74 6.3872e-05 6.9796e-05
387506 223 758.25 6.3247e-05 6.9483e-05
387506 224 757.33 6.2866e-05 6.9291e-05
387506 225 746.13 6.2369e-05 6.9093e-05
387506 226 756.11 6.3689e-05 6.9509e-05
387506 227 754.68 6.2802e-05 6.9112e-05
387506 228 755.9 6.3539e-05 6.9444e-05
387506 229 754.95 6.3358e-05 6.9323e-05
387506 230 753.58 6.32e-05 6.9186e-05
387506 231 753.99 6.423e-05 6.9575e-05
387506 232 752.57 6.2556e-05 6.8895e-05
387506 233 752.91 6.3677e-05 6.9306e-05
387506 234 751.97 6.3816e-05 6.9304e-05
387506 235 751.46 6.3824e-05 6.928e-05
387506 236 750.84 6.358e-05 6.9153e-05
387506 237 749.49 6.3738e-05 6.9132e-05
387506 238 736.58 6.2052e-05 6.8392e-05
387506 239 747.42 6.2331e-05 6.8494e-05
387506 240 747.84 6.3844e-05 6.9074e-05
387506 241 745.54 6.3282e-05 6.8724e-05
387506 242 745.75 6.3961e-05 6.8984e-05
387506 243 745.41 6.349e-05 6.88e-05
387506 244 745.23 6.4573e-05 6.9172e-05
387506 245 743.38 6.3709e-05 6.8756e-05
387506 246 743.17 6.3387e-05 6.8619e-05
387506 247 743.77 6.4294e-05 6.8985e-05
387506 248 742.65 6.4434e-05 6.8998e-05
387506 249 741.7 6.4063e-05 6.8803e-05
387506 250 742.45 6.4459e-05 6.8971e-05
387506 251 729.95 6.2654e-05 6.8207e-05
387506 252 740.68 6.4756e-05 6.8983e-05
387506 253 739.21 6.3309e-05 6.8354e-05
387506 254 739.35 6.4331e-05 6.8741e-05
387506 255 738.6 6.4766e-05 6.8846e-05
387506 256 737.06 6.4539e-05 6.8669e-05
387506 257 736.97 6.4481e-05 6.8646e-05
387506 258 736.99 6.4523e-05 6.8664e-05
387506 259 735.49 6.4313e-05 6.8495e-05
387506 260 735.53 6.5254e-05 6.8853e-05
387506 261 735.54 6.4265e-05 6.8481e-05
387506 262 735.62 6.5252e-05 6.8843e-05
387506 263 734.65 6.5465e-05 6.8869e-05
387506 264 721.48 6.2773e-05 6.7756e-05
387506 265 733.63 6.5051e-05 6.8668e-05
387506 266 732.94 6.5206e-05 6.867e-05
387506 267 732.2 6.5491e-05 6.8724e-05
387506 268 730.65 6.3993e-05 6.8088e-05
387506 269 730.8 6.4584e-05 6.8313e-05
387506 270 729.18 6.459e-05 6.822e-05
387506 271 728.39 6.464e-05 6.8187e-05
387506 272 729.41 6.5116e-05 6.8426e-05
387506 273 728.47 6.4901e-05 6.8294e-05
387506 274 727.88 6.5553e-05 6.8495e-05
387506 275 727.65 6.5419e-05 6.8435e-05
387506 276 727.63 6.5292e-05 6.8391e-05
387506 277 715.08 6.3347e-05 6.754e-05
387506 278 724.67 6.43e-05 6.784e-05
387506 279 725.4 6.543e-05 6.8302e-05
387506 280 723.95 6.4094e-05 6.7734e-05
387506 281 724.14 6.5566e-05 6.8286e-05
387506 282 723.66 6.5384e-05 6.8178e-05
387506 283 723.33 6.514e-05 6.8073e-05
387506 284 721.66 6.4717e-05 6.7828e-05
387506 285 721.56 6.5672e-05 6.8167e-05
387506 286 720.94 6.569e-05 6.8141e-05
387506 287 721.25 6.6115e-05 6.8308e-05
387506 288 720.51 6.5993e-05 6.8222e-05
387506 289 718.93 6.5579e-05 6.7982e-05
387506 290 707.59 6.416e-05 6.7392e-05
387506 291 719.31 6.6195e-05 6.8226e-05
387506 292 717.78 6.53e-05 6.7808e-05
387506 293 717.58 6.6159e-05 6.8108e-05
387506 294 717.17 6.5658e-05 6.7906e-05
387506 295 717.45 6.573e-05 6.794e-05
387506 296 716.7 6.6421e-05 6.8151e-05
387506 297 715.23 6.6108e-05 6.7951e-05
387506 298 715.69 6.6042e-05 6.7956e-05
387506 299 714.49 6.5971e-05 6.7862e-05
387506 300 712.97 6.5178e-05 6.7472e-05
387506 301 713.7 6.627e-05 6.7923e-05
387506 302 712.67 6.5582e-05 6.761e-05
387506 303 701.46 6.3857e-05 6.6908e-05
387506 304 713.34 6.6855e-05 6.8121e-05
387506 305 711.43 6.5925e-05 6.766e-05
387506 306 710.94 6.6006e-05 6.7671e-05
387506 307 710.35 6.6809e-05 6.7932e-05
387506 308 710.19 6.6253e-05 6.7706e-05
387506 309 706.4 6.6199e-05 6.7474e-05
387506 310 706.43 6.6898e-05 6.7737e-05
387506 311 707.13 6.6461e-05 6.7611e-05
387506 312 707.68 6.5929e-05 6.7442e-05
387506 313 706.07 6.6663e-05 6.7619e-05
387568 18 37.838 9.0064e-07 1.625e-05
387568 19 60.461 0.00012136 0.00019408
387568 20 91.612 0.00014939 0.0002389
387568 21 90.204 0.00014805 0.00023671
387568 22 89.73 0.0001473 0.00023554
387568 23 90.07 0.00014772 0.00023626
387568 24 89.796 0.00014731 0.00023558
387568 25 89.871 0.00014742 0.00023576
387568 26 91.048 0.00014931 0.00023882
387568 27 87.511 0.00014563 0.0002329
387568 28 91.136 0.00014947 0.00023905
387568 29 90.696 0.00014888 0.00023808
387568 30 90.648 0.00014871 0.00023781
387568 31 89.285 0.00014648 0.00023424
387568 32 88.978 0.00014595 0.00023341
387568 33 89.687 0.00014822 0.00023705
387568 34 0.10354 5.4744e-07 1.6136e-05
387568 35 243.27 4.1343e-05 3.0072e-05
387568 36 91.13 0.00014953 0.00023909
387568 37 89.918 0.00014747 0.00023587
387568 38 91.128 0.00014944 0.00023902
387568 39 89.573 0.00014689 0.00023495
387568 40 90.389 0.00014819 0.00023705
387568 41 86.692 0.00014426 0.00023071
387568 42 90.179 0.00014795 0.00023659
387568 43 89.669 0.00014709 0.00023522
387568 44 89.65 0.00014701 0.00023515
387568 45 91.106 0.00014938 0.00023893
387568 46 89.722 0.00014715 0.00023534
387568 47 90.677 0.00014871 0.00023785
387568 48 89.406 0.00014661 0.0002345
387568 49 90.743 0.00014885 0.00023805
387568 50 90.986 0.00014929 0.00023871
387568 51 89.46 0.00014672 0.00023466
387568 52 90.578 0.00014864 0.00023767
387568 53 89.329 0.00014651 0.00023432
387568 54 86.924 0.00014468 0.00023143
387568 55 90.688 0.00014874 0.0002379
387568 56 89.833 0.00014738 0.00023567
387568 57 89.209 0.00014637 0.00023406
387568 58 89.611 0.00014703 0.00023511
387568 59 89.155 0.00014627 0.0002339
387568 60 90.542 0.00014862 0.00023761
387568 61 89.579 0.00014689 0.00023494
387568 62 91.108 0.00014943 0.00023899
387568 63 90.091 0.00014782 0.00023636
387568 64 91.033 0.00014929 0.00023878
387568 65 88.888 0.00014589 0.00023325
387568 66 89.293 0.00014652 0.00023433
387568 67 86.944 0.00014467 0.00023138
387568 68 88.9 0.00014583 0.00023321
387568 69 90.435 0.00014823 0.00023713
387568 70 90.271 0.00014807 0.00023681
387568 71 90.06 0.00014774 0.00023626
387568 72 89.113 0.00014611 0.0002337
387568 73 90.9 0.00014908 0.00023844
387568 74 89.233 0.00014638 0.00023408
387568 75 90.471 0.00014839 0.00023732
387568 76 90.987 0.00014932 0.00023874
387568 77 91.07 0.00014939 0.0002389
387568 78 90.691 0.00014879 0.00023794
387568 79 90.546 0.00014848 0.00023749
387568 80 88.402 0.00014717 0.00023533
387568 81 91.108 0.00014944 0.00023899
387568 82 90.322 0.0001482 0.00023697
387568 83 88.663 0.00014546 0.00023261
387568 84 90.679 0.00014874 0.00023787
387568 85 90.835 0.00014903 0.00023831
387568 86 89.573 0.00014691 0.00023495
387568 87 89.974 0.00014758 0.00023602
387568 88 90.018 0.00014765 0.00023613
387568 89 89.862 0.00014734 0.00023567
387568 90 89.518 0.00014682 0.00023481
387568 91 90.482 0.00014849 0.00023742
387568 92 91.173 0.00014961 0.00023922
387568 93 87.129 0.00014502 0.00023191
387568 94 88.966 0.00014598 0.00023342
387568 95 91.035 0.00014933 0.00023881
387568 96 90.376 0.00014821 0.00023705
387568 97 88.906 0.00014579 0.00023318
387568 98 91.026 0.0001493 0.00023878
387568 99 90.534 0.00014851 0.0002375
387568 100 91.05 0.00014936 0.00023885
387568 101 90.099 0.00014778 0.00023635
387568 102 88.993 0.00014598 0.00023345
387568 103 89.446 0.00014678 0.0002347
387568 104 89.533 0.00014689 0.00023488
387568 105 90.995 0.00014924 0.00023868
387568 106 87.177 0.00014509 0.00023203
387568 107 91.066 0.00014938 0.00023889
387568 108 90.962 0.00014923 0.00023863
387568 109 90.199 0.000148 0.00023666
387568 110 88.959 0.00014598 0.00023341
387568 111 90.393 0.00014829 0.00023715
387568 112 91.066 0.00014937 0.00023887
387568 113 89.757 0.00014727 0.00023549
387568 114 89.472 0.00014686 0.0002348
387568 115 91.134 0.00014952 0.00023909
387568 116 91.191 0.0001496 0.00023924
387568 117 88.96 0.00014597 0.0002334
387568 118 89.009 0.00014593 0.00023342
387568 119 88.04 0.00014654 0.00023434
387568 120 91.17 0.00014962 0.00023923
387568 121 89.123 0.00014617 0.00023378
387568 122 91.122 0.00014949 0.00023905
387568 123 89.575 0.00014699 0.00023502
387568 124 89.96 0.00014757 0.000236
387568 125 91.089 0.00014946 0.00023899
387568 126 89.567 0.00014691 0.00023495
387568 127 91.14 0.00014948 0.00023908
387568 128 89.932 0.0001475 0.0002359
387568 129 89.149 0.00014616 0.0002338
387568 130 90.664 0.00014876 0.00023787
387568 131 88.854 0.00014573 0.00023306
387568 132 87.331 0.00014537 0.00023246
387568 133 89.854 0.00014737 0.00023569
387568 134 90.739 0.00014885 0.00023804
387568 135 90.943 0.00014919 0.00023858
387568 136 89.591 0.00014699 0.00023504
387568 137 89.862 0.00014737 0.00023571
387568 138 90.985 0.00014921 0.00023864
387568 139 89.162 0.00014625 0.00023389
387568 140 88.948 0.00014594 0.00023336
387568 141 91.105 0.00014954 0.00023907
387568 142 89.453 0.00014673 0.00023466
387568 143 91.044 0.00014935 0.00023884
387568 144 91.124 0.00014947 0.00023903
387568 145 67.76 0.00012741 0.00020376
387568 146 0.0 0.0 0.0
387606 25 14925.0 1.2345e-05 0.00011564
387606 26 48882.0 1.2527e-05 0.00011566
387606 27 67575.0 1.325e-05 0.0001157
387606 28 68561.0 1.331e-05 0.00011559
387606 29 68515.0 1.3238e-05 0.00011548
387606 30 68450.0 1.3271e-05 0.00011534
387606 31 68306.0 1.3276e-05 0.00011514
387606 32 68247.0 1.3238e-05 0.00011501
387606 33 68171.0 1.3236e-05 0.00011488
387606 34 24295.0 1.2173e-05 0.0001146
387606 35 0.0 0.0 0.0
387606 36 65989.0 1.3056e-05 0.00011452
387606 37 67883.0 1.3131e-05 0.0001144
387606 38 67812.0 1.314e-05 0.00011428
387606 39 67723.0 1.3129e-05 0.00011416
387606 40 67640.0 1.307e-05 0.00011403
387606 41 67587.0 1.311e-05 0.00011392
387606 42 66564.0 1.3023e-05 0.00011378
387606 43 67458.0 1.3046e-05 0.00011366
387606 44 67395.0 1.3023e-05 0.00011355
387606 45 67317.0 1.3032e-05 0.00011343
387606 46 67251.0 1.2997e-05 0.00011331
387606 47 66819.0 1.2983e-05 0.00011319
387606 48 66735.0 1.2943e-05 0.00011305
387606 49 66682.0 1.2926e-05 0.00011294
387606 50 66608.0 1.2945e-05 0.00011282
387606 51 66524.0 1.2881e-05 0.00011268
387606 52 66272.0 1.2871e-05 0.0001126
387606 53 66368.0 1.2895e-05 0.00011247
387606 54 65359.0 1.2815e-05 0.00011234
387606 55 66280.0 1.2864e-05 0.00011225
387606 56 66171.0 1.2858e-05 0.00011212
387606 57 66143.0 1.2824e-05 0.00011201
387606 58 66065.0 1.2805e-05 0.00011191
387606 59 65996.0 1.278e-05 0.00011177
387606 60 65921.0 1.2753e-05 0.00011166
387606 61 65963.0 1.277e-05 0.0001117
387606 62 65806.0 1.2759e-05 0.00011144
387606 63 65737.0 1.2741e-05 0.00011132
387606 64 65662.0 1.272e-05 0.0001112
387606 65 65487.0 1.2685e-05 0.00011109
387606 66 65461.0 1.2676e-05 0.000111
387606 67 64546.0 1.261e-05 0.00011088
387606 68 65372.0 1.2659e-05 0.00011075
387606 69 65344.0 1.2643e-05 0.00011063
387606 70 65189.0 1.2659e-05 0.00011044
387606 71 65066.0 1.26e-05 0.00011017
387606 72 65002.0 1.2596e-05 0.00011001
387606 73 64889.0 1.2562e-05 0.00010981
387606 74 64744.0 1.2545e-05 0.00010956
387606 75 64669.0 1.2524e-05 0.00010946
387606 76 64574.0 1.2502e-05 0.00010931
387606 77 64477.0 1.2474e-05 0.00010916
387606 78 64407.0 1.2485e-05 0.00010903
387606 79 64363.0 1.2437e-05 0.00010892
387606 80 63388.0 1.2387e-05 0.00010882
387606 81 64252.0 1.2414e-05 0.00010871
387606 82 64191.0 1.2416e-05 0.0001086
387606 83 64106.0 1.2421e-05 0.00010849
387606 84 64038.0 1.2379e-05 0.00010836
387606 85 63976.0 1.236e-05 0.00010827
387606 86 63930.0 1.2389e-05 0.00010816
387606 87 63818.0 1.231e-05 0.00010803
387606 88 63786.0 1.2325e-05 0.0001079
387606 89 63629.0 1.2317e-05 0.00010779
387606 90 63739.0 1.2362e-05 0.00010782
387606 91 63587.0 1.2304e-05 0.00010758
387606 92 63507.0 1.2264e-05 0.00010745
387606 93 62494.0 1.2204e-05 0.00010732
387606 94 63382.0 1.2276e-05 0.00010722
387606 95 63312.0 1.2257e-05 0.0001071
387606 96 63253.0 1.223e-05 0.00010699
387606 97 63179.0 1.2205e-05 0.00010686
387606 98 63101.0 1.2224e-05 0.00010674
387606 99 63044.0 1.2165e-05 0.00010663
387606 100 62901.0 1.2183e-05 0.00010651
387606 101 62866.0 1.2128e-05 0.0001064
387606 102 62861.0 1.2156e-05 0.00010631
387606 103 62838.0 1.2142e-05 0.0001063
387606 104 62640.0 1.2124e-05 0.00010592
387606 105 62595.0 1.213e-05 0.00010583
387606 106 61610.0 1.2006e-05 0.00010568
387606 107 62439.0 1.208e-05 0.00010558
387606 108 62366.0 1.2068e-05 0.00010544
387606 109 62284.0 1.205e-05 0.00010532
387606 110 62225.0 1.2004e-05 0.0001052
387606 111 62127.0 1.2048e-05 0.00010505
387606 112 62068.0 1.2001e-05 0.00010492
387606 113 61982.0 1.1999e-05 0.00010478
387606 114 61920.0 1.1958e-05 0.00010467
387606 115 61848.0 1.1999e-05 0.00010455
387606 116 7122.8 1.0528e-05 0.00010425
387607 1 61204.0 1.1888e-05 0.00010389
387607 2 61406.0 1.1891e-05 0.00010377
387607 3 61299.0 1.1868e-05 0.00010365
387607 4 61175.0 1.1856e-05 0.00010354
387607 5 61204.0 1.1878e-05 0.00010344
387607 6 61113.0 1.1857e-05 0.0001033
387607 7 60976.0 1.1863e-05 0.00010314
387607 8 60909.0 1.1815e-05 0.00010292
387607 9 60814.0 1.1784e-05 0.00010279
387607 10 60775.0 1.1811e-05 0.00010267
387607 11 60680.0 1.1734e-05 0.00010253
387607 12 60429.0 1.1704e-05 0.00010241
387607 13 59602.0 1.1637e-05 0.00010227
387607 14 60390.0 1.1706e-05 0.00010214
387607 15 60318.0 1.1689e-05 0.00010199
387607 16 60242.0 1.1668e-05 0.00010188
387607 17 60175.0 1.1656e-05 0.00010174
387607 18 754.13 1.0045e-05 0.00010144
387607 19 35326.0 1.0181e-05 0.00010131
387607 20 59945.0 1.1598e-05 0.00010136
387607 21 59867.0 1.1626e-05 0.00010123
387607 22 59801.0 1.1572e-05 0.00010111
387607 23 59730.0 1.1586e-05 0.00010098
387607 24 59647.0 1.1598e-05 0.00010087
387607 25 59548.0 1.1585e-05 0.00010073
387607 26 59527.0 1.1569e-05 0.00010062
387607 27 58606.0 1.1441e-05 0.0001005
387607 28 59358.0 1.1552e-05 0.00010034
387607 29 59298.0 1.1489e-05 0.00010023
387607 30 59191.0 1.1492e-05 0.00010012
387607 31 59171.0 1.1469e-05 0.00010001
387607 32 59098.0 1.1495e-05 9.9898e-05
387607 33 59038.0 1.146e-05 9.98e-05
387607 34 58964.0 1.1458e-05 9.9692e-05
387607 35 58911.0 1.1455e-05 9.957e-05
387607 36 58851.0 1.1478e-05 9.9457e-05
387607 37 58802.0 1.1441e-05 9.9379e-05
387607 38 58604.0 1.1412e-05 9.9239e-05
387607 39 58461.0 1.1441e-05 9.9107e-05
387607 40 57569.0 1.1302e-05 9.8983e-05
387607 41 58338.0 1.1373e-05 9.8887e-05
387607 42 58288.0 1.1361e-05 9.8779e-05
387607 43 58220.0 1.1361e-05 9.8657e-05
387607 44 58149.0 1.1359e-05 9.8545e-05
387607 45 58084.0 1.1348e-05 9.8422e-05
387607 46 58025.0 1.1329e-05 9.8324e-05
387607 47 57943.0 1.1334e-05 9.818e-05
387607 48 57821.0 1.1284e-05 9.8041e-05
387607 49 57794.0 1.1273e-05 9.7907e-05
387607 50 57699.0 1.1237e-05 9.7755e-05
387607 51 57652.0 1.1261e-05 9.7635e-05
387607 52 57565.0 1.1281e-05 9.753e-05
387607 53 56664.0 1.1144e-05 9.737e-05
387607 54 57381.0 1.128e-05 9.7257e-05
387607 55 57319.0 1.1208e-05 9.7115e-05
387607 56 57248.0 1.1217e-05 9.698e-05
387607 57 57192.0 1.1217e-05 9.6859e-05
387607 58 57122.0 1.1174e-05 9.6739e-05
387607 59 56861.0 1.1162e-05 9.6618e-05
387607 60 56881.0 1.1145e-05 9.653e-05
387607 61 56923.0 1.1186e-05 9.6412e-05
387607 62 56757.0 1.1164e-05 9.6285e-05
387607 63 56817.0 1.1153e-05 9.6194e-05
387607 64 56730.0 1.1137e-05 9.6074e-05
387607 65 56642.0 1.1085e-05 9.5966e-05
387607 66 55794.0 1.1034e-05 9.5894e-05
387607 67 56447.0 1.1097e-05 9.5758e-05
387607 68 56425.0 1.1122e-05 9.5648e-05
387607 69 56389.0 1.1097e-05 9.5544e-05
387607 70 56184.0 1.1067e-05 9.5408e-05
387607 71 56281.0 1.111e-05 9.5312e-05
387607 72 56207.0 1.1089e-05 9.5215e-05
387607 73 56138.0 1.1076e-05 9.5118e-05
387607 74 56092.0 1.1033e-05 9.5013e-05
387607 75 55931.0 1.1055e-05 9.4768e-05
387607 76 55700.0 1.1033e-05 9.4558e-05
387607 77 55862.0 1.105e-05 9.4784e-05
387607 78 55890.0 1.1053e-05 9.4834e-05
387607 79 55131.0 1.0923e-05 9.4792e-05
387607 80 55901.0 1.1014e-05 9.4723e-05
387607 81 55779.0 1.1034e-05 9.4586e-05
387607 82 55782.0 1.1037e-05 9.4506e-05
387607 83 55783.0 1.1016e-05 9.4555e-05
387607 84 55760.0 1.0982e-05 9.4465e-05
387607 85 55711.0 1.0918e-05 9.4366e-05
387607 86 55515.0 1.095e-05 9.4193e-05
387607 87 55518.0 1.0975e-05 9.4035e-05
387607 88 55345.0 1.0962e-05 9.3774e-05
387607 89 55237.0 1.1006e-05 9.3573e-05
387607 90 55288.0 1.0943e-05 9.3619e-05
387607 91 55245.0 1.0981e-05 9.3567e-05
387607 92 54263.0 1.085e-05 9.3227e-05
387607 93 55049.0 1.0937e-05 9.3221e-05
387607 94 55177.0 1.0958e-05 9.343e-05
387607 95 55095.0 1.0936e-05 9.3335e-05
387607 96 55018.0 1.0883e-05 9.3238e-05
387607 97 55052.0 1.0934e-05 9.3208e-05
387607 98 55025.0 1.0946e-05 9.3174e-05
387607 99 54957.0 1.0921e-05 9.3053e-05
387607 100 54876.0 1.0859e-05 9.295e-05
387607 101 54848.0 1.0904e-05 9.2838e-05
387607 102 54780.0 1.0903e-05 9.2748e-05
387607 103 54560.0 1.0831e-05 9.2423e-05
387607 104 54659.0 1.0852e-05 9.2556e-05
387607 105 53857.0 1.0728e-05 9.2499e-05
387607 106 54532.0 1.0821e-05 9.2352e-05
387607 107 54412.0 1.0847e-05 9.2105e-05
387607 108 54477.0 1.0883e-05 9.2229e-05
387607 109 54563.0 1.0874e-05 9.2366e-05
387607 110 54523.0 1.0871e-05 9.2268e-05
387607 111 54414.0 1.0865e-05 9.2214e-05
387607 112 54449.0 1.0814e-05 9.2189e-05
387607 113 54403.0 1.0822e-05 9.2145e-05
387607 114 54372.0 1.0852e-05 9.2037e-05
387607 115 54302.0 1.0828e-05 9.1972e-05
387607 116 54237.0 1.0805e-05 9.1805e-05
387607 117 54145.0 1.0842e-05 9.1628e-05
387607 118 53171.0 1.0668e-05 9.1364e-05
387607 119 53989.0 1.0771e-05 9.1392e-05
387607 120 54015.0 1.0763e-05 9.1391e-05
387607 121 53850.0 1.0762e-05 9.1141e-05
387607 122 53767.0 1.076e-05 9.0977e-05
387607 123 53895.0 1.0828e-05 9.1187e-05
387607 124 53850.0 1.0803e-05 9.1207e-05
387607 125 53875.0 1.0745e-05 9.1145e-05
387607 126 53821.0 1.0698e-05 9.1063e-05
387607 127 53837.0 1.0714e-05 9.1117e-05
387607 128 53786.0 1.0793e-05 9.1067e-05
387607 129 53728.0 1.0775e-05 9.1031e-05
387607 130 53703.0 1.0811e-05 9.0873e-05
387607 131 52828.0 1.0677e-05 9.0692e-05
387607 132 53483.0 1.0749e-05 9.0485e-05
387607 133 8079.9 8.4353e-06 9.008e-05
387607 134 16153.0 8.44e-06 9.0116e-05
387607 135 53389.0 1.0778e-05 9.0352e-05
387607 136 53243.0 1.0751e-05 9.008e-05
387607 137 53223.0 1.0643e-05 9.004e-05
387607 138 53391.0 1.0795e-05 9.0341e-05
387607 139 53366.0 1.0698e-05 9.0285e-05
387607 140 53330.0 1.0682e-05 9.0224e-05
387607 141 53317.0 1.0693e-05 9.0185e-05
387607 142 53290.0 1.0673e-05 9.0155e-05
387607 143 53215.0 1.0682e-05 9.0069e-05
387607 144 53215.0 1.0721e-05 9.0034e-05
387607 145 52289.0 1.0522e-05 8.9822e-05
387607 146 53059.0 1.0726e-05 8.9732e-05
387607 147 52855.0 1.0652e-05 8.9416e-05
387607 148 52801.0 1.0684e-05 8.9337e-05
387607 149 52825.0 1.0641e-05 8.9429e-05
387607 150 52760.0 1.0627e-05 8.9277e-05
387607 151 52571.0 1.0614e-05 8.899e-05
387607 152 52661.0 1.0591e-05 8.9115e-05
387607 153 52800.0 1.0621e-05 8.9294e-05
387607 154 52768.0 1.0662e-05 8.9241e-05
387607 155 52723.0 1.0628e-05 8.9196e-05
387607 156 52697.0 1.0652e-05 8.9195e-05
387607 157 52727.0 1.0618e-05 8.9162e-05
387607 158 51902.0 1.0498e-05 8.9095e-05
387607 159 52654.0 1.0622e-05 8.9049e-05
387607 160 52508.0 1.0695e-05 8.8809e-05
387607 161 52437.0 1.0626e-05 8.8691e-05
387607 162 52273.0 1.0582e-05 8.8383e-05
387607 163 52277.0 1.06e-05 8.8406e-05
387607 164 52309.0 1.0631e-05 8.8455e-05
387607 165 52137.0 1.0571e-05 8.8266e-05
387607 166 52073.0 1.0602e-05 8.8066e-05
387607 167 52206.0 1.0619e-05 8.8281e-05
387607 168 52246.0 1.0592e-05 8.8358e-05
387607 169 52230.0 1.0636e-05 8.8346e-05
387607 170 52219.0 1.059e-05 8.8286e-05
387607 171 51428.0 1.0466e-05 8.8255e-05
387607 172 52180.0 1.0588e-05 8.8218e-05
387607 173 52124.0 1.0603e-05 8.8151e-05
387607 174 52060.0 1.0593e-05 8.8045e-05
387607 175 51983.0 1.055e-05 8.786e-05
387607 176 51837.0 1.0558e-05 8.7664e-05
387607 177 51725.0 1.0508e-05 8.7441e-05
387607 178 51759.0 1.0582e-05 8.7529e-05
387607 179 51733.0 1.056e-05 8.7476e-05
387607 180 51598.0 1.0557e-05 8.7251e-05
387607 181 51494.0 1.0594e-05 8.716e-05
387607 182 51716.0 1.0578e-05 8.7473e-05
387607 183 51716.0 1.0563e-05 8.7433e-05
387607 184 48988.0 1.0138e-05 8.739e-05
387607 185 5.1512 7.9967e-06 8.7232e-05
387607 186 23755.0 8.0622e-06 8.7115e-05
387607 187 51631.0 1.0567e-05 8.7293e-05
387607 188 51578.0 1.0545e-05 8.723e-05
387607 189 51508.0 1.0513e-05 8.7068e-05
387607 190 51436.0 1.0516e-05 8.6935e-05
387607 191 51233.0 1.0473e-05 8.6604e-05
387607 192 51177.0 1.0475e-05 8.6485e-05
387607 193 51246.0 1.0518e-05 8.6593e-05
387607 194 51083.0 1.0533e-05 8.6467e-05
387607 195 50978.0 1.0515e-05 8.6166e-05
387607 196 51014.0 1.0509e-05 8.6246e-05
387607 197 51189.0 1.0497e-05 8.6498e-05
387607 198 50425.0 1.0366e-05 8.6466e-05
387607 199 51104.0 1.0514e-05 8.6461e-05
387607 200 51094.0 1.0527e-05 8.638e-05
387607 201 51036.0 1.043e-05 8.6294e-05
387607 202 51053.0 1.0503e-05 8.6389e-05
387607 203 51092.0 1.0472e-05 8.6363e-05
387607 204 51077.0 1.0486e-05 8.6325e-05
387607 205 51045.0 1.0515e-05 8.6256e-05
387607 206 50958.0 1.0536e-05 8.6108e-05
387607 207 50890.0 1.0512e-05 8.5991e-05
387607 208 50785.0 1.0515e-05 8.5802e-05
387607 209 50736.0 1.049e-05 8.5752e-05
387607 210 49969.0 1.0382e-05 8.5696e-05
387607 211 50599.0 1.0428e-05 8.5493e-05
387607 212 50503.0 1.0459e-05 8.5335e-05
387607 213 50636.0 1.0511e-05 8.5563e-05
387607 214 50632.0 1.0445e-05 8.5562e-05
387607 215 50550.0 1.0499e-05 8.5445e-05
387607 216 50534.0 1.0479e-05 8.542e-05
387607 217 50584.0 1.0434e-05 8.5524e-05
387607 218 50596.0 1.0468e-05 8.5477e-05
387607 219 50572.0 1.0403e-05 8.5447e-05
387607 220 50500.0 1.0452e-05 8.5342e-05
387607 221 50431.0 1.0453e-05 8.5205e-05
387607 222 50336.0 1.0425e-05 8.5046e-05
387607 223 49496.0 1.0257e-05 8.4879e-05
387607 224 50232.0 1.041e-05 8.4879e-05
387607 225 50174.0 1.0461e-05 8.4808e-05
387607 226 50040.0 1.046e-05 8.4515e-05
387607 227 49979.0 1.0352e-05 8.4435e-05
387607 228 50104.0 1.0437e-05 8.4699e-05
387607 229 50108.0 1.0476e-05 8.4649e-05
387607 230 50047.0 1.0401e-05 8.4557e-05
387607 231 50021.0 1.0428e-05 8.4567e-05
387607 232 50106.0 1.0466e-05 8.4652e-05
387607 233 50098.0 1.0374e-05 8.461e-05
387607 234 50039.0 1.043e-05 8.4577e-05
387607 235 49959.0 1.0448e-05 8.4449e-05
387607 236 49186.0 1.0277e-05 8.4332e-05
387607 237 49791.0 1.0391e-05 8.4111e-05
387607 238 49756.0 1.0423e-05 8.4048e-05
387607 239 49761.0 1.0422e-05 8.4066e-05
387607 240 49714.0 1.0398e-05 8.3978e-05
387607 241 49581.0 1.0347e-05 8.3738e-05
387607 242 49605.0 1.0429e-05 8.3788e-05
387607 243 49685.0 1.0358e-05 8.3919e-05
387607 244 49643.0 1.0351e-05 8.3846e-05
387607 245 49596.0 1.0363e-05 8.3766e-05
387607 246 49625.0 1.0389e-05 8.3806e-05
387607 247 49576.0 1.0389e-05 8.3808e-05
387607 248 49609.0 1.0441e-05 8.3783e-05
387607 249 48849.0 1.018e-05 8.3723e-05
387607 250 49472.0 1.0353e-05 8.3564e-05
387607 251 49424.0 1.0447e-05 8.3479e-05
387607 252 49293.0 1.042e-05 8.3252e-05
387607 253 49267.0 1.0408e-05 8.321e-05
387607 254 49253.0 1.0332e-05 8.3158e-05
387607 255 49128.0 1.0335e-05 8.3011e-05
387607 256 49040.0 1.0401e-05 8.2812e-05
387607 257 49128.0 1.0402e-05 8.2971e-05
387607 258 49229.0 1.0339e-05 8.3149e-05
387607 259 49125.0 1.0394e-05 8.2965e-05
387607 260 49062.0 1.0295e-05 8.2905e-05
387607 261 49144.0 1.0366e-05 8.2992e-05
387607 262 48417.0 1.0139e-05 8.294e-05
387607 263 49119.0 1.0337e-05 8.2958e-05
387607 264 49093.0 1.0362e-05 8.289e-05
387607 265 49055.0 1.0394e-05 8.2825e-05
387607 266 48965.0 1.0332e-05 8.272e-05
387607 267 48890.0 1.031e-05 8.2547e-05
387607 268 48795.0 1.0332e-05 8.241e-05
387607 269 48713.0 1.0394e-05 8.2289e-05
387607 270 48739.0 1.0309e-05 8.2294e-05
387607 271 48703.0 1.0378e-05 8.225e-05
387607 272 48559.0 1.0321e-05 8.199e-05
387607 273 48546.0 1.0312e-05 8.1967e-05
387607 274 48700.0 1.035e-05 8.2217e-05
387607 275 47970.0 1.0219e-05 8.216e-05
387607 276 48603.0 1.0353e-05 8.2122e-05
387607 277 48623.0 1.0318e-05 8.2112e-05
387607 278 48642.0 1.0292e-05 8.2131e-05
387607 279 48568.0 1.0308e-05 8.2088e-05
387607 280 48575.0 1.0317e-05 8.2043e-05
387607 281 48514.0 1.0305e-05 8.1913e-05
387607 282 48465.0 1.0301e-05 8.1823e-05
387607 283 48331.0 1.0274e-05 8.1594e-05
387607 284 48294.0 1.0311e-05 8.1525e-05
387607 285 48303.0 1.0283e-05 8.155e-05
387607 286 48110.0 1.0352e-05 8.1464e-05
387607 287 47954.0 1.0302e-05 8.1236e-05
387607 288 47319.0 1.0141e-05 8.1275e-05
387607 289 48074.0 1.0239e-05 8.1413e-05
387607 290 47991.0 1.0308e-05 8.1354e-05
387607 291 48000.0 1.031e-05 8.1275e-05
387607 292 48016.0 1.0255e-05 8.1317e-05
387607 293 48004.0 1.0305e-05 8.1318e-05
387607 294 47998.0 1.0289e-05 8.1292e-05
387607 295 47957.0 1.0247e-05 8.1245e-05
387607 296 47850.0 1.0248e-05 8.1051e-05
387607 297 47802.0 1.0284e-05 8.0973e-05
387607 298 47686.0 1.0305e-05 8.0732e-05
387607 299 47659.0 1.0239e-05 8.0691e-05
387607 300 47623.0 1.0289e-05 8.0686e-05
387607 301 46867.0 1.0118e-05 8.0502e-05
387607 302 47456.0 1.0329e-05 8.0328e-05
387607 303 47556.0 1.0215e-05 8.0494e-05
387607 304 47552.0 1.0206e-05 8.0564e-05
387607 305 47527.0 1.0288e-05 8.0512e-05
387607 306 47522.0 1.0262e-05 8.0465e-05
387607 307 47527.0 1.0157e-05 8.0524e-05
387607 308 47569.0 1.0242e-05 8.0506e-05
387607 309 47594.0 1.0279e-05 8.0566e-05
387607 310 47593.0 1.0242e-05 8.0591e-05
387607 311 47553.0 1.0251e-05 8.0534e-05
387607 312 47510.0 1.019e-05 8.0422e-05
387607 313 47340.0 1.0184e-05 8.0321e-05
387607 314 46720.0 1.0146e-05 8.029e-05
387607 315 47392.0 1.0169e-05 8.0236e-05
387607 316 47190.0 1.0273e-05 8.0015e-05
387607 317 47229.0 1.0226e-05 7.9931e-05
387607 318 47213.0 1.0251e-05 8.0001e-05
387607 319 47219.0 1.0276e-05 7.9926e-05
387607 320 47113.0 1.0202e-05 7.9742e-05
387607 321 47103.0 1.0271e-05 7.9785e-05
387607 322 47271.0 1.0239e-05 8.004e-05
387607 323 47195.0 1.0282e-05 7.9894e-05
387607 324 47191.0 1.024e-05 7.9853e-05
387607 325 47126.0 1.016e-05 7.9817e-05
387607 326 21013.0 7.107e-06 7.954e-05
387607 327 46380.0 9.9713e-06 7.9708e-05
387607 328 47083.0 1.0247e-05 7.9673e-05
387607 329 46919.0 1.027e-05 7.9525e-05
387607 330 46920.0 1.0224e-05 7.9461e-05
387607 331 46828.0 1.0222e-05 7.9219e-05
387607 332 46826.0 1.017e-05 7.9233e-05
387607 333 46861.0 1.0223e-05 7.9315e-05
387607 334 46803.0 1.0242e-05 7.9198e-05
387607 335 46751.0 1.0261e-05 7.9096e-05
387607 336 46818.0 1.0257e-05 7.9207e-05
387607 337 46733.0 1.0238e-05 7.9233e-05
387607 338 46777.0 1.0265e-05 7.9197e-05
387607 339 46790.0 1.0231e-05 7.9145e-05
387607 340 46038.0 1.0094e-05 7.9098e-05
387607 341 46732.0 1.0223e-05 7.9049e-05
387607 342 46594.0 1.0245e-05 7.8929e-05
387607 343 46626.0 1.0292e-05 7.8889e-05
387607 344 46517.0 1.0217e-05 7.8797e-05
387607 345 46501.0 1.0261e-05 7.8671e-05
387607 346 46410.0 1.0243e-05 7.8487e-05
387607 347 46443.0 1.0258e-05 7.8566e-05
387607 348 46406.0 1.0293e-05 7.8589e-05
387607 349 46355.0 1.028e-05 7.8444e-05
387607 350 46300.0 1.0262e-05 7.8358e-05
387607 351 46426.0 1.0165e-05 7.851e-05
387607 352 46393.0 1.0171e-05 7.8493e-05
387607 353 45670.0 9.9984e-06 7.843e-05
387607 354 46348.0 1.0214e-05 7.8406e-05
387607 355 46307.0 1.0231e-05 7.838e-05
387607 356 46287.0 1.0226e-05 7.8304e-05
387607 357 46256.0 1.0229e-05 7.8228e-05
387607 358 46211.0 1.018e-05 7.8147e-05
387607 359 46146.0 1.0191e-05 7.8039e-05
387607 360 46021.0 1.0216e-05 7.7837e-05
387607 361 45962.0 1.0207e-05 7.7732e-05
387607 362 46026.0 1.0213e-05 7.7829e-05
387607 363 45943.0 1.0169e-05 7.7785e-05
387607 364 45886.0 1.021e-05 7.7595e-05
387607 365 45226.0 1.0047e-05 7.7578e-05
387607 366 45960.0 1.0246e-05 7.7767e-05
387607 367 45938.0 1.0179e-05 7.772e-05
387607 368 45943.0 1.0146e-05 7.768e-05
387607 369 45915.0 1.0165e-05 7.7653e-05
387607 370 45909.0 1.0202e-05 7.7641e-05
387607 371 45859.0 1.0181e-05 7.7582e-05
387607 372 45791.0 1.0191e-05 7.753e-05
387607 373 45785.0 1.0264e-05 7.7419e-05
387607 374 45723.0 1.0207e-05 7.7337e-05
387607 375 45589.0 1.0172e-05 7.7083e-05
387607 376 45481.0 1.0229e-05 7.7059e-05
387607 377 45611.0 1.0111e-05 7.7146e-05
387607 378 44925.0 1.0064e-05 7.7075e-05
387607 379 45383.0 1.0219e-05 7.6963e-05
387607 380 45547.0 1.0211e-05 7.7014e-05
387607 381 45585.0 1.0174e-05 7.7099e-05
387607 382 45582.0 1.0178e-05 7.7072e-05
387607 383 45559.0 1.0198e-05 7.704e-05
387607 384 45525.0 1.0185e-05 7.6983e-05
387607 385 45517.0 1.0188e-05 7.6949e-05
387607 386 45456.0 1.0222e-05 7.6838e-05
387607 387 45413.0 1.0143e-05 7.6865e-05
387607 388 45441.0 1.0162e-05 7.6817e-05
387607 389 45382.0 1.0109e-05 7.6721e-05
387607 390 45253.0 1.024e-05 7.6532e-05
387607 391 44517.0 1.0067e-05 7.6543e-05
387607 392 45320.0 1.0196e-05 7.6612e-05
387607 393 45241.0 1.02e-05 7.6489e-05
387607 394 45172.0 1.021e-05 7.638e-05
387607 395 45272.0 1.0148e-05 7.6528e-05
387607 396 45214.0 1.0112e-05 7.6535e-05
387607 397 45266.0 1.0194e-05 7.652e-05
387607 398 45234.0 1.02e-05 7.6473e-05
387607 399 45223.0 1.0082e-05 7.6442e-05
387607 400 45204.0 1.021e-05 7.6402e-05
387607 401 45156.0 1.0237e-05 7.6335e-05
387607 402 45105.0 1.0165e-05 7.6262e-05
387607 403 45016.0 1.018e-05 7.6153e-05
387607 404 44274.0 1.0092e-05 7.5992e-05
387607 405 44876.0 1.0143e-05 7.5857e-05
387607 406 44907.0 1.0189e-05 7.5911e-05
387607 407 44889.0 1.0154e-05 7.5905e-05
387607 408 44779.0 1.0198e-05 7.5688e-05
387607 409 44738.0 1.0242e-05 7.5639e-05
387607 410 44897.0 1.0156e-05 7.5888e-05
387607 411 44863.0 1.0207e-05 7.5838e-05
387607 412 44843.0 1.0198e-05 7.5809e-05
387607 413 44807.0 1.0279e-05 7.5788e-05
387607 414 44827.0 1.0228e-05 7.5777e-05
387607 415 44785.0 1.0175e-05 7.5725e-05
387607 416 44776.0 1.0185e-05 7.5685e-05
387607 417 44035.0 1.0038e-05 7.554e-05
387607 418 44646.0 1.0138e-05 7.5461e-05
387607 419 44498.0 1.0161e-05 7.5233e-05
387607 420 44474.0 1.016e-05 7.5163e-05
387607 421 44468.0 1.0203e-05 7.5257e-05
387607 422 44449.0 1.0224e-05 7.5191e-05
387607 423 44384.0 1.0308e-05 7.5028e-05
387607 424 44416.0 1.0094e-05 7.5078e-05
387607 425 44500.0 1.0136e-05 7.5225e-05
387607 426 44500.0 1.0131e-05 7.5197e-05
387607 427 44465.0 1.02e-05 7.5176e-05
387607 428 44452.0 1.0248e-05 7.5142e-05
387607 429 44438.0 1.0149e-05 7.5117e-05
387607 430 43732.0 1.001e-05 7.5026e-05
387607 431 44359.0 1.0172e-05 7.499e-05
387607 432 44306.0 1.0129e-05 7.4888e-05
387607 433 44251.0 1.0187e-05 7.4801e-05
387607 434 44125.0 1.0194e-05 7.4567e-05
387607 435 44140.0 1.0212e-05 7.46e-05
387607 436 44182.0 1.0122e-05 7.4659e-05
387607 437 44106.0 1.0174e-05 7.4554e-05
387607 438 44039.0 1.0233e-05 7.4442e-05
387607 439 44126.0 1.0143e-05 7.4564e-05
387607 440 44147.0 1.0216e-05 7.4606e-05
387607 441 44109.0 1.0216e-05 7.4593e-05
387607 442 44117.0 1.0192e-05 7.4555e-05
387607 443 43446.0 1.0041e-05 7.45e-05
387607 444 44060.0 1.0185e-05 7.4469e-05
387607 445 44029.0 1.0197e-05 7.4396e-05
387607 446 43990.0 1.0189e-05 7.4342e-05
387607 447 43927.0 1.0172e-05 7.4223e-05
387607 448 43833.0 1.0215e-05 7.4072e-05
387607 449 43762.0 1.0156e-05 7.3942e-05
387607 450 43789.0 1.0213e-05 7.4e-05
387607 451 43794.0 1.0259e-05 7.4007e-05
387607 452 43698.0 1.0141e-05 7.3862e-05
387607 453 43674.0 1.0202e-05 7.3788e-05
387607 454 5210.1 6.3401e-06 7.3659e-05
387607 455 29694.0 7.3269e-06 7.375e-05
387607 456 43749.0 1.0148e-05 7.3946e-05
387607 457 43088.0 9.9925e-06 7.3877e-05
387607 458 43716.0 1.022e-05 7.3862e-05
387607 459 43572.0 1.0114e-05 7.3806e-05
387607 460 43533.0 1.019e-05 7.3755e-05
387607 461 43484.0 1.0163e-05 7.3644e-05
387607 462 43387.0 1.0168e-05 7.3555e-05
387607 463 43299.0 1.0232e-05 7.3347e-05
387607 464 43245.0 1.0157e-05 7.3244e-05
387607 465 43308.0 1.0279e-05 7.3357e-05
387607 466 43287.0 1.0139e-05 7.3298e-05
387607 467 43173.0 1.0082e-05 7.3103e-05
387607 468 43173.0 1.0183e-05 7.3142e-05
387607 469 43256.0 1.0144e-05 7.3318e-05
387607 470 42641.0 9.948e-06 7.3271e-05
387607 471 43244.0 1.0169e-05 7.3269e-05
387607 472 43227.0 1.014e-05 7.3203e-05
387607 473 43188.0 1.0182e-05 7.3138e-05
387607 474 43193.0 1.0125e-05 7.3138e-05
387607 475 43119.0 1.0187e-05 7.3124e-05
387607 476 43161.0 1.0246e-05 7.3097e-05
387607 477 43109.0 1.0162e-05 7.3041e-05
387607 478 43025.0 1.0059e-05 7.2851e-05
387607 479 42964.0 1.0236e-05 7.2769e-05
387607 480 42829.0 1.0266e-05 7.2549e-05
387607 481 42865.0 1.016e-05 7.2566e-05
387607 482 42878.0 1.0191e-05 7.2615e-05
387607 483 42190.0 1.0023e-05 7.2464e-05
387607 484 42722.0 1.0288e-05 7.2351e-05
387607 485 42838.0 1.0132e-05 7.2536e-05
387607 486 42866.0 1.0156e-05 7.2575e-05
387607 487 42837.0 1.0216e-05 7.2603e-05
387607 488 42869.0 1.0251e-05 7.2577e-05
387607 489 42831.0 1.0191e-05 7.2529e-05
387607 490 42813.0 1.0143e-05 7.2493e-05
387607 491 42847.0 1.0153e-05 7.2539e-05
387607 492 42807.0 1.0228e-05 7.2488e-05
387607 493 34857.0 8.2591e-06 7.2298e-05
387607 494 4.378 6.1368e-06 7.2057e-05
387607 495 26520.0 6.875e-06 7.2093e-05
387607 496 42648.0 1.0216e-05 7.2189e-05
387607 497 41973.0 1.0029e-05 7.2087e-05
387607 498 42622.0 1.0139e-05 7.2149e-05
387607 499 42573.0 1.0159e-05 7.2112e-05
387607 500 42493.0 1.0256e-05 7.1954e-05
387607 501 42495.0 1.0226e-05 7.1937e-05
387607 502 42551.0 1.0134e-05 7.2044e-05
387607 503 42535.0 1.025e-05 7.2004e-05
387607 504 42512.0 1.0262e-05 7.1978e-05
387607 505 42563.0 1.0113e-05 7.2049e-05
387607 506 42564.0 1.0155e-05 7.2056e-05
387607 507 42539.0 1.0201e-05 7.2013e-05
387607 508 42514.0 1.0201e-05 7.197e-05
387607 509 42457.0 1.0179e-05 7.1888e-05
387607 510 41821.0 9.9481e-06 7.1831e-05
387607 511 42340.0 1.0207e-05 7.1675e-05
387607 512 42319.0 1.0233e-05 7.1643e-05
387607 513 42343.0 1.0194e-05 7.1664e-05
387607 514 42306.0 1.0177e-05 7.1594e-05
387607 515 42221.0 1.026e-05 7.1463e-05
387607 516 42221.0 1.0091e-05 7.1467e-05
387607 517 42272.0 1.0241e-05 7.1585e-05
387607 518 42249.0 1.0236e-05 7.1517e-05
387607 519 42197.0 1.0067e-05 7.146e-05
387607 520 42223.0 1.0126e-05 7.1478e-05
387607 521 42209.0 1.0224e-05 7.1466e-05
387607 522 42159.0 1.0222e-05 7.14e-05
387607 523 41549.0 1.0049e-05 7.1348e-05
387607 524 42122.0 1.028e-05 7.1288e-05
387607 525 42071.0 1.0242e-05 7.1205e-05
387607 526 41973.0 1.0294e-05 7.1054e-05
387607 527 41974.0 1.0271e-05 7.1039e-05
387607 528 41978.0 1.0236e-05 7.1049e-05
387607 529 41916.0 1.0161e-05 7.0926e-05
387607 530 41817.0 1.0228e-05 7.079e-05
387607 531 41975.0 1.0328e-05 7.1049e-05
387607 532 41928.0 1.025e-05 7.096e-05
387607 533 41838.0 1.0266e-05 7.0909e-05
387607 534 41831.0 1.0215e-05 7.0869e-05
387607 535 41454.0 1.0082e-05 7.0904e-05
387607 536 41745.0 1.0245e-05 7.0874e-05
387607 537 41848.0 1.0171e-05 7.0815e-05
387607 538 41814.0 1.0157e-05 7.077e-05
387607 539 41571.0 1.0127e-05 7.0693e-05
387607 540 41699.0 1.0245e-05 7.0593e-05
387607 541 41585.0 1.0137e-05 7.0461e-05
387607 542 41642.0 1.0235e-05 7.0523e-05
387607 543 41680.0 1.0196e-05 7.0523e-05
387607 544 41608.0 1.0208e-05 7.0398e-05
387607 545 41535.0 1.0259e-05 7.0423e-05
387607 546 41623.0 1.0234e-05 7.0459e-05
387607 547 41615.0 1.0141e-05 7.0431e-05
387607 548 40997.0 1.0051e-05 7.0372e-05
387607 549 41541.0 1.0211e-05 7.0347e-05
387607 550 41513.0 1.0178e-05 7.0339e-05
387607 551 41524.0 1.0207e-05 7.0274e-05
387607 552 41498.0 1.0231e-05 7.0216e-05
387607 553 41467.0 1.0224e-05 7.016e-05
387607 554 41439.0 1.0303e-05 7.0116e-05
387607 555 41361.0 1.0256e-05 6.9979e-05
387607 556 41310.0 1.0297e-05 6.9908e-05
387607 557 41360.0 1.029e-05 6.9987e-05
387607 558 41300.0 1.021e-05 6.9936e-05
387607 559 41238.0 1.021e-05 6.978e-05
387607 560 41248.0 1.0243e-05 6.9773e-05
387607 561 40714.0 1.0087e-05 6.9874e-05
387607 562 41255.0 1.017e-05 6.9841e-05
387607 563 41249.0 1.0262e-05 6.9793e-05
387607 564 41226.0 1.022e-05 6.979e-05
387607 565 41247.0 1.0284e-05 6.9783e-05
387607 566 41210.0 1.0298e-05 6.9727e-05
387607 567 41190.0 1.0285e-05 6.9679e-05
387607 568 41143.0 1.0313e-05 6.9599e-05
387607 569 41110.0 1.0287e-05 6.9548e-05
387607 570 41003.0 1.0307e-05 6.9374e-05
387607 571 41001.0 1.033e-05 6.9367e-05
387607 572 41017.0 1.0246e-05 6.9403e-05
387607 573 40982.0 1.0274e-05 6.9332e-05
387607 574 40332.0 1.0122e-05 6.9215e-05
387607 575 40951.0 1.0242e-05 6.9279e-05
387607 576 40990.0 1.0329e-05 6.9334e-05
387607 577 40956.0 1.0306e-05 6.9286e-05
387607 578 40930.0 1.0191e-05 6.9243e-05
387607 579 40919.0 1.0304e-05 6.9252e-05
387607 580 40920.0 1.0268e-05 6.9219e-05
387607 581 40859.0 1.036e-05 6.9161e-05
387607 582 40853.0 1.0363e-05 6.9115e-05
387607 583 40800.0 1.0256e-05 6.9009e-05
387607 584 40747.0 1.0275e-05 6.8915e-05
387607 585 40663.0 1.0331e-05 6.878e-05
387607 586 40675.0 1.0323e-05 6.8814e-05
387607 587 40097.0 1.0083e-05 6.879e-05
387607 588 40604.0 1.0385e-05 6.8671e-05
387607 589 40546.0 1.0305e-05 6.8584e-05
387607 590 40617.0 1.0326e-05 6.8727e-05
387607 591 40603.0 1.0335e-05 6.8711e-05
387607 592 40605.0 1.0321e-05 6.8686e-05
387607 593 40604.0 1.0277e-05 6.8681e-05
387607 594 40575.0 1.0222e-05 6.8687e-05
387607 595 40587.0 1.0254e-05 6.8642e-05
387607 596 40556.0 1.0301e-05 6.859e-05
387607 597 40526.0 1.0257e-05 6.8529e-05
387607 598 40474.0 1.0309e-05 6.8464e-05
387607 599 40398.0 1.0311e-05 6.8323e-05
387607 600 39770.0 1.0228e-05 6.8252e-05
387607 601 40371.0 1.0334e-05 6.8319e-05
387607 602 40374.0 1.0329e-05 6.8293e-05
387607 603 40302.0 1.0326e-05 6.8172e-05
387607 604 40277.0 1.0239e-05 6.8158e-05
387607 605 40367.0 1.0363e-05 6.8271e-05
387607 606 40320.0 1.0316e-05 6.8226e-05
387607 607 40309.0 1.0218e-05 6.8182e-05
387607 608 40302.0 1.0375e-05 6.8169e-05
387607 609 40268.0 1.0323e-05 6.8142e-05
387607 610 40251.0 1.0344e-05 6.807e-05
387607 611 40182.0 1.0271e-05 6.8012e-05
387607 612 40185.0 1.0315e-05 6.7962e-05
387607 613 39543.0 1.0215e-05 6.791e-05
387607 614 40051.0 1.0357e-05 6.7738e-05
387607 615 40036.0 1.0239e-05 6.7709e-05
387607 616 30720.0 7.709e-06 6.7601e-05
387607 617 40039.0 1.036e-05 6.771e-05
387607 618 39967.0 1.0291e-05 6.7598e-05
387607 619 39950.0 1.0388e-05 6.7648e-05
387607 620 40039.0 1.0257e-05 6.7706e-05
387607 621 39891.0 1.0274e-05 6.7664e-05
387607 622 39990.0 1.0313e-05 6.763e-05
387607 623 39984.0 1.0349e-05 6.7622e-05
387607 624 39979.0 1.038e-05 6.76e-05
387607 625 39941.0 1.0285e-05 6.7537e-05
387607 626 39339.0 1.0144e-05 6.7484e-05
387607 627 39847.0 1.0247e-05 6.7385e-05
387607 628 39819.0 1.0417e-05 6.7339e-05
387607 629 39712.0 1.0351e-05 6.716e-05
387607 630 39695.0 1.0347e-05 6.7164e-05
387607 631 39736.0 1.0418e-05 6.721e-05
387607 632 39686.0 1.0447e-05 6.7107e-05
387607 633 39626.0 1.0319e-05 6.6995e-05
387607 634 39522.0 1.027e-05 6.7189e-05
387607 635 39701.0 1.033e-05 6.7122e-05
387607 636 39667.0 1.0374e-05 6.7088e-05
387607 637 39630.0 1.0319e-05 6.7049e-05
387607 638 39670.0 1.0362e-05 6.7071e-05
387607 639 39072.0 1.0129e-05 6.702e-05
387607 640 39627.0 1.039e-05 6.7005e-05
387607 641 39590.0 1.0297e-05 6.703e-05
387607 642 39533.0 1.0342e-05 6.6842e-05
387607 643 39472.0 1.042e-05 6.6755e-05
387607 644 39377.0 1.029e-05 6.6602e-05
387607 645 39412.0 1.0336e-05 6.6655e-05
387607 646 39420.0 1.0356e-05 6.6667e-05
387607 647 39366.0 1.031e-05 6.6557e-05
387607 648 39372.0 1.0392e-05 6.6575e-05
387607 649 39463.0 1.0397e-05 6.6753e-05
387607 650 39457.0 1.0326e-05 6.6734e-05
387607 651 39433.0 1.0359e-05 6.6703e-05
387607 652 38864.0 1.0176e-05 6.6667e-05
387607 653 39418.0 1.0395e-05 6.6667e-05
387607 654 39385.0 1.0378e-05 6.6615e-05
387607 655 39369.0 1.0395e-05 6.6558e-05
387607 656 39334.0 1.0361e-05 6.6507e-05
387607 657 39282.0 1.0329e-05 6.6439e-05
387607 658 39173.0 1.0392e-05 6.6295e-05
387607 659 39149.0 1.0425e-05 6.6222e-05
387607 660 39210.0 1.0374e-05 6.6294e-05
387607 661 39076.0 1.0402e-05 6.626e-05
387607 662 39106.0 1.051e-05 6.6129e-05
387607 663 39104.0 1.035e-05 6.6122e-05
387607 664 39177.0 1.0344e-05 6.6245e-05
387607 665 38587.0 1.0226e-05 6.6199e-05
387607 666 39117.0 1.0376e-05 6.618e-05
387607 667 39134.0 1.0446e-05 6.6172e-05
387607 668 39082.0 1.0429e-05 6.6164e-05
387607 669 39092.0 1.0335e-05 6.6107e-05
387607 670 39078.0 1.0419e-05 6.6072e-05
387607 671 39023.0 1.0372e-05 6.5986e-05
387607 672 38980.0 1.0475e-05 6.5949e-05
387607 673 38889.0 1.0466e-05 6.5765e-05
387607 674 38871.0 1.0403e-05 6.5755e-05
387607 675 38921.0 1.0486e-05 6.5822e-05
387607 676 38881.0 1.0387e-05 6.5746e-05
387607 677 38833.0 1.0475e-05 6.5661e-05
387607 678 38311.0 1.0231e-05 6.57e-05
387607 679 38673.0 1.0373e-05 6.5767e-05
387607 680 38879.0 1.0356e-05 6.5729e-05
387607 681 38858.0 1.0499e-05 6.5714e-05
387607 682 38849.0 1.0435e-05 6.5687e-05
387607 683 38839.0 1.0404e-05 6.5657e-05
387607 684 38759.0 1.0456e-05 6.5584e-05
387607 685 38772.0 1.0431e-05 6.5562e-05
387607 686 38732.0 1.0393e-05 6.5486e-05
387607 687 38676.0 1.0432e-05 6.5414e-05
387607 688 38610.0 1.0501e-05 6.5288e-05
387607 689 38625.0 1.0409e-05 6.5312e-05
387607 690 38631.0 1.0405e-05 6.5324e-05
387607 691 38037.0 1.0322e-05 6.5228e-05
387607 692 38542.0 1.0489e-05 6.5163e-05
387607 693 38593.0 1.0458e-05 6.5259e-05
387607 694 38598.0 1.04e-05 6.5255e-05
387607 695 38585.0 1.035e-05 6.523e-05
387607 696 38568.0 1.0457e-05 6.5202e-05
387607 697 38570.0 1.0429e-05 6.52e-05
387607 698 38543.0 1.0392e-05 6.5158e-05
387607 699 38520.0 1.0434e-05 6.5115e-05
387607 700 38473.0 1.0384e-05 6.5045e-05
387607 701 38420.0 1.044e-05 6.496e-05
387607 702 38353.0 1.043e-05 6.4847e-05
387607 703 37750.0 1.018e-05 6.4733e-05
387607 704 38306.0 1.0505e-05 6.4793e-05
387607 705 38315.0 1.0533e-05 6.4779e-05
387607 706 38225.0 1.052e-05 6.4628e-05
387607 707 38197.0 1.0521e-05 6.458e-05
387607 708 38265.0 1.0447e-05 6.4761e-05
387607 709 38288.0 1.0392e-05 6.4727e-05
387607 710 38272.0 1.04e-05 6.4711e-05
387607 711 38242.0 1.0434e-05 6.4697e-05
387607 712 38257.0 1.0485e-05 6.4695e-05
387607 713 38237.0 1.0405e-05 6.4653e-05
387607 714 38227.0 1.0504e-05 6.4621e-05
387607 715 38176.0 1.0477e-05 6.4534e-05
387607 716 37560.0 1.0249e-05 6.4469e-05
387607 717 38046.0 1.058e-05 6.4318e-05
387607 718 38009.0 1.0532e-05 6.4259e-05
387607 719 38037.0 1.056e-05 6.4338e-05
387607 720 37949.0 1.0494e-05 6.4272e-05
387607 721 37941.0 1.0527e-05 6.4145e-05
387607 722 37973.0 1.0591e-05 6.4193e-05
387607 723 38031.0 1.0524e-05 6.4297e-05
387607 724 38018.0 1.0557e-05 6.4278e-05
387607 725 38012.0 1.0508e-05 6.4261e-05
387607 726 37977.0 1.0422e-05 6.4201e-05
387607 727 37957.0 1.049e-05 6.4159e-05
387607 728 37953.0 1.0527e-05 6.4165e-05
387607 729 37396.0 1.0386e-05 6.4136e-05
387607 730 37909.0 1.0503e-05 6.4082e-05
387607 731 37886.0 1.0503e-05 6.4043e-05
387607 732 37820.0 1.0433e-05 6.3961e-05
387607 733 37778.0 1.0483e-05 6.3905e-05
387607 734 37707.0 1.0554e-05 6.3743e-05
387607 735 37729.0 1.0417e-05 6.3767e-05
387607 736 37756.0 1.0532e-05 6.3818e-05
387607 737 37702.0 1.0531e-05 6.3734e-05
387607 738 37663.0 1.0612e-05 6.3668e-05
387607 739 37715.0 1.0494e-05 6.3761e-05
387607 740 37721.0 1.0514e-05 6.3766e-05
387607 741 37712.0 1.0542e-05 6.3758e-05
387607 742 37149.0 1.0353e-05 6.3705e-05
387607 743 37684.0 1.0526e-05 6.3699e-05
387607 744 37656.0 1.0514e-05 6.366e-05
387607 745 37630.0 1.0546e-05 6.3609e-05
387607 746 37576.0 1.0532e-05 6.355e-05
387607 747 37545.0 1.0529e-05 6.3481e-05
387607 748 37490.0 1.0538e-05 6.3369e-05
387607 749 37423.0 1.0615e-05 6.3263e-05
387607 750 37457.0 1.0607e-05 6.3335e-05
387607 751 37457.0 1.0634e-05 6.3322e-05
387607 752 37361.0 1.0539e-05 6.3185e-05
387607 753 37361.0 1.0584e-05 6.3156e-05
387607 754 37459.0 1.0553e-05 6.332e-05
387607 755 36953.0 1.0343e-05 6.3366e-05
387607 756 37438.0 1.0543e-05 6.3283e-05
387607 757 37400.0 1.0486e-05 6.3224e-05
387607 758 37378.0 1.0615e-05 6.3189e-05
387607 759 37365.0 1.0553e-05 6.3168e-05
387607 760 37359.0 1.0564e-05 6.3154e-05
387607 761 37326.0 1.0592e-05 6.3099e-05
387607 762 37298.0 1.0573e-05 6.307e-05
387607 763 37248.0 1.0563e-05 6.2974e-05
387607 764 37226.0 1.0608e-05 6.2924e-05
387607 765 37116.0 1.0609e-05 6.2743e-05
387607 766 37113.0 1.0582e-05 6.2761e-05
387607 767 37135.0 1.0662e-05 6.2808e-05
387607 768 36584.0 1.0359e-05 6.2723e-05
387607 769 37067.0 1.0595e-05 6.2657e-05
387607 770 37101.0 1.0542e-05 6.2728e-05
387607 771 37149.0 1.0612e-05 6.2791e-05
387607 772 37138.0 1.0605e-05 6.2782e-05
387607 773 37119.0 1.0661e-05 6.2751e-05
387607 774 37077.0 1.0584e-05 6.2683e-05
387607 775 37058.0 1.0493e-05 6.265e-05
387607 776 37069.0 1.0547e-05 6.266e-05
387607 777 37035.0 1.0604e-05 6.2633e-05
387607 778 37013.0 1.0661e-05 6.2569e-05
387607 779 36941.0 1.0512e-05 6.2516e-05
387607 780 36944.0 1.0639e-05 6.2458e-05
387607 781 36349.0 1.0401e-05 6.2316e-05
387607 782 36813.0 1.0634e-05 6.2225e-05
387607 783 36845.0 1.0663e-05 6.2312e-05
387607 784 36860.0 1.0622e-05 6.2311e-05
387607 785 36690.0 1.0471e-05 6.2215e-05
387607 786 36632.0 1.0524e-05 6.2181e-05
387607 787 36754.0 1.0524e-05 6.2313e-05
387607 788 36733.0 1.0673e-05 6.2294e-05
387607 789 36733.0 1.0672e-05 6.2279e-05
387607 790 36710.0 1.0603e-05 6.2244e-05
387607 791 36702.0 1.0594e-05 6.2209e-05
387607 792 36673.0 1.0633e-05 6.2166e-05
387607 793 36571.0 1.0614e-05 6.2119e-05
387607 794 36061.0 1.0418e-05 6.2046e-05
387607 795 36568.0 1.064e-05 6.2008e-05
387607 796 36477.0 1.0604e-05 6.184e-05
387607 797 36457.0 1.067e-05 6.1784e-05
387607 798 36490.0 1.0643e-05 6.1867e-05
387607 799 36470.0 1.0637e-05 6.1827e-05
387607 800 36414.0 1.0642e-05 6.1721e-05
387607 801 36428.0 1.0591e-05 6.1749e-05
387607 802 36464.0 1.0566e-05 6.184e-05
387607 803 36486.0 1.0625e-05 6.1832e-05
387607 804 36461.0 1.0585e-05 6.1805e-05
387607 805 36444.0 1.0594e-05 6.1774e-05
387607 806 36431.0 1.0632e-05 6.1753e-05
387607 807 35879.0 1.0306e-05 6.1674e-05
387607 808 36391.0 1.0619e-05 6.1664e-05
387607 809 36303.0 1.0573e-05 6.1574e-05
387607 810 36300.0 1.0597e-05 6.1524e-05
387607 811 36186.0 1.0591e-05 6.1348e-05
387607 812 36210.0 1.0633e-05 6.1354e-05
387607 813 36233.0 1.0713e-05 6.1412e-05
387607 814 36180.0 1.0733e-05 6.1327e-05
387607 815 36136.0 1.0617e-05 6.1229e-05
387607 816 36181.0 1.0539e-05 6.1305e-05
387607 817 36213.0 1.0662e-05 6.1378e-05
387607 818 36213.0 1.0636e-05 6.1372e-05
387607 819 36188.0 1.057e-05 6.1346e-05
387607 820 35656.0 1.043e-05 6.1291e-05
387607 821 36152.0 1.0502e-05 6.1269e-05
387607 822 36122.0 1.0557e-05 6.1299e-05
387607 823 36139.0 1.0601e-05 6.1264e-05
387607 824 36125.0 1.0534e-05 6.1209e-05
387607 825 36096.0 1.0679e-05 6.1189e-05
387607 826 36093.0 1.066e-05 6.1153e-05
387607 827 36006.0 1.0667e-05 6.1071e-05
387607 828 35988.0 1.0653e-05 6.0999e-05
387607 829 36001.0 1.0565e-05 6.1022e-05
387607 830 36001.0 1.0635e-05 6.1013e-05
387607 831 35947.0 1.0651e-05 6.0924e-05
387607 832 35761.0 1.0631e-05 6.0883e-05
387607 833 35679.0 1.0521e-05 6.1029e-05
387607 834 35941.0 1.072e-05 6.0931e-05
387607 835 35909.0 1.0643e-05 6.0867e-05
387607 836 35912.0 1.0601e-05 6.0849e-05
387607 837 35907.0 1.0664e-05 6.0855e-05
387607 838 35855.0 1.0698e-05 6.0812e-05
387607 839 35837.0 1.0699e-05 6.077e-05
387607 840 35832.0 1.0754e-05 6.0735e-05
387607 841 35799.0 1.0651e-05 6.0692e-05
387607 842 35756.0 1.0698e-05 6.0594e-05
387607 843 35731.0 1.0652e-05 6.0537e-05
387607 844 35703.0 1.0716e-05 6.0591e-05
387607 845 35192.0 1.0457e-05 6.0545e-05
387607 846 35677.0 1.0741e-05 6.047e-05
387607 847 35681.0 1.0699e-05 6.0473e-05
387607 848 35720.0 1.0742e-05 6.0524e-05
387607 849 35697.0 1.0772e-05 6.0492e-05
387607 850 35669.0 1.0676e-05 6.0444e-05
387607 851 35644.0 1.0727e-05 6.0429e-05
387607 852 35660.0 1.0702e-05 6.0417e-05
387607 853 35603.0 1.0722e-05 6.0354e-05
387607 854 35565.0 1.0772e-05 6.0314e-05
387607 855 35584.0 1.0725e-05 6.0297e-05
387607 856 35572.0 1.0795e-05 6.0271e-05
387607 857 35497.0 1.0687e-05 6.0142e-05
387607 858 34984.0 1.0557e-05 6.0139e-05
387607 859 35514.0 1.0725e-05 6.0175e-05
387607 860 35469.0 1.0748e-05 6.0121e-05
387607 861 35442.0 1.0741e-05 6.0041e-05
387607 862 35458.0 1.0772e-05 6.0071e-05
387607 863 35454.0 1.0678e-05 6.0089e-05
387607 864 35435.0 1.068e-05 6.0037e-05
387607 865 35408.0 1.0623e-05 5.9996e-05
387607 866 35421.0 1.083e-05 6.0025e-05
387607 867 35414.0 1.0749e-05 6.0001e-05
387607 868 35374.0 1.0779e-05 5.9942e-05
387607 869 35365.0 1.0796e-05 5.992e-05
387607 870 35350.0 1.0823e-05 5.9887e-05
387607 871 34803.0 1.0535e-05 5.9803e-05
387607 872 35243.0 1.0789e-05 5.972e-05
387607 873 35247.0 1.0757e-05 5.9727e-05
387607 874 35221.0 1.0727e-05 5.9715e-05
387607 875 35192.0 1.0714e-05 5.9616e-05
387607 876 35149.0 1.0844e-05 5.9561e-05
387607 877 35179.0 1.0866e-05 5.9655e-05
387607 878 35192.0 1.0757e-05 5.9632e-05
387607 879 35175.0 1.082e-05 5.9589e-05
387607 880 35154.0 1.076e-05 5.9572e-05
387607 881 35174.0 1.0735e-05 5.9593e-05
387607 882 35126.0 1.0868e-05 5.9564e-05
387607 883 35121.0 1.0834e-05 5.952e-05
387607 884 34562.0 1.0531e-05 5.9466e-05
387607 885 35087.0 1.0894e-05 5.9468e-05
387607 886 35002.0 1.0859e-05 5.9373e-05
387607 887 35003.0 1.0784e-05 5.9317e-05
387607 888 35012.0 1.0733e-05 5.9341e-05
387607 889 35009.0 1.0863e-05 5.9323e-05
387607 890 34933.0 1.0849e-05 5.9205e-05
387607 891 34927.0 1.0641e-05 5.9198e-05
387607 892 34974.0 1.0764e-05 5.9265e-05
387607 893 34962.0 1.0841e-05 5.9231e-05
387607 894 34924.0 1.0822e-05 5.9177e-05
387607 895 34931.0 1.0818e-05 5.9177e-05
387607 896 34945.0 1.0752e-05 5.9207e-05
387607 897 34422.0 1.0578e-05 5.9202e-05
387607 898 34941.0 1.083e-05 5.9201e-05
387607 899 34868.0 1.0871e-05 5.9114e-05
387607 900 34866.0 1.0754e-05 5.907e-05
387607 901 34887.0 1.0861e-05 5.9128e-05
387607 902 34890.0 1.0868e-05 5.9137e-05
387607 903 34184.0 1.0458e-05 5.9016e-05
387607 904 27386.0 7.897e-06 5.8839e-05
387607 905 34869.0 1.0808e-05 5.9074e-05
387607 906 34837.0 1.0822e-05 5.903e-05
387607 907 34811.0 1.094e-05 5.8985e-05
387607 908 34835.0 1.0807e-05 5.9008e-05
387607 909 34820.0 1.0909e-05 5.9004e-05
387607 910 34286.0 1.0557e-05 5.8916e-05
387607 911 34772.0 1.0818e-05 5.891e-05
387607 912 34748.0 1.0764e-05 5.8886e-05
387607 913 34737.0 1.0866e-05 5.8848e-05
387607 914 34662.0 1.0945e-05 5.8731e-05
387607 915 34667.0 1.0875e-05 5.8736e-05
387607 916 34673.0 1.0823e-05 5.8751e-05
387607 917 34632.0 1.0714e-05 5.8673e-05
387607 918 34597.0 1.0847e-05 5.8608e-05
387607 919 34624.0 1.0937e-05 5.8671e-05
387607 920 34634.0 1.0866e-05 5.8678e-05
387607 921 34589.0 1.0765e-05 5.8621e-05
387607 922 34589.0 1.0772e-05 5.8596e-05
387607 923 34097.0 1.0596e-05 5.8604e-05
387607 924 34589.0 1.0795e-05 5.8585e-05
387607 925 34536.0 1.0781e-05 5.8532e-05
387607 926 34533.0 1.09e-05 5.8517e-05
387607 927 34532.0 1.0788e-05 5.8492e-05
387607 928 34492.0 1.0946e-05 5.8439e-05
387607 929 34458.0 1.0903e-05 5.8366e-05
387607 930 34458.0 1.0908e-05 5.8379e-05
387607 931 10576.0 4.8566e-06 5.7926e-05
387607 932 4274.1 4.8129e-06 5.781e-05
387607 933 34371.0 1.0908e-05 5.8234e-05
387607 934 34411.0 1.0857e-05 5.8298e-05
387607 935 34402.0 1.0937e-05 5.8291e-05
387607 936 34372.0 1.0842e-05 5.8233e-05
387607 937 33869.0 1.0684e-05 5.82e-05
387607 938 34348.0 1.0721e-05 5.822e-05
387607 939 34352.0 1.087e-05 5.8186e-05
387607 940 34323.0 1.0911e-05 5.8147e-05
387607 941 34314.0 1.0813e-05 5.8115e-05
387607 942 34253.0 1.0911e-05 5.8096e-05
387607 943 34219.0 1.0889e-05 5.8008e-05
387607 944 34214.0 1.0983e-05 5.7974e-05
387607 945 34229.0 1.0872e-05 5.7992e-05
387607 946 34211.0 1.0968e-05 5.7975e-05
387607 947 34146.0 1.1022e-05 5.7872e-05
387607 948 34156.0 1.0937e-05 5.7862e-05
387607 949 34195.0 1.0899e-05 5.7923e-05
387607 950 33678.0 1.0734e-05 5.7874e-05
387607 951 34112.0 1.0864e-05 5.7837e-05
387607 952 34135.0 1.0806e-05 5.7829e-05
387607 953 34132.0 1.0898e-05 5.784e-05
387607 954 34100.0 1.0876e-05 5.7817e-05
387607 955 34108.0 1.0917e-05 5.779e-05
387607 956 34101.0 1.0921e-05 5.7768e-05
387607 957 34065.0 1.0914e-05 5.7741e-05
387607 958 34031.0 1.0851e-05 5.7649e-05
387607 959 34020.0 1.0901e-05 5.7639e-05
387607 960 34032.0 1.0931e-05 5.7646e-05
387607 961 33967.0 1.0889e-05 5.7592e-05
387607 962 33945.0 1.0928e-05 5.7505e-05
387607 963 33458.0 1.0696e-05 5.7501e-05
387607 964 33977.0 1.0933e-05 5.7556e-05
387607 965 33947.0 1.0905e-05 5.7502e-05
387607 966 33911.0 1.0947e-05 5.747e-05
387607 967 33940.0 1.1005e-05 5.7494e-05
387607 968 33902.0 1.0904e-05 5.7471e-05
387607 969 33884.0 1.0906e-05 5.742e-05
387607 970 33882.0 1.0948e-05 5.7396e-05
387607 971 33867.0 1.0914e-05 5.7375e-05
387607 972 33844.0 1.0897e-05 5.7324e-05
387607 973 33790.0 1.0937e-05 5.7256e-05
387607 974 33795.0 1.0918e-05 5.7245e-05
387607 975 33791.0 1.092e-05 5.7231e-05
387607 976 33181.0 1.0723e-05 5.713e-05
387607 977 33663.0 1.1069e-05 5.7084e-05
387607 978 33737.0 1.0915e-05 5.714e-05
387607 979 33728.0 1.0984e-05 5.7139e-05
387607 980 33693.0 1.1015e-05 5.7084e-05
387607 981 33661.0 1.0899e-05 5.7058e-05
387607 982 33713.0 1.1042e-05 5.7108e-05
387607 983 33686.0 1.0786e-05 5.7052e-05
387607 984 33643.0 1.1023e-05 5.7016e-05
387607 985 33645.0 1.1077e-05 5.7001e-05
387607 986 33627.0 1.097e-05 5.697e-05
387607 987 33596.0 1.0991e-05 5.6906e-05
387607 988 33557.0 1.1016e-05 5.6851e-05
387607 989 33065.0 1.0716e-05 5.6833e-05
387607 990 33551.0 1.0933e-05 5.6831e-05
387607 991 33467.0 1.0985e-05 5.6724e-05
387607 992 33421.0 1.1038e-05 5.6696e-05
387607 993 33508.0 1.0898e-05 5.677e-05
387607 994 33494.0 1.0994e-05 5.6745e-05
387607 995 33461.0 1.1028e-05 5.6697e-05
387607 996 33468.0 1.0951e-05 5.669e-05
387607 997 33448.0 1.0953e-05 5.6703e-05
387607 998 33303.0 1.0926e-05 5.666e-05
387607 999 33372.0 1.0973e-05 5.6621e-05
387607 1000 33408.0 1.1073e-05 5.6602e-05
387607 1001 33360.0 1.0963e-05 5.656e-05
387607 1002 32851.0 1.0856e-05 5.6456e-05
387607 1003 33304.0 1.1118e-05 5.6438e-05
387607 1004 33328.0 1.1055e-05 5.6464e-05
387607 1005 33061.0 1.0975e-05 5.641e-05
387607 1006 33247.0 1.0946e-05 5.6307e-05
387607 1007 33255.0 1.1074e-05 5.6337e-05
387607 1008 33261.0 1.1116e-05 5.6407e-05
387607 1009 33242.0 1.097e-05 5.6357e-05
387607 1010 33236.0 1.0965e-05 5.6329e-05
387607 1011 33245.0 1.1091e-05 5.6343e-05
387607 1012 33222.0 1.1131e-05 5.6333e-05
387607 1013 33227.0 1.1086e-05 5.6286e-05
387607 1014 33199.0 1.098e-05 5.6243e-05
387607 1015 32706.0 1.0756e-05 5.62e-05
387607 1016 33161.0 1.1077e-05 5.618e-05
387607 1017 33087.0 1.1001e-05 5.6088e-05
387607 1018 33097.0 1.1052e-05 5.6086e-05
387607 1019 33110.0 1.1064e-05 5.6087e-05
387607 1020 33058.0 1.1145e-05 5.6031e-05
387607 1021 32977.0 1.1001e-05 5.5942e-05
387607 1022 33044.0 1.1183e-05 5.5993e-05
387607 1023 33045.0 1.1051e-05 5.6009e-05
387607 1024 33030.0 1.1083e-05 5.5957e-05
387607 1025 33003.0 1.1147e-05 5.5929e-05
387607 1026 33017.0 1.1066e-05 5.596e-05
387607 1027 32853.0 1.0939e-05 5.5934e-05
387607 1028 32742.0 1.1004e-05 5.5892e-05
387607 1029 32981.0 1.1101e-05 5.5873e-05
387607 1030 32960.0 1.1141e-05 5.5843e-05
387607 1031 32931.0 1.1087e-05 5.5786e-05
387607 1032 32887.0 1.1172e-05 5.5727e-05
387607 1033 32881.0 1.1198e-05 5.5727e-05
387607 1034 32879.0 1.1069e-05 5.5701e-05
387607 1035 32825.0 1.1113e-05 5.561e-05
387607 1036 32799.0 1.1106e-05 5.5559e-05
387607 1037 32833.0 1.1193e-05 5.5644e-05
387607 1038 32808.0 1.1053e-05 5.5614e-05
387607 1039 32818.0 1.1105e-05 5.5589e-05
387607 1040 32324.0 1.091e-05 5.5551e-05
387607 1041 32809.0 1.1118e-05 5.5587e-05
387607 1042 32694.0 1.1142e-05 5.556e-05
387607 1043 32778.0 1.1075e-05 5.5542e-05
387607 1044 32774.0 1.1154e-05 5.5523e-05
387607 1045 32753.0 1.113e-05 5.5489e-05
387607 1046 32699.0 1.1063e-05 5.5414e-05
387607 1047 32693.0 1.105e-05 5.538e-05
387607 1048 32688.0 1.113e-05 5.5379e-05
387607 1049 32671.0 1.1202e-05 5.5366e-05
387607 1050 32617.0 1.1234e-05 5.5258e-05
387607 1051 32596.0 1.1151e-05 5.523e-05
387607 1052 32636.0 1.1188e-05 5.5295e-05
387607 1053 32146.0 1.0899e-05 5.5241e-05
387607 1054 32563.0 1.1141e-05 5.519e-05
387607 1055 32600.0 1.1299e-05 5.5225e-05
387607 1056 32606.0 1.1141e-05 5.5239e-05
387607 1057 32586.0 1.1258e-05 5.5204e-05
387607 1058 32560.0 1.1264e-05 5.5181e-05
387607 1059 32558.0 1.1221e-05 5.5159e-05
387607 1060 32536.0 1.1255e-05 5.5131e-05
387607 1061 32530.0 1.1274e-05 5.5115e-05
387607 1062 32455.0 1.1121e-05 5.497e-05
387607 1063 32376.0 1.1201e-05 5.4845e-05
387607 1064 32384.0 1.1165e-05 5.4855e-05
387607 1065 32395.0 1.119e-05 5.4945e-05
387607 1066 31903.0 1.0978e-05 5.4881e-05
387607 1067 32355.0 1.129e-05 5.4818e-05
387607 1068 32382.0 1.123e-05 5.4859e-05
387607 1069 32380.0 1.119e-05 5.488e-05
387607 1070 32351.0 1.1172e-05 5.483e-05
387607 1071 32348.0 1.1059e-05 5.4796e-05
387607 1072 32349.0 1.1275e-05 5.4848e-05
387607 1073 32339.0 1.1206e-05 5.4821e-05
387607 1074 32331.0 1.1213e-05 5.4775e-05
387607 1075 32303.0 1.1047e-05 5.4736e-05
387607 1076 32298.0 1.1221e-05 5.4721e-05
387607 1077 32270.0 1.1194e-05 5.4667e-05
387607 1078 32214.0 1.1194e-05 5.4595e-05
387607 1079 30718.0 1.0557e-05 5.4553e-05
387607 1080 32178.0 1.1157e-05 5.4589e-05
387607 1081 32177.0 1.1236e-05 5.4504e-05
387607 1082 32139.0 1.1265e-05 5.4458e-05
387607 1083 32191.0 1.1146e-05 5.4529e-05
387607 1084 32168.0 1.1224e-05 5.4532e-05
387607 1085 32159.0 1.1316e-05 5.4499e-05
387607 1086 32158.0 1.1188e-05 5.4478e-05
387607 1087 32172.0 1.1239e-05 5.451e-05
387607 1088 32137.0 1.1247e-05 5.4477e-05
387607 1089 32096.0 1.1242e-05 5.4436e-05
387607 1090 32125.0 1.1208e-05 5.4417e-05
387607 1091 32110.0 1.1181e-05 5.4392e-05
387607 1092 31590.0 1.1105e-05 5.4312e-05
387607 1093 32032.0 1.1282e-05 5.4274e-05
387607 1094 32022.0 1.1255e-05 5.4295e-05
387607 1095 32028.0 1.1252e-05 5.4265e-05
387607 1096 31938.0 1.1079e-05 5.415e-05
387607 1097 31962.0 1.1191e-05 5.4151e-05
387607 1098 31998.0 1.1322e-05 5.4231e-05
387607 1099 31968.0 1.1187e-05 5.4186e-05
387607 1100 31954.0 1.1317e-05 5.4136e-05
387607 1101 31957.0 1.1318e-05 5.4142e-05
387607 1102 31955.0 1.1303e-05 5.4158e-05
387607 1103 31914.0 1.1174e-05 5.4112e-05
387607 1104 31930.0 1.1223e-05 5.4088e-05
387607 1105 31458.0 1.1042e-05 5.4054e-05
387607 1106 31893.0 1.1281e-05 5.4048e-05
387607 1107 31856.0 1.1364e-05 5.3979e-05
387607 1108 31840.0 1.1212e-05 5.3936e-05
387607 1109 31827.0 1.1277e-05 5.3936e-05
387607 1110 31812.0 1.1391e-05 5.3906e-05
387607 1111 31749.0 1.1174e-05 5.3789e-05
387607 1112 31770.0 1.1428e-05 5.3837e-05
387607 1113 31781.0 1.1423e-05 5.3873e-05
387607 1114 31762.0 1.1374e-05 5.3822e-05
387607 1115 31747.0 1.1339e-05 5.379e-05
387607 1116 31759.0 1.1365e-05 5.3809e-05
387607 1117 31761.0 1.1267e-05 5.3808e-05
387607 1118 31271.0 1.1091e-05 5.3751e-05
387607 1119 31712.0 1.1303e-05 5.3742e-05
387607 1120 31702.0 1.14e-05 5.3722e-05
387607 1121 31657.0 1.1236e-05 5.3671e-05
387607 1122 31607.0 1.1184e-05 5.3598e-05
387607 1123 31632.0 1.1292e-05 5.3598e-05
387607 1124 31626.0 1.1429e-05 5.3595e-05
387607 1125 31579.0 1.1319e-05 5.3514e-05
387607 1126 31533.0 1.1288e-05 5.3452e-05
387607 1127 31571.0 1.1358e-05 5.3502e-05
387607 1128 31570.0 1.1324e-05 5.3496e-05
387607 1129 31541.0 1.1367e-05 5.3447e-05
387607 1130 31521.0 1.1337e-05 5.3408e-05
387607 1131 31091.0 1.1077e-05 5.345e-05
387607 1132 31534.0 1.1296e-05 5.3444e-05
387607 1133 31511.0 1.138e-05 5.3414e-05
387607 1134 31496.0 1.1289e-05 5.3394e-05
387607 1135 31501.0 1.1423e-05 5.3376e-05
387607 1136 31473.0 1.1417e-05 5.3338e-05
387607 1137 31450.0 1.1275e-05 5.3278e-05
387607 1138 31434.0 1.1238e-05 5.3255e-05
387607 1139 31422.0 1.1299e-05 5.3235e-05
387607 1140 31370.0 1.1364e-05 5.3143e-05
387607 1141 31340.0 1.1377e-05 5.3107e-05
387607 1142 31383.0 1.1473e-05 5.318e-05
387607 1143 31368.0 1.1456e-05 5.3162e-05
387607 1144 30886.0 1.1033e-05 5.3077e-05
387607 1145 31332.0 1.1475e-05 5.3095e-05
387607 1146 31340.0 1.1253e-05 5.3125e-05
387607 1147 31346.0 1.138e-05 5.3107e-05
387607 1148 31332.0 1.1355e-05 5.3082e-05
387607 1149 31308.0 1.1428e-05 5.3057e-05
387607 1150 31267.0 1.1383e-05 5.3029e-05
387607 1151 31252.0 1.1513e-05 5.2965e-05
387607 1152 31227.0 1.1424e-05 5.2923e-05
387607 1153 31218.0 1.1567e-05 5.2919e-05
387607 1154 31203.0 1.1425e-05 5.288e-05
387607 1155 31143.0 1.1441e-05 5.2767e-05
387607 1156 31137.0 1.1385e-05 5.2769e-05
387607 1157 30661.0 1.1009e-05 5.28e-05
387607 1158 31187.0 1.1387e-05 5.2844e-05
387607 1159 31100.0 1.1464e-05 5.2728e-05
387607 1160 31109.0 1.1515e-05 5.2773e-05
387607 1161 31151.0 1.1364e-05 5.2783e-05
387607 1162 31135.0 1.1328e-05 5.2749e-05
387607 1163 31106.0 1.1397e-05 5.2732e-05
387607 1164 31078.0 1.1332e-05 5.2697e-05
387607 1165 31090.0 1.129e-05 5.2669e-05
387607 1166 31033.0 1.1247e-05 5.257e-05
387607 1167 31013.0 1.1409e-05 5.2558e-05
387607 1168 31010.0 1.146e-05 5.256e-05
387607 1169 30542.0 1.1315e-05 5.2494e-05
387607 1170 30935.0 1.1497e-05 5.242e-05
387607 1171 30963.0 1.1392e-05 5.2461e-05
387607 1172 30980.0 1.1356e-05 5.2494e-05
387607 1173 30964.0 1.1439e-05 5.2467e-05
387607 1174 30927.0 1.1381e-05 5.2425e-05
387607 1175 30956.0 1.1451e-05 5.2456e-05
387607 1176 30960.0 1.1468e-05 5.2455e-05
387607 1177 30929.0 1.1418e-05 5.2422e-05
387607 1178 30923.0 1.1458e-05 5.2402e-05
387607 1179 30897.0 1.143e-05 5.2352e-05
387607 1180 30874.0 1.1621e-05 5.2324e-05
387607 1181 30825.0 1.1382e-05 5.2229e-05
387607 1182 30354.0 1.1225e-05 5.222e-05
387607 1183 30819.0 1.1446e-05 5.2229e-05
387607 1184 30777.0 1.1442e-05 5.2153e-05
387607 1185 30739.0 1.1529e-05 5.2095e-05
387607 1186 30776.0 1.1368e-05 5.2145e-05
387607 1187 30775.0 1.1493e-05 5.2151e-05
387607 1188 30746.0 1.1405e-05 5.2094e-05
387607 1189 30735.0 1.1321e-05 5.2071e-05
387607 1190 30767.0 1.1476e-05 5.2139e-05
387607 1191 30752.0 1.1427e-05 5.2109e-05
387607 1192 30738.0 1.1484e-05 5.2088e-05
387607 1193 30726.0 1.1486e-05 5.2066e-05
387607 1194 30718.0 1.1625e-05 5.2057e-05
387607 1195 30229.0 1.1243e-05 5.1963e-05
387607 1196 30651.0 1.146e-05 5.1939e-05
387607 1197 30637.0 1.1466e-05 5.1927e-05
387607 1198 30628.0 1.1558e-05 5.1903e-05
387607 1199 30553.0 1.1491e-05 5.1794e-05
387607 1200 30555.0 1.1651e-05 5.1793e-05
387607 1201 30600.0 1.1571e-05 5.1857e-05
387607 1202 30587.0 1.1476e-05 5.1828e-05
387607 1203 30547.0 1.14e-05 5.1777e-05
387607 1204 30559.0 1.1301e-05 5.1768e-05
387607 1205 30569.0 1.1654e-05 5.1818e-05
387607 1206 30558.0 1.1621e-05 5.1792e-05
387607 1207 30489.0 1.1574e-05 5.1763e-05
387607 1208 30061.0 1.1268e-05 5.1702e-05
387607 1209 30495.0 1.16e-05 5.17e-05
387607 1210 30459.0 1.1617e-05 5.1629e-05
387607 1211 30441.0 1.145e-05 5.1589e-05
387607 1212 30441.0 1.1663e-05 5.1601e-05
387607 1213 30425.0 1.1558e-05 5.1559e-05
387607 1214 30351.0 1.1581e-05 5.1451e-05
387607 1215 30360.0 1.1514e-05 5.1463e-05
387607 1216 30398.0 1.1503e-05 5.1512e-05
387607 1217 30372.0 1.1574e-05 5.1481e-05
387607 1218 30349.0 1.159e-05 5.144e-05
387607 1219 30343.0 1.1486e-05 5.1467e-05
387607 1220 24369.0 8.504e-06 5.1271e-05
387607 1221 22024.0 7.4209e-06 5.1176e-05
387607 1222 29894.0 1.1267e-05 5.1407e-05
387607 1223 30325.0 1.1452e-05 5.1389e-05
387607 1224 30319.0 1.1637e-05 5.1381e-05
387607 1225 30267.0 1.1604e-05 5.1304e-05
387607 1226 30220.0 1.1625e-05 5.1297e-05
387607 1227 30260.0 1.1529e-05 5.1284e-05
387607 1228 30226.0 1.1565e-05 5.1235e-05
387607 1229 30197.0 1.166e-05 5.1173e-05
387607 1230 30218.0 1.1569e-05 5.1207e-05
387607 1231 30220.0 1.1527e-05 5.1214e-05
387607 1232 30183.0 1.1567e-05 5.1158e-05
387607 1233 30158.0 1.158e-05 5.1131e-05
387607 1234 29759.0 1.1291e-05 5.1158e-05
387607 1235 30192.0 1.1589e-05 5.1173e-05
387607 1236 30175.0 1.156e-05 5.1141e-05
387607 1237 30151.0 1.1626e-05 5.113e-05
387607 1238 30157.0 1.1638e-05 5.1114e-05
387607 1239 30129.0 1.1636e-05 5.107e-05
387607 1240 30106.0 1.1599e-05 5.1026e-05
387607 1241 30092.0 1.1574e-05 5.1001e-05
387607 1242 30074.0 1.1486e-05 5.0963e-05
387607 1243 30018.0 1.1488e-05 5.0879e-05
387607 1244 29986.0 1.1692e-05 5.083e-05
387607 1245 30022.0 1.1733e-05 5.0886e-05
387607 1246 30014.0 1.1641e-05 5.0873e-05
387607 1247 29537.0 1.1288e-05 5.0768e-05
387607 1248 29965.0 1.1414e-05 5.0776e-05
387607 1249 30007.0 1.1565e-05 5.0858e-05
387607 1250 29993.0 1.17e-05 5.0844e-05
387607 1251 29942.0 1.1619e-05 5.0812e-05
387607 1252 29975.0 1.1658e-05 5.08e-05
387607 1253 14100.0 4.9303e-06 5.0329e-05
387607 1254 3123.2 4.197e-06 5.02e-05
387607 1255 29920.0 1.1657e-05 5.0714e-05
387607 1256 29894.0 1.1718e-05 5.0674e-05
387607 1257 29873.0 1.1541e-05 5.0636e-05
387607 1258 29810.0 1.1621e-05 5.0527e-05
387607 1259 29805.0 1.1664e-05 5.0529e-05
387607 1260 29823.0 1.1701e-05 5.059e-05
387607 1261 29394.0 1.1311e-05 5.0525e-05
387607 1262 29788.0 1.1731e-05 5.0517e-05
387607 1263 29810.0 1.1661e-05 5.0531e-05
387607 1264 29823.0 1.1725e-05 5.0556e-05
387607 1265 29814.0 1.1578e-05 5.0525e-05
387607 1266 29797.0 1.1706e-05 5.0505e-05
387607 1267 29771.0 1.1658e-05 5.0463e-05
387607 1268 29764.0 1.177e-05 5.045e-05
387607 1269 29708.0 1.1698e-05 5.0356e-05
387607 1270 29698.0 1.1511e-05 5.0333e-05
387607 1271 29692.0 1.1834e-05 5.0345e-05
387607 1272 29675.0 1.1741e-05 5.0301e-05
387607 1273 29592.0 1.1682e-05 5.0227e-05
387607 1274 29197.0 1.1377e-05 5.0241e-05
387607 1275 29674.0 1.1673e-05 5.0309e-05
387607 1276 29657.0 1.1783e-05 5.0277e-05
387607 1277 29635.0 1.1647e-05 5.0238e-05
387607 1278 29659.0 1.1756e-05 5.0276e-05
387607 1279 29659.0 1.1772e-05 5.0272e-05
387607 1280 29629.0 1.1597e-05 5.0235e-05
387607 1281 29631.0 1.1691e-05 5.0219e-05
387607 1282 29602.0 1.1759e-05 5.0183e-05
387607 1283 29580.0 1.1603e-05 5.014e-05
387607 1284 29537.0 1.1698e-05 5.0074e-05
387607 1285 29536.0 1.1683e-05 5.0063e-05
387607 1286 29536.0 1.176e-05 5.0068e-05
387607 1287 29058.0 1.136e-05 4.9972e-05
387607 1288 29457.0 1.1688e-05 4.9929e-05
387607 1289 29492.0 1.1778e-05 4.9992e-05
387607 1290 29483.0 1.1522e-05 4.9978e-05
387607 1291 29464.0 1.1696e-05 4.9946e-05
387607 1292 29442.0 1.1763e-05 4.9921e-05
387607 1293 29480.0 1.1628e-05 4.9965e-05
387607 1294 29468.0 1.1775e-05 4.9954e-05
387607 1295 29453.0 1.1841e-05 4.9938e-05
387607 1296 29416.0 1.1765e-05 4.9908e-05
387607 1297 29422.0 1.1609e-05 4.9871e-05
387607 1298 29399.0 1.1804e-05 4.9845e-05
387607 1299 29375.0 1.1755e-05 4.979e-05
387607 1300 28945.0 1.1501e-05 4.977e-05
387607 1301 29353.0 1.1753e-05 4.9759e-05
387607 1302 29286.0 1.1768e-05 4.9666e-05
387607 1303 29254.0 1.1843e-05 4.964e-05
387607 1304 29316.0 1.1826e-05 4.9706e-05
387607 1305 29299.0 1.1752e-05 4.9665e-05
387607 1306 29257.0 1.1788e-05 4.9605e-05
387607 1307 29263.0 1.1772e-05 4.961e-05
387607 1308 29269.0 1.1843e-05 4.9664e-05
387607 1309 29270.0 1.1796e-05 4.9646e-05
387607 1310 29269.0 1.1764e-05 4.9613e-05
387607 1311 29260.0 1.1911e-05 4.9611e-05
387607 1312 29246.0 1.1888e-05 4.9583e-05
387607 1313 28794.0 1.1561e-05 4.9516e-05
387607 1314 29208.0 1.192e-05 4.952e-05
387607 1315 29185.0 1.1869e-05 4.9479e-05
387607 1316 29159.0 1.1693e-05 4.9429e-05
387607 1317 29087.0 1.1789e-05 4.9331e-05
387607 1318 29077.0 1.1768e-05 4.9331e-05
387607 1319 29125.0 1.1935e-05 4.9385e-05
387607 1320 29111.0 1.1909e-05 4.936e-05
387607 1321 29070.0 1.1869e-05 4.9312e-05
387607 1322 29099.0 1.1866e-05 4.9335e-05
387607 1323 29108.0 1.1879e-05 4.936e-05
387607 1324 29100.0 1.1796e-05 4.9337e-05
387607 1325 29081.0 1.1886e-05 4.9326e-05
387607 1326 28646.0 1.158e-05 4.9263e-05
387607 1327 29042.0 1.1801e-05 4.9254e-05
387607 1328 29012.0 1.1857e-05 4.9184e-05
387607 1329 28998.0 1.1894e-05 4.9167e-05
387607 1330 28985.0 1.1801e-05 4.9139e-05
387607 1331 28970.0 1.1846e-05 4.9118e-05
387607 1332 28916.0 1.1857e-05 4.9034e-05
387607 1333 28939.0 1.194e-05 4.9066e-05
387607 1334 28955.0 1.1805e-05 4.9089e-05
387607 1335 28931.0 1.1838e-05 4.9054e-05
387607 1336 28899.0 1.1876e-05 4.902e-05
387607 1337 28932.0 1.1814e-05 4.9051e-05
387607 1338 28930.0 1.1868e-05 4.905e-05
387607 1339 28502.0 1.1547e-05 4.9012e-05
387607 1340 28908.0 1.1829e-05 4.9012e-05
387607 1341 28883.0 1.1802e-05 4.8968e-05
387607 1342 28860.0 1.1921e-05 4.8947e-05
387607 1343 28830.0 1.194e-05 4.8885e-05
387607 1344 28825.0 1.1912e-05 4.8875e-05
387607 1345 28756.0 1.1713e-05 4.8839e-05
387607 1346 28771.0 1.1798e-05 4.8778e-05
387607 1347 28746.0 1.1902e-05 4.874e-05
387607 1348 28772.0 1.1923e-05 4.8789e-05
387607 1349 28763.0 1.1906e-05 4.8779e-05
387607 1350 28738.0 1.1857e-05 4.8725e-05
387607 1351 28721.0 1.1919e-05 4.8713e-05
387607 1352 28330.0 1.1664e-05 4.8758e-05
387607 1353 28724.0 1.1892e-05 4.8756e-05
387607 1354 28739.0 1.1935e-05 4.8741e-05
387607 1355 28726.0 1.1953e-05 4.8713e-05
387607 1356 28716.0 1.2024e-05 4.87e-05
387607 1357 28673.0 1.1919e-05 4.8647e-05
387607 1358 28667.0 1.1981e-05 4.8612e-05
387607 1359 28656.0 1.1901e-05 4.8585e-05
387607 1360 28629.0 1.1909e-05 4.8556e-05
387607 1361 28561.0 1.1897e-05 4.8465e-05
387607 1362 28552.0 1.1851e-05 4.842e-05
387607 1363 28610.0 1.2e-05 4.8515e-05
387607 1364 28595.0 1.1938e-05 4.8484e-05
387607 1365 28155.0 1.1708e-05 4.8428e-05
387607 1366 28573.0 1.1903e-05 4.845e-05
387607 1367 28571.0 1.1892e-05 4.8474e-05
387607 1368 28562.0 1.1937e-05 4.8458e-05
387607 1369 28563.0 1.2016e-05 4.845e-05
387607 1370 28528.0 1.1966e-05 4.8409e-05
387607 1371 28526.0 1.2087e-05 4.8387e-05
387607 1372 28492.0 1.1805e-05 4.8307e-05
387607 1373 28457.0 1.1858e-05 4.8277e-05
387607 1374 28479.0 1.2133e-05 4.8308e-05
387607 1375 28442.0 1.1873e-05 4.8253e-05
387607 1376 28379.0 1.183e-05 4.8139e-05
387607 1377 27991.0 1.1692e-05 4.8135e-05
387607 1378 28430.0 1.1907e-05 4.8208e-05
387607 1379 28410.0 1.2008e-05 4.819e-05
387607 1380 28383.0 1.1955e-05 4.8139e-05
387607 1381 28404.0 1.2004e-05 4.8172e-05
387607 1382 28416.0 1.1951e-05 4.8189e-05
387607 1383 28387.0 1.1976e-05 4.8171e-05
387607 1384 28400.0 1.1978e-05 4.8156e-05
387607 1385 28370.0 1.1999e-05 4.8115e-05
387607 1386 28344.0 1.1791e-05 4.8089e-05
387607 1387 28326.0 1.1943e-05 4.8037e-05
387607 1388 28321.0 1.2002e-05 4.8033e-05
387607 1389 28316.0 1.2026e-05 4.8028e-05
387607 1390 27873.0 1.175e-05 4.7949e-05
387607 1391 28240.0 1.2075e-05 4.7896e-05
387607 1392 28244.0 1.1896e-05 4.7918e-05
387607 1393 28305.0 1.1948e-05 4.8005e-05
387607 1394 28235.0 1.2081e-05 4.7893e-05
387607 1395 28191.0 1.2038e-05 4.7863e-05
387607 1396 28251.0 1.2072e-05 4.7924e-05
387607 1397 28245.0 1.1989e-05 4.7909e-05
387607 1398 28237.0 1.1992e-05 4.7898e-05
387607 1399 28264.0 1.1973e-05 4.793e-05
387607 1400 28200.0 1.201e-05 4.7826e-05
387607 1401 28195.0 1.1986e-05 4.7819e-05
387607 1402 28207.0 1.2036e-05 4.7837e-05
387607 1403 27765.0 1.1655e-05 4.7769e-05
387607 1404 28161.0 1.2024e-05 4.7764e-05
387607 1405 28159.0 1.2139e-05 4.7769e-05
387607 1406 28182.0 1.2132e-05 4.781e-05
387607 1407 28107.0 1.2028e-05 4.7672e-05
387607 1408 28091.0 1.2116e-05 4.7652e-05
387607 1409 28105.0 1.1964e-05 4.7664e-05
387607 1410 28092.0 1.2037e-05 4.7646e-05
387607 1411 28059.0 1.206e-05 4.7593e-05
387607 1412 28061.0 1.2128e-05 4.7602e-05
387607 1413 28060.0 1.2167e-05 4.7617e-05
387607 1414 28077.0 1.2146e-05 4.7654e-05
387607 1415 28026.0 1.1937e-05 4.7532e-05
387607 1416 27580.0 1.1926e-05 4.7468e-05
387607 1417 27964.0 1.2058e-05 4.7433e-05
387607 1418 28010.0 1.2163e-05 4.752e-05
387607 1419 28006.0 1.1884e-05 4.7494e-05
387607 1420 27975.0 1.2194e-05 4.7455e-05
387607 1421 27940.0 1.2086e-05 4.7421e-05
387607 1422 27952.0 1.2102e-05 4.7428e-05
387607 1423 27938.0 1.2226e-05 4.7399e-05
387607 1424 27900.0 1.2227e-05 4.734e-05
387607 1425 27896.0 1.2049e-05 4.7343e-05
387607 1426 27922.0 1.2075e-05 4.7365e-05
387607 1427 27902.0 1.2108e-05 4.7339e-05
387607 1428 27874.0 1.2172e-05 4.7319e-05
387607 1429 27443.0 1.186e-05 4.7295e-05
387607 1430 27886.0 1.2189e-05 4.7305e-05
387607 1431 27854.0 1.2017e-05 4.7242e-05
387607 1432 27830.0 1.2204e-05 4.7232e-05
387607 1433 27840.0 1.2121e-05 4.7224e-05
387607 1434 27817.0 1.2137e-05 4.7195e-05
387607 1435 27780.0 1.2202e-05 4.7138e-05
387607 1436 27785.0 1.216e-05 4.7139e-05
387607 1437 27779.0 1.2072e-05 4.7146e-05
387607 1438 27729.0 1.2033e-05 4.7093e-05
387607 1439 27737.0 1.2183e-05 4.7063e-05
387607 1440 27723.0 1.1992e-05 4.7085e-05
387607 1441 27768.0 1.2211e-05 4.7109e-05
387607 1442 27341.0 1.1989e-05 4.7055e-05
387607 1443 27730.0 1.2208e-05 4.7045e-05
387607 1444 27734.0 1.2044e-05 4.7052e-05
387607 1445 27706.0 1.2086e-05 4.7035e-05
387607 1446 27699.0 1.208e-05 4.699e-05
387607 1447 27694.0 1.2218e-05 4.699e-05
387607 1448 27685.0 1.2233e-05 4.6977e-05
387607 1449 27663.0 1.2181e-05 4.693e-05
387607 1450 27616.0 1.2223e-05 4.6887e-05
387607 1451 27642.0 1.2127e-05 4.6895e-05
387607 1452 27631.0 1.2141e-05 4.689e-05
387607 1453 27603.0 1.218e-05 4.6834e-05
387607 1454 27582.0 1.2201e-05 4.681e-05
387607 1455 27197.0 1.1923e-05 4.6826e-05
387607 1456 27601.0 1.2156e-05 4.6829e-05
387607 1457 27570.0 1.2365e-05 4.6799e-05
387607 1458 27571.0 1.222e-05 4.678e-05
387607 1459 27568.0 1.2025e-05 4.6765e-05
387607 1460 27547.0 1.2074e-05 4.6736e-05
387607 1461 27526.0 1.2129e-05 4.6703e-05
387607 1462 27520.0 1.2136e-05 4.6692e-05
387607 1463 27515.0 1.2226e-05 4.6689e-05
387607 1464 27477.0 1.2184e-05 4.6621e-05
387607 1465 27445.0 1.2216e-05 4.6587e-05
387607 1466 27477.0 1.2225e-05 4.6621e-05
387607 1467 27464.0 1.2187e-05 4.6601e-05
387607 1468 27026.0 1.194e-05 4.6513e-05
387607 1469 27424.0 1.2164e-05 4.6534e-05
387607 1470 27402.0 1.2046e-05 4.6567e-05
387607 1471 27423.0 1.2079e-05 4.6542e-05
387607 1472 27412.0 1.226e-05 4.6516e-05
387607 1473 27410.0 1.2304e-05 4.6517e-05
387607 1474 27409.0 1.2232e-05 4.6509e-05
387607 1475 27382.0 1.226e-05 4.6471e-05
387607 1476 27348.0 1.2245e-05 4.6438e-05
387607 1477 27364.0 1.2146e-05 4.6434e-05
387607 1478 27350.0 1.2165e-05 4.6419e-05
387607 1479 27316.0 1.2189e-05 4.635e-05
387607 1480 27312.0 1.2191e-05 4.6343e-05
387607 1481 26927.0 1.2024e-05 4.6349e-05
387607 1482 27304.0 1.2246e-05 4.6336e-05
387607 1483 27266.0 1.2083e-05 4.6266e-05
387607 1484 27279.0 1.2215e-05 4.6287e-05
387607 1485 27275.0 1.2261e-05 4.6302e-05
387607 1486 27264.0 1.231e-05 4.6274e-05
387607 1487 27249.0 1.2221e-05 4.624e-05
387607 1488 27250.0 1.2281e-05 4.6247e-05
387607 1489 27245.0 1.2311e-05 4.6238e-05
387607 1490 27216.0 1.2312e-05 4.6182e-05
387607 1491 27203.0 1.2274e-05 4.6165e-05
387607 1492 27200.0 1.2309e-05 4.6163e-05
387607 1493 27178.0 1.2399e-05 4.614e-05
387607 1494 26749.0 1.2074e-05 4.6044e-05
387607 1495 27149.0 1.2257e-05 4.6069e-05
387607 1496 27119.0 1.2258e-05 4.6086e-05
387607 1497 27130.0 1.2369e-05 4.6047e-05
387607 1498 27104.0 1.2134e-05 4.5999e-05
387607 1499 27114.0 1.217e-05 4.602e-05
387607 1500 27122.0 1.2314e-05 4.6029e-05
387607 1501 27077.0 1.2337e-05 4.5983e-05
387607 1502 27087.0 1.2383e-05 4.5973e-05
387607 1503 27091.0 1.2235e-05 4.5972e-05
387607 1504 27075.0 1.2192e-05 4.5946e-05
387607 1505 27051.0 1.2419e-05 4.592e-05
387607 1506 26974.0 1.2206e-05 4.5894e-05
387607 1507 26749.0 1.1999e-05 4.5867e-05
387607 1508 27013.0 1.2474e-05 4.5857e-05
387607 1509 26986.0 1.2248e-05 4.5799e-05
387607 1510 26999.0 1.2331e-05 4.5821e-05
387607 1511 26986.0 1.2243e-05 4.5803e-05
387607 1512 26955.0 1.2345e-05 4.5752e-05
387607 1513 26939.0 1.2294e-05 4.5726e-05
387607 1514 26958.0 1.2284e-05 4.5767e-05
387607 1515 26940.0 1.2295e-05 4.5748e-05
387607 1516 26896.0 1.2236e-05 4.5713e-05
387607 1517 26911.0 1.2372e-05 4.5711e-05
387607 1518 26930.0 1.2466e-05 4.5714e-05
387607 1519 26518.0 1.2137e-05 4.5656e-05
387607 1520 26886.0 1.2341e-05 4.5638e-05
387607 1521 26876.0 1.2404e-05 4.5638e-05
387607 1522 26875.0 1.2392e-05 4.5623e-05
387607 1523 26842.0 1.2371e-05 4.5562e-05
387607 1524 26822.0 1.2284e-05 4.5526e-05
387607 1525 26841.0 1.2308e-05 4.5558e-05
387607 1526 26816.0 1.2392e-05 4.5539e-05
387607 1527 26793.0 1.2371e-05 4.5487e-05
387607 1528 26796.0 1.2321e-05 4.5482e-05
387607 1529 26805.0 1.2391e-05 4.5508e-05
387607 1530 26781.0 1.239e-05 4.5482e-05
387607 1531 26776.0 1.2277e-05 4.5443e-05
387607 1532 26387.0 1.2107e-05 4.5429e-05
387607 1533 26773.0 1.2425e-05 4.5447e-05
387607 1534 26740.0 1.2359e-05 4.5398e-05
387607 1535 26727.0 1.2339e-05 4.5369e-05
387607 1536 26726.0 1.2525e-05 4.5377e-05
387607 1537 26717.0 1.2389e-05 4.5355e-05
387607 1538 26677.0 1.2489e-05 4.5288e-05
387607 1539 26656.0 1.2455e-05 4.5286e-05
387607 1540 26680.0 1.2443e-05 4.5297e-05
387607 1541 26662.0 1.2412e-05 4.5266e-05
387607 1542 26628.0 1.2476e-05 4.5216e-05
387607 1543 26630.0 1.2419e-05 4.5222e-05
387607 1544 26647.0 1.257e-05 4.5245e-05
387607 1545 26244.0 1.2223e-05 4.5191e-05
387607 1546 26605.0 1.2303e-05 4.516e-05
387607 1547 26616.0 1.2505e-05 4.5194e-05
387607 1548 26598.0 1.2461e-05 4.5182e-05
387607 1549 26578.0 1.2441e-05 4.5125e-05
387607 1550 26571.0 1.2469e-05 4.5118e-05
387607 1551 26576.0 1.2549e-05 4.5125e-05
387607 1552 26544.0 1.2434e-05 4.5086e-05
387607 1553 26521.0 1.2346e-05 4.5022e-05
387607 1554 26527.0 1.2436e-05 4.5035e-05
387607 1555 26530.0 1.2505e-05 4.5048e-05
387607 1556 26503.0 1.2306e-05 4.4986e-05
387607 1557 26450.0 1.243e-05 4.4956e-05
387607 1558 26106.0 1.2114e-05 4.4965e-05
387607 1559 26496.0 1.2479e-05 4.4985e-05
387607 1560 26456.0 1.2377e-05 4.4934e-05
387607 1561 26473.0 1.2584e-05 4.4955e-05
387607 1562 26469.0 1.2376e-05 4.4935e-05
387607 1563 26442.0 1.2448e-05 4.4912e-05
387607 1564 26426.0 1.2493e-05 4.4874e-05
387607 1565 26424.0 1.2365e-05 4.4859e-05
387607 1566 26424.0 1.2513e-05 4.4871e-05
387607 1567 26401.0 1.2335e-05 4.482e-05
387607 1568 26374.0 1.2465e-05 4.479e-05
387607 1569 26384.0 1.2391e-05 4.4794e-05
387607 1570 26379.0 1.2529e-05 4.4796e-05
387607 1571 25955.0 1.2371e-05 4.4728e-05
387607 1572 26337.0 1.251e-05 4.4721e-05
387607 1573 26344.0 1.2577e-05 4.4751e-05
387607 1574 26341.0 1.247e-05 4.4726e-05
387607 1575 26308.0 1.2552e-05 4.4688e-05
387607 1576 26308.0 1.2551e-05 4.4682e-05
387607 1577 26314.0 1.2503e-05 4.4685e-05
387607 1578 26293.0 1.2613e-05 4.4657e-05
387607 1579 26279.0 1.2396e-05 4.4613e-05
387607 1580 26276.0 1.2423e-05 4.4619e-05
387607 1581 26269.0 1.2511e-05 4.4613e-05
387607 1582 26242.0 1.236e-05 4.4549e-05
387607 1583 26213.0 1.2554e-05 4.4543e-05
387607 1584 25854.0 1.2236e-05 4.4529e-05
387607 1585 26222.0 1.2549e-05 4.4535e-05
387607 1586 26192.0 1.2571e-05 4.4484e-05
387607 1587 26193.0 1.2567e-05 4.4484e-05
387607 1588 26199.0 1.2418e-05 4.4488e-05
387607 1589 26182.0 1.2551e-05 4.4472e-05
387607 1590 26164.0 1.2533e-05 4.4435e-05
387607 1591 26169.0 1.2622e-05 4.4449e-05
387607 1592 26165.0 1.2626e-05 4.4442e-05
387607 1593 26141.0 1.2528e-05 4.4397e-05
387607 1594 26119.0 1.2625e-05 4.4376e-05
387607 1595 26131.0 1.2672e-05 4.4388e-05
387607 1596 26114.0 1.2447e-05 4.4347e-05
387607 1597 25699.0 1.2302e-05 4.4275e-05
387607 1598 26077.0 1.2669e-05 4.4298e-05
387607 1599 26087.0 1.2615e-05 4.4313e-05
387607 1600 26070.0 1.2521e-05 4.4271e-05
387607 1601 26042.0 1.2522e-05 4.4226e-05
387607 1602 26042.0 1.2556e-05 4.4241e-05
387607 1603 26051.0 1.2447e-05 4.424e-05
387607 1604 26033.0 1.2711e-05 4.4224e-05
387607 1605 26020.0 1.2655e-05 4.42e-05
387607 1606 26023.0 1.2607e-05 4.4204e-05
387607 1607 26013.0 1.2525e-05 4.4186e-05
387607 1608 25986.0 1.2546e-05 4.4138e-05
387607 1609 25976.0 1.2601e-05 4.4131e-05
387607 1610 25609.0 1.2203e-05 4.41e-05
387607 1611 25961.0 1.2567e-05 4.4097e-05
387607 1612 25929.0 1.2508e-05 4.4037e-05
387607 1613 25921.0 1.2566e-05 4.4048e-05
387607 1614 25932.0 1.2593e-05 4.4051e-05
387607 1615 25909.0 1.2538e-05 4.4005e-05
387607 1616 25879.0 1.2622e-05 4.3976e-05
387607 1617 25904.0 1.2525e-05 4.3998e-05
387607 1618 25904.0 1.2566e-05 4.3997e-05
387607 1619 25889.0 1.2444e-05 4.3961e-05
387607 1620 25874.0 1.2683e-05 4.3958e-05
387607 1621 25865.0 1.2497e-05 4.3943e-05
387607 1622 25859.0 1.2659e-05 4.3931e-05
387607 1623 25436.0 1.2258e-05 4.3859e-05
387607 1624 25831.0 1.2565e-05 4.3875e-05
387607 1625 25824.0 1.2675e-05 4.3872e-05
387607 1626 25794.0 1.2627e-05 4.3832e-05
387607 1627 25777.0 1.2713e-05 4.38e-05
387607 1628 25794.0 1.2746e-05 4.3827e-05
387607 1629 25790.0 1.2701e-05 4.3813e-05
387607 1630 25759.0 1.2667e-05 4.3762e-05
387607 1631 25752.0 1.2555e-05 4.3746e-05
387607 1632 25763.0 1.2666e-05 4.3777e-05
387607 1633 25744.0 1.2557e-05 4.3744e-05
387607 1634 25716.0 1.2645e-05 4.3709e-05
387607 1635 25725.0 1.2766e-05 4.3714e-05
387607 1636 25341.0 1.2256e-05 4.3686e-05
387607 1637 25715.0 1.2635e-05 4.3684e-05
387607 1638 25691.0 1.2696e-05 4.3652e-05
387607 1639 19658.0 8.4775e-06 4.3347e-05
387607 1640 25684.0 1.2726e-05 4.3643e-05
387607 1641 25656.0 1.2614e-05 4.3583e-05
387607 1642 25626.0 1.2763e-05 4.3572e-05
387607 1643 25657.0 1.2668e-05 4.3587e-05
387607 1644 25677.0 1.2705e-05 4.3627e-05
387607 1645 25606.0 1.283e-05 4.3522e-05
387607 1646 25604.0 1.2599e-05 4.3506e-05
387607 1647 25618.0 1.2707e-05 4.3529e-05
387607 1648 25595.0 1.2695e-05 4.3504e-05
387607 1649 25214.0 1.2489e-05 4.3453e-05
387607 1650 25583.0 1.2673e-05 4.3468e-05
387607 1651 25583.0 1.2581e-05 4.3462e-05
387607 1652 25563.0 1.2684e-05 4.3431e-05
387607 1653 25538.0 1.2695e-05 4.3411e-05
387607 1654 25560.0 1.2695e-05 4.3422e-05
387607 1655 25542.0 1.2692e-05 4.3401e-05
387607 1656 25517.0 1.2687e-05 4.3359e-05
387607 1657 25512.0 1.2707e-05 4.3345e-05
387607 1658 17421.0 7.2595e-06 4.2964e-05
387607 1659 25493.0 1.2732e-05 4.332e-05
387607 1660 25456.0 1.2723e-05 4.3278e-05
387607 1661 25462.0 1.2727e-05 4.3285e-05
387607 1662 25106.0 1.2394e-05 4.3258e-05
387607 1663 25443.0 1.2778e-05 4.3245e-05
387607 1664 25433.0 1.2712e-05 4.322e-05
387607 1665 25414.0 1.273e-05 4.3243e-05
387607 1666 25435.0 1.2645e-05 4.3221e-05
387607 1667 25411.0 1.2708e-05 4.3188e-05
387607 1668 25408.0 1.2585e-05 4.3171e-05
387607 1669 25408.0 1.2618e-05 4.317e-05
387607 1670 25389.0 1.256e-05 4.3131e-05
387607 1671 25360.0 1.276e-05 4.3108e-05
387607 1672 25361.0 1.2726e-05 4.3108e-05
387607 1673 25362.0 1.2909e-05 4.3113e-05
387607 1674 25275.0 1.2738e-05 4.3049e-05
387607 1675 24952.0 1.2504e-05 4.3005e-05
387607 1676 25327.0 1.2708e-05 4.3047e-05
387607 1677 21378.0 9.9122e-06 4.2833e-05
387607 1678 25299.0 1.2728e-05 4.2993e-05
387607 1679 25295.0 1.2626e-05 4.2981e-05
387607 1680 25301.0 1.2652e-05 4.2994e-05
387607 1681 25268.0 1.2775e-05 4.2982e-05
387607 1682 25270.0 1.2719e-05 4.2943e-05
387607 1683 25270.0 1.275e-05 4.2943e-05
387607 1684 25256.0 1.2824e-05 4.2932e-05
387607 1685 25231.0 1.2901e-05 4.2886e-05
387607 1686 25206.0 1.2603e-05 4.2832e-05
387607 1687 25221.0 1.2813e-05 4.2865e-05
387607 1688 24844.0 1.2592e-05 4.283e-05
387607 1689 25171.0 1.2744e-05 4.2782e-05
387607 1690 17546.0 7.5788e-06 4.2412e-05
387607 1691 2.9607 3.5773e-06 4.2148e-05
387607 1692 12814.0 5.1421e-06 4.2263e-05
387607 1693 25161.0 1.2904e-05 4.2773e-05
387607 1694 25149.0 1.2834e-05 4.2761e-05
387607 1695 25155.0 1.2761e-05 4.2751e-05
387607 1696 25141.0 1.2874e-05 4.2737e-05
387607 1697 25114.0 1.2857e-05 4.2709e-05
387607 1698 25123.0 1.2862e-05 4.2709e-05
387607 1699 25108.0 1.2806e-05 4.2687e-05
387607 1700 25027.0 1.2788e-05 4.2632e-05
387607 1701 25075.0 1.2884e-05 4.2627e-05
387607 1702 24712.0 1.2572e-05 4.2607e-05
387607 1703 25067.0 1.284e-05 4.2607e-05
387607 1704 25030.0 1.2867e-05 4.2561e-05
387607 1705 25029.0 1.2772e-05 4.2548e-05
387607 1706 25041.0 1.2878e-05 4.2569e-05
387607 1707 25020.0 1.2925e-05 4.2546e-05
387607 1708 24973.0 1.2773e-05 4.2506e-05
387607 1709 24990.0 1.2767e-05 4.252e-05
387607 1710 24998.0 1.2813e-05 4.2519e-05
387607 1711 24991.0 1.2906e-05 4.249e-05
387607 1712 24978.0 1.2948e-05 4.2476e-05
387607 1713 24982.0 1.2834e-05 4.2469e-05
387607 1714 24977.0 1.2872e-05 4.2461e-05
387607 1715 24584.0 1.2759e-05 4.2398e-05
387607 1716 24941.0 1.272e-05 4.2393e-05
387607 1717 24934.0 1.2926e-05 4.2421e-05
387607 1718 24923.0 1.2959e-05 4.2376e-05
387607 1719 24891.0 1.2839e-05 4.2325e-05
387607 1720 24910.0 1.281e-05 4.2355e-05
387607 1721 24910.0 1.2813e-05 4.2353e-05
387607 1722 24897.0 1.302e-05 4.2336e-05
387607 1723 24877.0 1.2959e-05 4.2311e-05
387607 1724 24870.0 1.2796e-05 4.2316e-05
387607 1725 24836.0 1.2935e-05 4.2311e-05
387607 1726 24863.0 1.2855e-05 4.227e-05
387607 1727 24858.0 1.2958e-05 4.227e-05
387607 1728 24488.0 1.272e-05 4.2237e-05
387607 1729 24815.0 1.3024e-05 4.2233e-05
387607 1730 24803.0 1.2931e-05 4.219e-05
387607 1731 24807.0 1.2894e-05 4.2187e-05
387607 1732 24808.0 1.3107e-05 4.2197e-05
387607 1733 24772.0 1.3001e-05 4.214e-05
387607 1734 24758.0 1.2986e-05 4.2111e-05
387607 1735 24777.0 1.2959e-05 4.2137e-05
387607 1736 24773.0 1.2987e-05 4.2129e-05
387607 1737 24747.0 1.2913e-05 4.2078e-05
387607 1738 24742.0 1.2974e-05 4.2079e-05
387607 1739 24758.0 1.2819e-05 4.2089e-05
387607 1740 24742.0 1.2942e-05 4.2072e-05
387607 1741 24371.0 1.2517e-05 4.2022e-05
387607 1742 24721.0 1.2866e-05 4.2037e-05
387607 1743 24715.0 1.3019e-05 4.2042e-05
387607 1744 24662.0 1.2951e-05 4.1989e-05
387607 1745 24664.0 1.2968e-05 4.1965e-05
387607 1746 24669.0 1.3063e-05 4.1978e-05
387607 1747 24669.0 1.3002e-05 4.1956e-05
387607 1748 24627.0 1.2913e-05 4.1883e-05
387607 1749 24631.0 1.2971e-05 4.1888e-05
387607 1750 24650.0 1.2962e-05 4.1918e-05
387607 1751 24631.0 1.3003e-05 4.1894e-05
387607 1752 24610.0 1.3021e-05 4.1865e-05
387607 1753 24260.0 1.2716e-05 4.1852e-05
387607 1754 24622.0 1.3065e-05 4.1881e-05
387607 1755 24589.0 1.2892e-05 4.1845e-05
387607 1756 24592.0 1.2983e-05 4.183e-05
387607 1757 24578.0 1.2768e-05 4.18e-05
387607 1758 24580.0 1.2923e-05 4.1799e-05
387607 1759 24546.0 1.3049e-05 4.1757e-05
387607 1760 24542.0 1.3048e-05 4.1744e-05
387607 1761 24535.0 1.3074e-05 4.1741e-05
387607 1762 24525.0 1.2969e-05 4.1708e-05
387607 1763 24490.0 1.3073e-05 4.1659e-05
387607 1764 24498.0 1.2873e-05 4.1661e-05
387607 1765 24511.0 1.3185e-05 4.1701e-05
387607 1766 24139.0 1.2695e-05 4.1637e-05
387607 1767 24478.0 1.2918e-05 4.1632e-05
387607 1768 24489.0 1.3081e-05 4.1659e-05
387607 1769 24480.0 1.3039e-05 4.1648e-05
387607 1770 24463.0 1.3031e-05 4.1618e-05
387607 1771 24455.0 1.3039e-05 4.1603e-05
387607 1772 24416.0 1.311e-05 4.1593e-05
387607 1773 24426.0 1.3044e-05 4.1555e-05
387607 1774 24385.0 1.3047e-05 4.1507e-05
387607 1775 24397.0 1.2997e-05 4.1498e-05
387607 1776 24373.0 1.3102e-05 4.1507e-05
387607 1777 24370.0 1.3017e-05 4.1459e-05
387607 1778 24339.0 1.3043e-05 4.1423e-05
387607 1779 24016.0 1.2875e-05 4.1448e-05
387607 1780 24360.0 1.2999e-05 4.1454e-05
387607 1781 24356.0 1.3007e-05 4.1429e-05
387607 1782 24338.0 1.3238e-05 4.1435e-05
387607 1783 24351.0 1.3173e-05 4.1435e-05
387607 1784 24339.0 1.3111e-05 4.1413e-05
387607 1785 24325.0 1.2991e-05 4.1377e-05
387607 1786 24312.0 1.3043e-05 4.1369e-05
387607 1787 24306.0 1.3102e-05 4.1357e-05
387607 1788 24283.0 1.3147e-05 4.1318e-05
387607 1789 24262.0 1.3238e-05 4.1291e-05
387607 1790 24270.0 1.3128e-05 4.1297e-05
387607 1791 24263.0 1.3127e-05 4.1285e-05
387607 1792 23879.0 1.2849e-05 4.1205e-05
387607 1793 24207.0 1.3234e-05 4.1213e-05
387607 1794 24241.0 1.314e-05 4.1254e-05
387607 1795 24231.0 1.3161e-05 4.1237e-05
387607 1796 24211.0 1.3085e-05 4.1198e-05
387607 1797 24211.0 1.3072e-05 4.1195e-05
387607 1798 24249.0 1.3127e-05 4.1261e-05
387607 1799 24205.0 1.3062e-05 4.1182e-05
387607 1800 24191.0 1.3164e-05 4.1166e-05
387607 1801 24187.0 1.3068e-05 4.1153e-05
387607 1802 24151.0 1.3191e-05 4.1143e-05
387607 1803 24158.0 1.3057e-05 4.11e-05
387607 1804 24145.0 1.3139e-05 4.1083e-05
387607 1805 23796.0 1.2903e-05 4.1068e-05
387607 1806 24137.0 1.3129e-05 4.1068e-05
387607 1807 24091.0 1.3212e-05 4.1005e-05
387607 1808 24078.0 1.3068e-05 4.0995e-05
387607 1809 24129.0 1.3189e-05 4.1077e-05
387607 1810 24089.0 1.3248e-05 4.1004e-05
387607 1811 24071.0 1.3192e-05 4.0968e-05
387607 1812 24078.0 1.3075e-05 4.0971e-05
387607 1813 24079.0 1.3293e-05 4.099e-05
387607 1814 24068.0 1.3216e-05 4.0967e-05
387607 1815 24059.0 1.3264e-05 4.0953e-05
387607 1816 24047.0 1.3054e-05 4.0928e-05
387607 1817 24043.0 1.3226e-05 4.0922e-05
387607 1818 23677.0 1.2838e-05 4.0882e-05
387607 1819 23990.0 1.3017e-05 4.0815e-05
387607 1820 23938.0 1.3219e-05 4.075e-05
387607 1821 23959.0 1.3051e-05 4.0771e-05
387607 1822 23988.0 1.3169e-05 4.0826e-05
387607 1823 23962.0 1.3264e-05 4.0794e-05
387607 1824 23939.0 1.3244e-05 4.076e-05
387607 1825 23958.0 1.334e-05 4.0793e-05
387607 1826 23949.0 1.3226e-05 4.0781e-05
387607 1827 23941.0 1.3069e-05 4.0747e-05
387607 1828 23915.0 1.316e-05 4.073e-05
387607 1829 23942.0 1.328e-05 4.0759e-05
387607 1830 23937.0 1.3174e-05 4.0738e-05
387607 1831 23568.0 1.2978e-05 4.0691e-05
387607 1832 23902.0 1.3123e-05 4.069e-05
387607 1833 23899.0 1.3258e-05 4.0686e-05
387607 1834 23881.0 1.3192e-05 4.0648e-05
387607 1835 23861.0 1.3217e-05 4.0615e-05
387607 1836 23859.0 1.318e-05 4.0617e-05
387607 1837 23850.0 1.3122e-05 4.0599e-05
387607 1838 23825.0 1.3336e-05 4.0568e-05
387607 1839 23811.0 1.3412e-05 4.055e-05
387607 1840 23832.0 1.3287e-05 4.0576e-05
387607 1841 23822.0 1.3184e-05 4.0559e-05
387607 1842 23801.0 1.3395e-05 4.0528e-05
387607 1843 23799.0 1.3231e-05 4.0518e-05
387607 1844 23463.0 1.2946e-05 4.0507e-05
387607 1845 23797.0 1.3302e-05 4.0515e-05
387607 1846 23772.0 1.3352e-05 4.0497e-05
387607 1847 23778.0 1.3247e-05 4.0483e-05
387607 1848 23774.0 1.3296e-05 4.0476e-05
387607 1849 23747.0 1.3352e-05 4.0439e-05
387607 1850 23732.0 1.3247e-05 4.0405e-05
387607 1851 23731.0 1.3254e-05 4.0407e-05
387607 1852 23711.0 1.3306e-05 4.0397e-05
387607 1853 23688.0 1.3424e-05 4.0342e-05
387607 1854 23681.0 1.3311e-05 4.0328e-05
387607 1855 23688.0 1.3168e-05 4.0343e-05
387607 1856 23685.0 1.3362e-05 4.0335e-05
387607 1857 23324.0 1.3168e-05 4.0282e-05
387607 1858 23666.0 1.3234e-05 4.0292e-05
387607 1859 23675.0 1.3316e-05 4.0315e-05
387607 1860 23661.0 1.3301e-05 4.029e-05
387607 1861 23644.0 1.338e-05 4.0268e-05
387607 1862 23647.0 1.3352e-05 4.0271e-05
387607 1863 23641.0 1.3393e-05 4.0261e-05
387607 1864 23616.0 1.3355e-05 4.0222e-05
387607 1865 23611.0 1.3348e-05 4.0207e-05
387607 1866 23588.0 1.3298e-05 4.0188e-05
387607 1867 23586.0 1.3325e-05 4.0167e-05
387607 1868 23550.0 1.3283e-05 4.0106e-05
387607 1869 23554.0 1.3361e-05 4.012e-05
387607 1870 23224.0 1.3093e-05 4.0104e-05
387607 1871 23546.0 1.3388e-05 4.01e-05
387607 1872 23522.0 1.3228e-05 4.0055e-05
387607 1873 23538.0 1.3456e-05 4.0093e-05
387607 1874 23537.0 1.3475e-05 4.0097e-05
387607 1875 23525.0 1.3252e-05 4.0058e-05
387607 1876 23442.0 1.3356e-05 4.0052e-05
387607 1877 23508.0 1.3343e-05 4.0041e-05
387607 1878 23493.0 1.3228e-05 4.0008e-05
387607 1879 23466.0 1.3423e-05 3.9971e-05
387607 1880 23460.0 1.3433e-05 3.9972e-05
387607 1881 23464.0 1.3382e-05 3.9969e-05
387607 1882 23102.0 1.3176e-05 3.9911e-05
387607 1883 23421.0 1.3412e-05 3.9897e-05
387607 1884 23434.0 1.3466e-05 3.9917e-05
387607 1885 23431.0 1.3187e-05 3.9897e-05
387607 1886 23417.0 1.3442e-05 3.9891e-05
387607 1887 23403.0 1.3262e-05 3.9857e-05
387607 1888 23416.0 1.3476e-05 3.9897e-05
387607 1889 23408.0 1.3427e-05 3.9881e-05
387607 1890 23392.0 1.3434e-05 3.9853e-05
387607 1891 23384.0 1.3311e-05 3.9832e-05
387607 1892 23337.0 1.331e-05 3.9825e-05
387607 1893 23363.0 1.3503e-05 3.9804e-05
387607 1894 23340.0 1.345e-05 3.9763e-05
387607 1895 23000.0 1.3251e-05 3.9748e-05
387607 1896 23338.0 1.3374e-05 3.9754e-05
387607 1897 23307.0 1.3441e-05 3.9707e-05
387607 1898 23286.0 1.3364e-05 3.9674e-05
387607 1899 23314.0 1.3347e-05 3.9711e-05
387607 1900 23305.0 1.3441e-05 3.9708e-05
387607 1901 23290.0 1.3401e-05 3.9675e-05
387607 1902 23287.0 1.3522e-05 3.9678e-05
387607 1903 23280.0 1.3497e-05 3.9684e-05
387607 1904 23279.0 1.3388e-05 3.9655e-05
387607 1905 23260.0 1.3414e-05 3.9631e-05
387607 1906 23257.0 1.3554e-05 3.9628e-05
387607 1907 23243.0 1.3329e-05 3.9599e-05
387607 1908 22885.0 1.3031e-05 3.9533e-05
387607 1909 23208.0 1.3578e-05 3.9549e-05
387607 1910 23212.0 1.356e-05 3.9557e-05
387607 1911 23206.0 1.3452e-05 3.9538e-05
387607 1912 23159.0 1.353e-05 3.9475e-05
387607 1913 23160.0 1.3305e-05 3.9456e-05
387607 1914 23184.0 1.3598e-05 3.9512e-05
387607 1915 23170.0 1.3426e-05 3.9476e-05
387607 1916 23148.0 1.3558e-05 3.9457e-05
387607 1917 23152.0 1.3431e-05 3.9454e-05
387607 1918 23155.0 1.3675e-05 3.9477e-05
387607 1919 23144.0 1.3491e-05 3.9438e-05
387607 1920 23132.0 1.3614e-05 3.9426e-05
387607 1921 22767.0 1.3175e-05 3.9386e-05
387607 1922 23122.0 1.3646e-05 3.9411e-05
387607 1923 23087.0 1.331e-05 3.9341e-05
387607 1924 23089.0 1.3544e-05 3.9347e-05
387607 1925 23085.0 1.3538e-05 3.9344e-05
387607 1926 23068.0 1.3448e-05 3.9312e-05
387607 1927 23042.0 1.3534e-05 3.9269e-05
387607 1928 23045.0 1.3569e-05 3.9283e-05
387607 1929 23055.0 1.3471e-05 3.9284e-05
387607 1930 23038.0 1.3591e-05 3.9265e-05
387607 1931 23018.0 1.3514e-05 3.923e-05
387607 1932 23032.0 1.3499e-05 3.9248e-05
387607 1933 23025.0 1.3629e-05 3.925e-05
387607 1934 22677.0 1.3194e-05 3.9194e-05
387607 1935 23004.0 1.3647e-05 3.9215e-05
387607 1936 23002.0 1.3397e-05 3.9193e-05
387607 1937 22993.0 1.3518e-05 3.9185e-05
387607 1938 22970.0 1.3496e-05 3.9147e-05
387607 1939 22960.0 1.3606e-05 3.9148e-05
387607 1940 22958.0 1.3411e-05 3.9119e-05
387607 1941 22924.0 1.3632e-05 3.9097e-05
387607 1942 22909.0 1.3479e-05 3.9041e-05
387607 1943 22903.0 1.3428e-05 3.9062e-05
387607 1944 22924.0 1.3375e-05 3.9062e-05
387607 1945 22903.0 1.3503e-05 3.9038e-05
387607 1946 22878.0 1.3456e-05 3.9019e-05
387607 1947 22579.0 1.3282e-05 3.9025e-05
387607 1948 22902.0 1.3598e-05 3.9041e-05
387607 1949 22885.0 1.3555e-05 3.9013e-05
387607 1950 22880.0 1.3585e-05 3.9001e-05
387607 1951 22876.0 1.3707e-05 3.9002e-05
387607 1952 22858.0 1.3591e-05 3.897e-05
387607 1953 22792.0 1.3639e-05 3.8941e-05
387607 1954 22834.0 1.3539e-05 3.8926e-05
387607 1955 22828.0 1.3567e-05 3.8917e-05
387607 1956 22790.0 1.3628e-05 3.8871e-05
387607 1957 22759.0 1.3675e-05 3.8848e-05
387607 1958 22808.0 1.3751e-05 3.8893e-05
387607 1959 22632.0 1.3384e-05 3.8852e-05
387607 1960 22453.0 1.3314e-05 3.8817e-05
387607 1961 22777.0 1.36e-05 3.883e-05
387607 1962 22784.0 1.3704e-05 3.8855e-05
387607 1963 22773.0 1.3758e-05 3.8838e-05
387607 1964 22629.0 1.3398e-05 3.8793e-05
387607 1965 22619.0 1.3506e-05 3.8784e-05
387607 1966 22610.0 1.3571e-05 3.8778e-05
387607 1967 22588.0 1.3531e-05 3.874e-05
387607 1968 22580.0 1.3469e-05 3.8714e-05
387607 1969 22582.0 1.3471e-05 3.8718e-05
387607 1970 22525.0 1.3504e-05 3.8707e-05
387607 1971 22540.0 1.3728e-05 3.8667e-05
387607 1972 22535.0 1.3607e-05 3.8655e-05
387607 1973 22222.0 1.338e-05 3.8664e-05
387607 1974 22537.0 1.3558e-05 3.8655e-05
387607 1975 22522.0 1.3698e-05 3.8639e-05
387607 1976 22516.0 1.3538e-05 3.863e-05
387607 1977 22535.0 1.3628e-05 3.8648e-05
387607 1978 22515.0 1.3424e-05 3.8608e-05
387607 1979 22494.0 1.3638e-05 3.8607e-05
387607 1980 22508.0 1.3444e-05 3.859e-05
387607 1981 22500.0 1.3464e-05 3.8577e-05
387607 1982 22479.0 1.3588e-05 3.8549e-05
387607 1983 22464.0 1.3525e-05 3.8533e-05
387607 1984 22470.0 1.3563e-05 3.8533e-05
387607 1985 22432.0 1.3677e-05 3.8516e-05
387607 1986 22099.0 1.3347e-05 3.8436e-05
387607 1987 22428.0 1.3713e-05 3.8478e-05
387607 1988 22431.0 1.3606e-05 3.8476e-05
387607 1989 22420.0 1.3633e-05 3.8452e-05
387607 1990 22401.0 1.3604e-05 3.8428e-05
387607 1991 22408.0 1.3596e-05 3.8438e-05
387607 1992 22390.0 1.3561e-05 3.8438e-05
387607 1993 22389.0 1.3421e-05 3.8405e-05
387607 1994 22382.0 1.3668e-05 3.8409e-05
387607 1995 22387.0 1.3507e-05 3.8391e-05
387607 1996 22380.0 1.36e-05 3.8381e-05
387607 1997 22347.0 1.3591e-05 3.8342e-05
387607 1998 22353.0 1.3597e-05 3.8338e-05
387607 1999 22016.0 1.339e-05 3.8309e-05
387607 2000 22323.0 1.3647e-05 3.8295e-05
387607 2001 22270.0 1.3675e-05 3.8261e-05
387607 2002 22307.0 1.3707e-05 3.8288e-05
387607 2003 22290.0 1.3793e-05 3.8293e-05
387607 2004 22294.0 1.3709e-05 3.8251e-05
387607 2005 22286.0 1.3524e-05 3.822e-05
387607 2006 22300.0 1.3661e-05 3.8258e-05
387607 2007 22296.0 1.3782e-05 3.8258e-05
387607 2008 22280.0 1.3692e-05 3.8227e-05
387607 2009 22262.0 1.3752e-05 3.8216e-05
387607 2010 22260.0 1.3728e-05 3.8201e-05
387607 2011 22123.0 1.359e-05 3.8152e-05
387607 2012 22053.0 1.34e-05 3.8102e-05
387607 2013 22213.0 1.3727e-05 3.8134e-05
387607 2014 22203.0 1.3807e-05 3.8131e-05
387607 2015 22180.0 1.3774e-05 3.8084e-05
387607 2016 22170.0 1.3659e-05 3.8053e-05
387607 2017 22200.0 1.3743e-05 3.8103e-05
387607 2018 22187.0 1.3845e-05 3.8097e-05
387607 2019 22143.0 1.3751e-05 3.8059e-05
387607 2020 22171.0 1.3739e-05 3.8055e-05
387607 2021 22173.0 1.3735e-05 3.8063e-05
387607 2022 22167.0 1.3815e-05 3.8056e-05
387607 2023 22156.0 1.3841e-05 3.804e-05
387607 2024 21820.0 1.3616e-05 3.8004e-05
387607 2025 22139.0 1.38e-05 3.8007e-05
387607 2026 22120.0 1.348e-05 3.7939e-05
387607 2027 22090.0 1.3897e-05 3.7959e-05
387607 2028 22103.0 1.3733e-05 3.7941e-05
387607 2029 22087.0 1.3627e-05 3.792e-05
387607 2030 22065.0 1.3679e-05 3.787e-05
387607 2031 22066.0 1.3683e-05 3.7875e-05
387607 2032 22064.0 1.38e-05 3.7902e-05
387607 2033 22062.0 1.3662e-05 3.7864e-05
387607 2034 22040.0 1.3632e-05 3.7831e-05
387607 2035 22046.0 1.3829e-05 3.7858e-05
387607 2036 22054.0 1.3765e-05 3.7858e-05
387607 2037 21714.0 1.3484e-05 3.7817e-05
387607 2038 22032.0 1.3889e-05 3.7832e-05
387607 2039 22029.0 1.3644e-05 3.7811e-05
387607 2040 22029.0 1.371e-05 3.7809e-05
387607 2041 22002.0 1.3599e-05 3.7759e-05
387607 2042 21988.0 1.3766e-05 3.7754e-05
387607 2043 21973.0 1.3873e-05 3.7759e-05
387607 2044 21952.0 1.3754e-05 3.7717e-05
387607 2045 21942.0 1.3843e-05 3.7676e-05
387607 2046 21939.0 1.3752e-05 3.7684e-05
387607 2047 21959.0 1.3646e-05 3.7689e-05
387607 2048 21943.0 1.3711e-05 3.7667e-05
387607 2049 21928.0 1.369e-05 3.7644e-05
387607 2050 21629.0 1.3496e-05 3.7642e-05
387607 2051 21937.0 1.3668e-05 3.7656e-05
387607 2052 21909.0 1.3802e-05 3.7639e-05
387607 2053 21902.0 1.3886e-05 3.7641e-05
387607 2054 21900.0 1.3764e-05 3.7625e-05
387607 2055 21889.0 1.3775e-05 3.7602e-05
387607 2056 21867.0 1.381e-05 3.7569e-05
387607 2057 21860.0 1.3787e-05 3.756e-05
387607 2058 21867.0 1.3734e-05 3.7545e-05
387607 2059 21843.0 1.3807e-05 3.7518e-05
387607 2060 21812.0 1.3703e-05 3.7477e-05
387607 2061 21827.0 1.382e-05 3.7508e-05
387607 2062 21816.0 1.3915e-05 3.7516e-05
387607 2063 21505.0 1.3548e-05 3.7448e-05
387607 2064 21806.0 1.3975e-05 3.7523e-05
387607 2065 21817.0 1.3849e-05 3.7487e-05
387607 2066 21805.0 1.3869e-05 3.7477e-05
387607 2067 21799.0 1.4022e-05 3.7469e-05
387607 2068 21763.0 1.3748e-05 3.7433e-05
387607 2069 21774.0 1.3812e-05 3.7425e-05
387607 2070 21753.0 1.3752e-05 3.7395e-05
387607 2071 21750.0 1.3789e-05 3.7369e-05
387607 2072 21746.0 1.4029e-05 3.739e-05
387607 2073 21749.0 1.3747e-05 3.7355e-05
387607 2074 21708.0 1.41e-05 3.7338e-05
387607 2075 21709.0 1.4081e-05 3.7315e-05
387607 2076 12071.0 5.8265e-06 3.6738e-05
387607 2077 1808.7 3.2361e-06 3.6506e-05
387607 2078 21686.0 1.4047e-05 3.729e-05
387607 2079 21652.0 1.3872e-05 3.7271e-05
387607 2080 21701.0 1.3934e-05 3.7295e-05
387607 2081 21700.0 1.4007e-05 3.7288e-05
387607 2082 21688.0 1.3903e-05 3.7259e-05
387607 2083 21681.0 1.3851e-05 3.7248e-05
387607 2084 21682.0 1.4001e-05 3.7256e-05
387607 2085 21665.0 1.3999e-05 3.7229e-05
387607 2086 21646.0 1.3957e-05 3.7204e-05
387607 2087 21647.0 1.4011e-05 3.7198e-05
387607 2088 21631.0 1.4054e-05 3.7184e-05
387607 2089 21595.0 1.3909e-05 3.7114e-05
387607 2090 6348.1 3.4932e-06 3.6353e-05
387607 2091 4.7141 3.2095e-06 3.6332e-05
387607 2092 2.2882 3.2066e-06 3.6307e-05
387607 2093 2.2921 3.207e-06 3.6285e-05
387607 2094 11662.0 5.6366e-06 3.6491e-05
387607 2095 21498.0 1.3663e-05 3.7083e-05
387607 2096 21580.0 1.3711e-05 3.7067e-05
387607 2097 21571.0 1.3952e-05 3.7071e-05
387607 2098 21561.0 1.3879e-05 3.7058e-05
387607 2099 21563.0 1.3892e-05 3.7045e-05
387607 2100 21537.0 1.405e-05 3.7014e-05
387607 2101 21526.0 1.3825e-05 3.6987e-05
387607 2102 21528.0 1.4007e-05 3.7004e-05
387607 2103 21511.0 1.3984e-05 3.6972e-05
387607 2104 21483.0 1.3822e-05 3.6914e-05
387607 2105 21496.0 1.3942e-05 3.6938e-05
387607 2106 21188.0 1.3747e-05 3.693e-05
387607 2107 21484.0 1.4008e-05 3.6927e-05
387607 2108 21443.0 1.407e-05 3.6902e-05
387607 2109 21460.0 1.4045e-05 3.6923e-05
387607 2110 21477.0 1.394e-05 3.6911e-05
387607 2111 21493.0 1.3957e-05 3.6948e-05
387607 2112 21450.0 1.4173e-05 3.6897e-05
387607 2113 21439.0 1.3949e-05 3.6841e-05
387607 2114 21435.0 1.3995e-05 3.6841e-05
387607 2115 3790.0 3.2122e-06 3.6041e-05
387607 2116 2.2739 3.1894e-06 3.6019e-05
387607 2117 13170.0 6.7482e-06 3.6258e-05
387607 2118 21408.0 1.3935e-05 3.6796e-05
387607 2119 21404.0 1.4178e-05 3.6822e-05
387607 2120 21390.0 1.4125e-05 3.6789e-05
387607 2121 21077.0 1.3718e-05 3.6737e-05
387607 2122 21394.0 1.4017e-05 3.6773e-05
387607 2123 21386.0 1.3937e-05 3.6749e-05
387607 2124 21354.0 1.3995e-05 3.6706e-05
387607 2125 21355.0 1.4016e-05 3.6708e-05
387607 2126 21355.0 1.3973e-05 3.6706e-05
387607 2127 21326.0 1.389e-05 3.6679e-05
387607 2128 4889.4 3.2732e-06 3.5863e-05
387607 2129 2.2086 3.176e-06 3.5849e-05
387607 2130 2.1602 3.1725e-06 3.5845e-05
387607 2131 17865.0 1.076e-05 3.6366e-05
387607 2132 21293.0 1.3909e-05 3.6593e-05
387607 2133 21292.0 1.4091e-05 3.6625e-05
387607 2134 21293.0 1.4102e-05 3.6625e-05
387607 2135 21272.0 1.4129e-05 3.659e-05
387607 2136 20970.0 1.3787e-05 3.6553e-05
387607 2137 21283.0 1.3964e-05 3.6583e-05
387607 2138 21272.0 1.4022e-05 3.6566e-05
387607 2139 21237.0 1.3976e-05 3.654e-05
387607 2140 21231.0 1.4181e-05 3.6552e-05
387607 2141 6052.1 3.4266e-06 3.5753e-05
387607 2142 0.0 0.0 0.0
387607 2143 17769.0 1.0632e-05 3.6198e-05
387607 2144 21212.0 1.4068e-05 3.6482e-05
387607 2145 21196.0 1.4074e-05 3.6478e-05
387607 2146 21176.0 1.4293e-05 3.6454e-05
387607 2147 21172.0 1.3997e-05 3.6415e-05
387607 2148 21217.0 1.4061e-05 3.6495e-05
387607 2149 21177.0 1.4016e-05 3.6429e-05
387607 2150 21134.0 1.4095e-05 3.6402e-05
387607 2151 20864.0 1.379e-05 3.6372e-05
387607 2152 21160.0 1.4025e-05 3.6399e-05
387607 2153 21151.0 1.4061e-05 3.6379e-05
387607 2154 21130.0 1.411e-05 3.6363e-05
387607 2155 21124.0 1.4199e-05 3.6368e-05
387607 2156 21125.0 1.4093e-05 3.635e-05
387607 2157 21101.0 1.4221e-05 3.632e-05
387607 2158 21081.0 1.4335e-05 3.6314e-05
387607 2159 21107.0 1.3945e-05 3.6296e-05
387607 2160 21087.0 1.4065e-05 3.6289e-05
387607 2161 21065.0 1.4079e-05 3.6253e-05
387607 2162 21071.0 1.407e-05 3.6257e-05
387607 2163 21074.0 1.4145e-05 3.6273e-05
387607 2164 20760.0 1.394e-05 3.6226e-05
387607 2165 21037.0 1.4109e-05 3.6222e-05
387607 2166 21046.0 1.4295e-05 3.6244e-05
387607 2167 21039.0 1.4276e-05 3.6238e-05
387607 2168 21028.0 1.4149e-05 3.6197e-05
387607 2169 21008.0 1.4175e-05 3.6185e-05
387607 2170 21017.0 1.4171e-05 3.6192e-05
387607 2171 21005.0 1.4173e-05 3.6173e-05
387607 2172 20996.0 1.4213e-05 3.614e-05
387607 2173 20962.0 1.4196e-05 3.6136e-05
387607 2174 20981.0 1.4311e-05 3.6152e-05
387607 2175 20956.0 1.4354e-05 3.6137e-05
387607 2176 20675.0 1.3726e-05 3.6049e-05
387607 2177 20955.0 1.4286e-05 3.6109e-05
387607 2178 20958.0 1.4166e-05 3.6097e-05
387607 2179 20949.0 1.3991e-05 3.6046e-05
387607 2180 20927.0 1.4209e-05 3.6055e-05
387607 2181 20940.0 1.4097e-05 3.6045e-05
387607 2182 20928.0 1.3972e-05 3.6023e-05
387607 2183 20923.0 1.423e-05 3.6057e-05
387607 2184 20899.0 1.4067e-05 3.5971e-05
387607 2185 20853.0 1.4154e-05 3.5934e-05
387607 2186 20867.0 1.4263e-05 3.5968e-05
387607 2187 20885.0 1.408e-05 3.5976e-05
387607 2188 20893.0 1.428e-05 3.6012e-05
387607 2189 20557.0 1.3863e-05 3.5905e-05
387607 2190 20825.0 1.412e-05 3.5873e-05
387607 2191 20794.0 1.4167e-05 3.5849e-05
387607 2192 20855.0 1.4148e-05 3.5917e-05
387607 2193 20851.0 1.4101e-05 3.5904e-05
387607 2194 20818.0 1.4294e-05 3.5882e-05
387607 2195 20821.0 1.4178e-05 3.5867e-05
387607 2196 20823.0 1.428e-05 3.5892e-05
387607 2197 20812.0 1.4263e-05 3.5865e-05
387607 2198 20800.0 1.4107e-05 3.5824e-05
387607 2199 20793.0 1.4155e-05 3.583e-05
387607 2200 20799.0 1.42e-05 3.5831e-05
387607 2201 20763.0 1.4333e-05 3.5813e-05
387607 2202 20471.0 1.3907e-05 3.5751e-05
387607 2203 20766.0 1.4234e-05 3.5791e-05
387607 2204 20755.0 1.4334e-05 3.5793e-05
387607 2205 20710.0 1.4244e-05 3.5743e-05
387607 2206 20726.0 1.4367e-05 3.5752e-05
387607 2207 20736.0 1.4197e-05 3.5748e-05
387607 2208 20725.0 1.4397e-05 3.5744e-05
387607 2209 20710.0 1.4054e-05 3.5687e-05
387607 2210 20718.0 1.4238e-05 3.5703e-05
387607 2211 20713.0 1.4324e-05 3.5713e-05
387607 2212 20688.0 1.4379e-05 3.5691e-05
387607 2213 20660.0 1.4309e-05 3.5664e-05
387607 2214 20678.0 1.4343e-05 3.5686e-05
387607 2215 20398.0 1.3943e-05 3.5635e-05
387607 2216 20678.0 1.4265e-05 3.5636e-05
387607 2217 20655.0 1.4422e-05 3.5643e-05
387607 2218 20659.0 1.4234e-05 3.5622e-05
387607 2219 20648.0 1.4277e-05 3.5602e-05
387607 2220 20624.0 1.4352e-05 3.5579e-05
387607 2221 20602.0 1.4475e-05 3.5598e-05
387607 2222 20607.0 1.439e-05 3.5583e-05
387607 2223 20569.0 1.4473e-05 3.5568e-05
387607 2224 20589.0 1.422e-05 3.5514e-05
387607 2225 20588.0 1.4422e-05 3.5553e-05
387607 2226 20604.0 1.4238e-05 3.5524e-05
387607 2227 20550.0 1.4502e-05 3.5532e-05
387607 2228 20294.0 1.3996e-05 3.5468e-05
387607 2229 20562.0 1.4435e-05 3.5523e-05
387607 2230 20573.0 1.4258e-05 3.5475e-05
387607 2231 20551.0 1.4311e-05 3.5455e-05
387607 2232 20525.0 1.4376e-05 3.5463e-05
387607 2233 20560.0 1.414e-05 3.5428e-05
387607 2234 20506.0 1.4373e-05 3.5433e-05
387607 2235 20478.0 1.4381e-05 3.5412e-05
387607 2236 20511.0 1.4314e-05 3.5401e-05
387607 2237 20476.0 1.4489e-05 3.5429e-05
387607 2238 20493.0 1.4342e-05 3.5375e-05
387607 2239 20494.0 1.4257e-05 3.5353e-05
387607 2240 20443.0 1.4488e-05 3.5402e-05
387607 2241 20203.0 1.4137e-05 3.5338e-05
387607 2242 20426.0 1.4497e-05 3.5362e-05
387607 2243 20439.0 1.4462e-05 3.5347e-05
387607 2244 20464.0 1.4239e-05 3.532e-05
387607 2245 20426.0 1.4397e-05 3.5321e-05
387607 2246 20407.0 1.4374e-05 3.5291e-05
387607 2247 20388.0 1.4426e-05 3.53e-05
387607 2248 20390.0 1.457e-05 3.5307e-05
387607 2249 20377.0 1.4487e-05 3.5263e-05
387607 2250 20380.0 1.4353e-05 3.5231e-05
387607 2251 20384.0 1.4389e-05 3.5253e-05
387607 2252 20399.0 1.4273e-05 3.5222e-05
387607 2253 20351.0 1.4461e-05 3.5215e-05
387607 2254 20100.0 1.4035e-05 3.5157e-05
387607 2255 20373.0 1.4293e-05 3.5201e-05
387607 2256 20314.0 1.4369e-05 3.5196e-05
387607 2257 20331.0 1.4416e-05 3.5176e-05
387607 2258 20328.0 1.4477e-05 3.5183e-05
387607 2259 20338.0 1.4436e-05 3.5174e-05
387607 2260 20307.0 1.4469e-05 3.5146e-05
387607 2261 20281.0 1.4623e-05 3.5142e-05
387607 2262 20304.0 1.4404e-05 3.5129e-05
387607 2263 20317.0 1.4303e-05 3.5104e-05
387607 2264 20313.0 1.4179e-05 3.5043e-05
387607 2265 20259.0 1.456e-05 3.5096e-05
387607 2266 20299.0 1.4278e-05 3.5071e-05
387607 2267 20010.0 1.4077e-05 3.5025e-05
387607 2268 20249.0 1.4417e-05 3.505e-05
387607 2269 20248.0 1.4223e-05 3.5027e-05
387607 2270 20244.0 1.4485e-05 3.5063e-05
387607 2271 20216.0 1.4574e-05 3.5034e-05
387607 2272 20195.0 1.4689e-05 3.5033e-05
387607 2273 20214.0 1.4514e-05 3.5018e-05
387607 2274 20215.0 1.4355e-05 3.4987e-05
387607 2275 20179.0 1.4647e-05 3.4967e-05
387607 2276 20183.0 1.4362e-05 3.4939e-05
387607 2277 20186.0 1.4503e-05 3.4966e-05
387607 2278 20175.0 1.4464e-05 3.4939e-05
387607 2279 20154.0 1.4503e-05 3.4916e-05
387607 2280 19893.0 1.4231e-05 3.4895e-05
387607 2281 20163.0 1.4624e-05 3.4939e-05
387607 2282 20150.0 1.4575e-05 3.4906e-05
387607 2283 20134.0 1.4608e-05 3.4886e-05
387607 2284 20134.0 1.4615e-05 3.4903e-05
387607 2285 20136.0 1.4571e-05 3.4888e-05
387607 2286 20113.0 1.4453e-05 3.4848e-05
387607 2287 20108.0 1.4591e-05 3.4856e-05
387607 2288 20118.0 1.4491e-05 3.4852e-05
387607 2289 20104.0 1.4536e-05 3.4837e-05
387607 2290 20095.0 1.4449e-05 3.4805e-05
387607 2291 20074.0 1.4651e-05 3.4821e-05
387607 2292 20086.0 1.4561e-05 3.4801e-05
387607 2293 19799.0 1.4195e-05 3.4733e-05
387607 2294 20049.0 1.4406e-05 3.4738e-05
387607 2295 20037.0 1.4568e-05 3.4764e-05
387607 2296 20040.0 1.4611e-05 3.4758e-05
387607 2297 20029.0 1.4488e-05 3.4703e-05
387607 2298 19989.0 1.4636e-05 3.4714e-05
387607 2299 20013.0 1.4581e-05 3.4724e-05
387607 2300 20011.0 1.4608e-05 3.4718e-05
387607 2301 19987.0 1.462e-05 3.4698e-05
387607 2302 19967.0 1.4606e-05 3.4699e-05
387607 2303 19979.0 1.4573e-05 3.4683e-05
387607 2304 19986.0 1.4467e-05 3.4654e-05
387607 2305 19682.0 1.4232e-05 3.4605e-05
387607 2306 19959.0 1.4601e-05 3.4646e-05
387607 2307 19939.0 1.449e-05 3.462e-05
387607 2308 19945.0 1.4482e-05 3.459e-05
387607 2309 19886.0 1.4679e-05 3.4609e-05
387607 2310 19885.0 1.4723e-05 3.4629e-05
387607 2311 19948.0 1.4434e-05 3.4563e-05
387607 2312 19900.0 1.4546e-05 3.455e-05
387607 2313 19837.0 1.4744e-05 3.4587e-05
387607 2314 19939.0 1.4437e-05 3.4543e-05
387607 2315 19837.0 1.4654e-05 3.4561e-05
387607 2316 19832.0 1.4675e-05 3.455e-05
387607 2317 19824.0 1.4684e-05 3.4549e-05
387607 2318 19634.0 1.4139e-05 3.4464e-05
387607 2319 19791.0 1.4677e-05 3.4515e-05
387607 2320 19781.0 1.463e-05 3.4484e-05
387607 2321 19806.0 1.4681e-05 3.45e-05
387607 2322 19834.0 1.4538e-05 3.4467e-05
387607 2323 19753.0 1.4723e-05 3.4459e-05
387607 2324 19797.0 1.4588e-05 3.4431e-05
387607 2325 19760.0 1.4716e-05 3.4475e-05
387607 2326 19744.0 1.4727e-05 3.4459e-05
387607 2327 19731.0 1.4732e-05 3.4442e-05
387607 2328 19706.0 1.4757e-05 3.4444e-05
387607 2329 19804.0 1.4556e-05 3.4395e-05
387607 2330 19748.0 1.4566e-05 3.4384e-05
387607 2331 19618.0 1.4335e-05 3.4321e-05
387607 2332 19852.0 1.4445e-05 3.4343e-05
387607 2333 19869.0 1.4503e-05 3.4346e-05
387607 2334 19763.0 1.4724e-05 3.4362e-05
387607 2335 19841.0 1.449e-05 3.4311e-05
387607 2336 19727.0 1.4828e-05 3.4369e-05
387607 2337 19716.0 1.4794e-05 3.4345e-05
387607 2338 19706.0 1.4773e-05 3.4315e-05
387607 2339 19715.0 1.4769e-05 3.4313e-05
387607 2340 19692.0 1.4865e-05 3.4318e-05
387607 2341 19674.0 1.4827e-05 3.4281e-05
387607 2342 19581.0 1.498e-05 3.43e-05
387607 2343 19714.0 1.4649e-05 3.4251e-05
387607 2344 19513.0 1.4318e-05 3.419e-05
387607 2345 19688.0 1.4651e-05 3.4224e-05
387607 2346 19668.0 1.4707e-05 3.423e-05
387607 2347 19666.0 1.4805e-05 3.425e-05
387607 2348 19588.0 1.4927e-05 3.4259e-05
387607 2349 19674.0 1.464e-05 3.418e-05
387607 2350 19638.0 1.4744e-05 3.4196e-05
387607 2351 19620.0 1.472e-05 3.4187e-05
387607 2352 19529.0 1.4963e-05 3.4214e-05
387607 2353 19469.0 1.5096e-05 3.4213e-05
387607 2354 19575.0 1.4857e-05 3.417e-05
387607 2355 19573.0 1.4846e-05 3.4166e-05
387607 2356 19550.0 1.4866e-05 3.413e-05
387607 2357 19400.0 1.4374e-05 3.4034e-05
387607 2358 19476.0 1.5e-05 3.4169e-05
387607 2359 19552.0 1.4837e-05 3.4117e-05
387607 2360 19464.0 1.4907e-05 3.4111e-05
387607 2361 19415.0 1.5102e-05 3.4148e-05
387607 2362 19442.0 1.4986e-05 3.4126e-05
387607 2363 19463.0 1.4903e-05 3.4086e-05
387607 2364 19431.0 1.4913e-05 3.4059e-05
387607 2365 19448.0 1.4866e-05 3.4052e-05
387607 2366 19427.0 1.4938e-05 3.4068e-05
387607 2367 19442.0 1.4849e-05 3.4015e-05
387607 2368 19461.0 1.4762e-05 3.3982e-05
387607 2369 19401.0 1.4917e-05 3.4042e-05
387607 2370 19236.0 1.4618e-05 3.3966e-05
387607 2371 19439.0 1.478e-05 3.3965e-05
387607 2372 19445.0 1.4793e-05 3.3957e-05
387607 2373 19388.0 1.4907e-05 3.3998e-05
387607 2374 19324.0 1.5034e-05 3.4006e-05
387607 2375 19446.0 1.4685e-05 3.3909e-05
387607 2376 19313.0 1.5013e-05 3.398e-05
387607 2377 19416.0 1.4801e-05 3.3925e-05
387607 2378 19415.0 1.4743e-05 3.389e-05
387607 2379 19286.0 1.5012e-05 3.3934e-05
387607 2380 19304.0 1.4975e-05 3.3932e-05
387607 2381 19410.0 1.4718e-05 3.3861e-05
387607 2382 19243.0 1.5007e-05 3.3888e-05
387607 2383 19153.0 1.4494e-05 3.3786e-05
387607 2384 19209.0 1.5103e-05 3.3914e-05
387607 2385 19377.0 1.4685e-05 3.3807e-05
387607 2386 19259.0 1.4953e-05 3.3839e-05
387607 2387 19296.0 1.4821e-05 3.3822e-05
387607 2388 19252.0 1.4926e-05 3.3842e-05
387607 2389 19240.0 1.4929e-05 3.382e-05
387607 2390 19277.0 1.4732e-05 3.3763e-05
387607 2391 19226.0 1.4935e-05 3.3807e-05
387607 2392 19179.0 1.4998e-05 3.3812e-05
387607 2393 19166.0 1.4976e-05 3.3769e-05
387607 2394 19096.0 1.5105e-05 3.3788e-05
387607 2395 19185.0 1.4883e-05 3.3748e-05
387607 2396 19039.0 1.4564e-05 3.3668e-05
387607 2397 18985.0 1.5282e-05 3.3799e-05
387607 2398 19133.0 1.4995e-05 3.3732e-05
387607 2399 19156.0 1.4918e-05 3.3717e-05
387607 2400 19148.0 1.489e-05 3.3688e-05
387607 2401 19090.0 1.5018e-05 3.3696e-05
387607 2402 19043.0 1.5059e-05 3.3723e-05
387607 2403 19141.0 1.4921e-05 3.3679e-05
387607 2404 19097.0 1.5026e-05 3.3668e-05
387607 2405 19052.0 1.503e-05 3.3662e-05
387607 2406 19009.0 1.5146e-05 3.3697e-05
387607 2407 18958.0 1.5159e-05 3.3692e-05
387607 2408 19042.0 1.4986e-05 3.3625e-05
387607 2409 18880.0 1.4672e-05 3.3554e-05
387607 2410 19050.0 1.4936e-05 3.3605e-05
387607 2411 19029.0 1.4974e-05 3.3589e-05
387607 2412 18936.0 1.5107e-05 3.3601e-05
387607 2413 19012.0 1.4948e-05 3.3574e-05
387607 2414 18887.0 1.5217e-05 3.3636e-05
387607 2415 18926.0 1.5072e-05 3.3569e-05
387607 2416 19042.0 1.4875e-05 3.3502e-05
387607 2417 18969.0 1.4986e-05 3.3548e-05
387607 2418 18970.0 1.4999e-05 3.3536e-05
387607 2419 18880.0 1.5106e-05 3.3532e-05
387607 2420 18877.0 1.5086e-05 3.3525e-05
387607 2421 18888.0 1.5107e-05 3.3534e-05
387607 2422 18755.0 1.4746e-05 3.3434e-05
387607 2423 18804.0 1.5168e-05 3.3501e-05
387607 2424 18786.0 1.5188e-05 3.3512e-05
387607 2425 18868.0 1.5037e-05 3.3467e-05
387607 2426 18753.0 1.5254e-05 3.3489e-05
387607 2427 18916.0 1.4894e-05 3.3389e-05
387607 2428 18910.0 1.4922e-05 3.3416e-05
387607 2429 18761.0 1.5209e-05 3.3465e-05
387607 2430 18795.0 1.5084e-05 3.3414e-05
387607 2431 18635.0 1.5373e-05 3.3473e-05
387607 2432 18576.0 1.5401e-05 3.35e-05
387607 2433 18830.0 1.4962e-05 3.3368e-05
387607 2434 18507.0 1.5025e-05 3.336e-05
387607 2435 18834.0 1.4894e-05 3.3337e-05
387607 2436 18651.0 1.5259e-05 3.3424e-05
387607 2437 18573.0 1.5376e-05 3.3428e-05
387607 2438 18685.0 1.5127e-05 3.3357e-05
387607 2439 18667.0 1.5208e-05 3.3364e-05
387607 2440 18615.0 1.5251e-05 3.3377e-05
387607 2441 18595.0 1.5274e-05 3.3339e-05
387607 2442 18642.0 1.5172e-05 3.3309e-05
387607 2443 18686.0 1.5091e-05 3.3296e-05
387607 2444 18522.0 1.5322e-05 3.3341e-05
387607 2445 18419.0 1.5403e-05 3.3341e-05
387607 2446 18598.0 1.5192e-05 3.3279e-05
387607 2447 18469.0 1.4889e-05 3.3217e-05
387607 2448 18581.0 1.5138e-05 3.3248e-05
387607 2449 18498.0 1.5264e-05 3.3268e-05
387607 2450 18483.0 1.5306e-05 3.3287e-05
387607 2451 18507.0 1.5232e-05 3.3269e-05
387607 2452 18352.0 1.546e-05 3.3304e-05
387607 2453 18596.0 1.507e-05 3.3195e-05
387607 2454 18520.0 1.5184e-05 3.3215e-05
387607 2455 18317.0 1.5468e-05 3.3275e-05
387607 2456 18405.0 1.5281e-05 3.32e-05
387607 2457 18241.0 1.5536e-05 3.327e-05
387607 2458 18392.0 1.5342e-05 3.3202e-05
387607 2459 18354.0 1.5323e-05 3.3184e-05
387607 2460 18342.0 1.4923e-05 3.3092e-05
387607 2461 18253.0 1.5348e-05 3.3117e-05
387607 2462 18184.0 1.5433e-05 3.3121e-05
387607 2463 18454.0 1.5112e-05 3.3102e-05
387607 2464 18525.0 1.5051e-05 3.3073e-05
387607 2465 18236.0 1.5385e-05 3.3151e-05
387607 2466 18042.0 1.5691e-05 3.3227e-05
387607 2467 18439.0 1.5119e-05 3.3081e-05
387607 2468 18151.0 1.5517e-05 3.317e-05
387607 2469 18090.0 1.5559e-05 3.3161e-05
387607 2470 18250.0 1.5325e-05 3.3098e-05
387607 2471 18324.0 1.5211e-05 3.306e-05
387607 2472 18174.0 1.5358e-05 3.3072e-05
387607 2473 18250.0 1.4866e-05 3.2915e-05
387607 2474 18124.0 1.5469e-05 3.3092e-05
387607 2475 18162.0 1.5433e-05 3.3066e-05
387607 2476 18034.0 1.5537e-05 3.3067e-05
387607 2477 18167.0 1.5326e-05 3.3002e-05
387607 2478 18081.0 1.546e-05 3.3057e-05
387607 2479 18106.0 1.5416e-05 3.3029e-05
387607 2480 18182.0 1.5298e-05 3.2975e-05
387607 2481 17989.0 1.5532e-05 3.3044e-05
387607 2482 18051.0 1.5455e-05 3.3023e-05
387607 2483 18060.0 1.5428e-05 3.2988e-05
387607 2484 18178.0 1.5254e-05 3.2926e-05
387607 2485 17927.0 1.5596e-05 3.3023e-05
387607 2486 17950.0 1.5168e-05 3.2901e-05
387607 2487 18028.0 1.5424e-05 3.2935e-05
387607 2488 17923.0 1.553e-05 3.2955e-05
387607 2489 17866.0 1.5643e-05 3.2991e-05
387607 2490 17911.0 1.5551e-05 3.2954e-05
387607 2491 17709.0 1.5753e-05 3.2986e-05
387607 2492 17750.0 1.5731e-05 3.2986e-05
387607 2493 17970.0 1.5426e-05 3.2904e-05
387607 2494 17872.0 1.5525e-05 3.2911e-05
387607 2495 17760.0 1.5646e-05 3.294e-05
387607 2496 17838.0 1.5549e-05 3.2913e-05
387607 2497 17851.0 1.5537e-05 3.2907e-05
387607 2498 17900.0 1.5449e-05 3.2849e-05
387607 2499 17873.0 1.5071e-05 3.2738e-05
387607 2500 17901.0 1.5403e-05 3.2835e-05
387607 2501 17677.0 1.5724e-05 3.2911e-05
387607 2502 17762.0 1.5543e-05 3.2826e-05
387607 2503 17458.0 1.5901e-05 3.2942e-05
